system_id,family,horizon,weighting,n,rmscd,window_end_accuracy,error_area,retracted_area,ct_fixed,ct_onset_discrete,ct_own,ct_own_onset_discrete,own_end_accuracy,ct_own_matched,afa,aaa4,rmscd4_C4
clip__r18mean__seed20260903,clip,10.0,macro,1113,6.9847835030296785,0.3274467709995201,6.83639388349518,0.1483896195344976,0.7917354391173395,0.8118305669867695,1.0674758279890095,1.0866709256598555,0.32242896527356646,1.3398514680267433,,,
clip__r18mean__seed20260904,clip,10.0,macro,1113,7.23415039147636,0.29744220125271975,7.103800285643574,0.13035010583278725,0.7012199450014893,0.7172499819682707,1.2217797906728425,1.2404234547446793,0.3035321338064774,1.5875736945743741,,,
clip__r18mean__seed20260905,clip,10.0,macro,1113,7.139787887685506,0.3021094781885632,7.04752355630425,0.09226433138125611,0.5325310233090772,0.5471137722466872,1.3706059977252079,1.3897270662080736,0.3137876739091079,1.7808970216314748,,,
commit__margin0p1__prefix__gru512__seed20260903,commit,10.0,macro,1113,7.181400467210598,0.2928770802967048,7.181400467210598,0.0,0.37616897186365045,0.40407490013821235,0.37394964421278176,0.4005774527050534,0.289325311112248,0.3998243254326233,,,
commit__margin0p1__prefix__gru512__seed20260904,commit,10.0,macro,1113,7.084151630237131,0.30067700628737487,7.084151630237131,0.0,0.30238991080006067,0.3272209812266275,0.28665696516813916,0.3089479136111282,0.2984676612415477,0.3373208637336111,,,
commit__margin0p1__prefix__gru512__seed20260905,commit,10.0,macro,1113,7.084654308092613,0.2932956018289513,7.084654308092613,0.0,0.06004292690481992,0.0730628920542851,0.067150519679097,0.08180505360866679,0.30032822914256246,0.06004292690481992,,,
commit__margin0p2__prefix__gru512__seed20260903,commit,10.0,macro,1113,7.516212693975919,0.27490038845798154,7.516212693975919,0.0,0.9647733858923532,1.0103370535179623,1.3150150291439036,1.3596569794664541,0.2758742243749853,1.553121421812529,,,
commit__margin0p2__prefix__gru512__seed20260904,commit,10.0,macro,1113,7.356476296526011,0.28281878842353225,7.356476296526011,0.0,0.652941700905594,0.6898485437423962,1.1035248921140741,1.1409279362697387,0.29104111579296404,1.3926172337017255,,,
commit__margin0p2__prefix__gru512__seed20260905,commit,10.0,macro,1113,7.14293003592747,0.29220807298003976,7.14293003592747,0.0,0.22248107338328144,0.24561557161059844,0.25244948508849363,0.2762009797712737,0.2958305587553381,0.2411912131109428,,,
commit__margin0p4__prefix__gru512__seed20260903,commit,10.0,macro,1113,8.298835307251608,0.19264699551561076,8.298835307251608,0.0,1.1695238838513007,1.219443216879625,1.816993039837736,1.8688998440034212,0.20177254222865307,2.1455862848982004,,,
commit__margin0p4__prefix__gru512__seed20260904,commit,10.0,macro,1113,8.109643464559586,0.21464527849480083,8.109643464559586,0.0,1.193113826232083,1.2447082397856055,1.7443489771102139,1.7973966683348088,0.22002592313963512,2.0997781158628506,,,
commit__margin0p4__prefix__gru512__seed20260905,commit,10.0,macro,1113,7.431712947051186,0.27820271516319056,7.431712947051186,0.0,0.7682890462004094,0.807938421998465,1.0736301417317473,1.1132349871900127,0.28034411287474725,1.3063802143432017,,,
commit__margin0p6__prefix__gru512__seed20260903,commit,10.0,macro,1113,8.936574028175867,0.12461114454403649,8.936574028175867,0.0,1.4660444239129777,1.5230793522868766,2.548847347569775,2.606344967818676,0.13101233425201217,3.0998807862206177,,,
commit__margin0p6__prefix__gru512__seed20260904,commit,10.0,macro,1113,8.921314767236998,0.1270312890572941,8.921314767236998,0.0,1.508507543550714,1.5636229200768805,2.6098161687647927,2.670791482888713,0.13528618071094403,3.144498191650099,,,
commit__margin0p6__prefix__gru512__seed20260905,commit,10.0,macro,1113,8.028388151347997,0.2283971850909623,8.028388151347997,0.0,1.3676175655721197,1.4197177308539795,1.6812922363540523,1.73351074069262,0.23061308001016753,2.0585989569927783,,,
commit__msp0p5__prefix__gru512__seed20260903,commit,10.0,macro,1113,7.770670964735059,0.2516773118915333,7.770670964735059,0.0,1.1421136116324804,1.1884188904103672,1.7710754049648765,1.81933183939835,0.2610677928358103,2.131132517587585,,,
commit__msp0p5__prefix__gru512__seed20260904,commit,10.0,macro,1113,7.584504548454562,0.2620425941386344,7.584504548454562,0.0,0.7820503018394176,0.8201668370436659,1.1855407259695234,1.2254778396567187,0.267079349767217,1.4437725061922488,,,
commit__msp0p5__prefix__gru512__seed20260905,commit,10.0,macro,1113,7.268605633868198,0.2822490262034662,7.268605633868198,0.0,0.32275008041016434,0.3443424215460945,0.36481086577616695,0.3877391385235356,0.29024828321134893,0.41311708760751,,,
commit__msp0p6__prefix__gru512__seed20260903,commit,10.0,macro,1113,8.353803881257564,0.18789824560912372,8.353803881257564,0.0,1.2388957469727446,1.2888319986280186,1.9486476577978216,1.999295289667485,0.19713714541627508,2.321559973284386,,,
commit__msp0p6__prefix__gru512__seed20260904,commit,10.0,macro,1113,8.120671428557262,0.21125017419221603,8.120671428557262,0.0,1.1037774116448724,1.1513034113027485,1.7053454905833787,1.7549242456142442,0.21908207335006494,2.0545376008030445,,,
commit__msp0p6__prefix__gru512__seed20260905,commit,10.0,macro,1113,7.377439392956564,0.2781994960027476,7.377439392956564,0.0,0.5730936082733353,0.6100673674370347,0.8417436125008927,0.8797367573173325,0.2838249781223533,0.9898451594180975,,,
commit__msp0p7__prefix__gru512__seed20260903,commit,10.0,macro,1113,8.767843935844553,0.14561961610877394,8.767843935844553,0.0,1.5385296495007517,1.5913710784682182,2.2163961564823698,2.268755179583948,0.1483508632856383,2.7314461127623937,,,
commit__msp0p7__prefix__gru512__seed20260904,commit,10.0,macro,1113,8.729506010158921,0.15034733607570486,8.729506010158921,0.0,1.5496075753455842,1.6061045714145723,2.6149712031158407,2.674873763825168,0.16061557952733613,3.2019739146018877,,,
commit__msp0p7__prefix__gru512__seed20260905,commit,10.0,macro,1113,7.795092379311226,0.2484692584861659,7.795092379311226,0.0,1.1260345278829196,1.172159147458328,1.5888344959557588,1.6351956636951932,0.25313555400472915,1.944319319835789,,,
commit__msp0p8__prefix__gru512__seed20260903,commit,10.0,macro,1113,9.23130971785965,0.09172978950728584,9.23130971785965,0.0,1.6200583663244823,1.6805722914424348,2.430804462851533,2.49308585825447,0.09811681748592653,2.9161781681237477,,,
commit__msp0p8__prefix__gru512__seed20260904,commit,10.0,macro,1113,9.299125868356333,0.08270855375656662,9.299125868356333,0.0,1.525977667236473,1.587390757883932,2.690570595458345,2.7543440243308295,0.0875494446541236,3.1948022120033936,,,
commit__msp0p8__prefix__gru512__seed20260905,commit,10.0,macro,1113,8.286245469948526,0.20616257962014234,8.286245469948526,0.0,1.687363763059697,1.7444008980361227,2.1202229831599086,2.1775235483184456,0.20869582053782498,2.5753606974394803,,,
commit__msp0p9__prefix__gru512__seed20260903,commit,10.0,macro,1113,9.618299533948338,0.04624164154520922,9.618299533948338,0.0,1.7455251739159887,1.810794602773606,2.6990172267210695,2.7655959492695934,0.04726093466545951,3.2843780464651458,,,
commit__msp0p9__prefix__gru512__seed20260904,commit,10.0,macro,1113,9.724737286716218,0.03321802835774158,9.724737286716218,0.0,1.7134542026570792,1.7766255974043048,2.608454709153899,2.6716641593727175,0.034889657640462896,3.206196784248136,,,
commit__msp0p9__prefix__gru512__seed20260905,commit,10.0,macro,1113,8.967384867640387,0.11962037424889753,8.967384867640387,0.0,1.3675647744500516,1.4220234234858615,2.4948359874565913,2.5537314305081953,0.13181087008794926,3.08691694063704,,,
postproc__ema0p2__prefix__gru512__seed20260904,postproc,10.0,macro,1113,7.448901799082908,0.3080040175450842,6.9215111835051735,0.5273906155777284,1.717321672456116,1.7521087639795316,3.823881318918026,3.8620717866151897,0.29486179917400585,4.954731248165607,,,
postproc__ema0p2__prefix__gru512__seed20260905,postproc,10.0,macro,1113,7.514219837577475,0.29851536359420333,7.041561731409531,0.47265810616793946,1.6728568590470934,1.7061159538439308,3.941109000197227,3.980454339537656,0.2984763323061819,5.194441756931802,,,
postproc__ema0p7__prefix__gru512__seed20260903,postproc,10.0,macro,1113,7.900686750253593,0.30823527094456604,7.0054899768994,0.8951967733541744,3.189250395280105,3.24834164671062,6.651312071811861,6.713777272242263,0.29978452230555963,8.518466125106533,,,
postproc__hysteresis0p05__prefix__gru512__seed20260904,postproc,10.0,macro,1113,7.533788539412088,0.31705997719610884,6.907691758056199,0.6260967813558806,2.221624809294275,2.2676482465564263,4.883450686871794,4.9325534943516365,0.2987585290378978,6.364027815650576,,,
postproc__hysteresis0p05__prefix__gru512__seed20260905,postproc,10.0,macro,1113,7.681488876704814,0.29477803657529367,7.048590413923961,0.6328984627808496,2.1347222804267982,2.179831710189971,4.9278702934488905,4.980879382025339,0.29436982811172824,6.461177685186629,,,
postproc__hysteresis0p2__prefix__gru512__seed20260903,postproc,10.0,macro,1113,7.354530110103276,0.3079829733161954,6.9986906195262755,0.3558394905769957,1.4103371968530012,1.4450551743985292,3.4167966409535526,3.4551123937339465,0.3003165345771224,4.4348303140597904,,,
postproc__majority2__prefix__gru512__seed20260903,postproc,10.0,macro,1113,7.952688368785606,0.3052842867994487,7.012957196633581,0.9397311721520047,3.293753659324874,3.354954129512808,6.935232665816328,7.000622219961644,0.29979565594904445,8.877607349797772,,,
postproc__majority2__prefix__gru512__seed20260904,postproc,10.0,macro,1113,7.7582547060365785,0.31141199848944096,6.915411948307392,0.8428427577291779,2.801352212382856,2.8554705899850217,5.90335595120815,5.959601790129788,0.29591642100722504,7.673481981492984,,,
postproc__majority9__prefix__gru512__seed20260905,postproc,10.0,macro,1113,7.5649211604986455,0.29708858142878347,7.053993587697551,0.5109275728010956,1.8035259793884668,1.8384517133022766,4.423373827733794,4.465727261194766,0.2972028332847196,5.8428361882654345,,,
postproc__patience2__prefix__gru512__seed20260903,postproc,10.0,macro,1113,7.86703196124861,0.3034661973696254,7.009439997269652,0.8575919639789473,2.9713158920516327,3.029021172667281,6.500394431620915,6.561192693437103,0.3003624559721671,8.361740872773685,,,
postproc__patience2__prefix__gru512__seed20260904,postproc,10.0,macro,1113,7.647596374611875,0.3130628804158698,6.912915648596145,0.7346807260157265,2.4858430285211757,2.5339583378533495,5.469330795667518,5.521807695321615,0.2955426486902343,7.160887683112964,,,
postproc__patience6__prefix__gru512__seed20260905,postproc,10.0,macro,1113,7.526967164182951,0.2912882608190649,7.050737557719929,0.4762296064630218,1.5100154435911517,1.5426387954688678,4.109716426100805,4.150855519390377,0.30075237827667956,5.411283211664356,,,
prefix__gru128__seed20260903,prefix,10.0,macro,1113,7.9303701596630365,0.28701156605823663,7.083109395110472,0.8472607645525589,2.7890368016840004,2.8419277095323165,5.838036440940526,5.894005916977607,0.2957506684598407,7.773088404254717,,,
prefix__gru128__seed20260904,prefix,10.0,macro,1113,7.920186555548413,0.2921509117151755,7.032643848677922,0.8875427068704734,2.8810304501830175,2.9337304889159426,6.549258222895735,6.607899194169559,0.29924444473585965,8.459298147900125,,,
prefix__gru128__seed20260905,prefix,10.0,macro,1113,7.767197141395849,0.3225264460797274,6.788186790785714,0.9790103506101293,3.0771479804411577,3.133748231216164,5.627734235166661,5.683681655438235,0.31266618641741106,7.382602712576498,,,
prefix__gru512__seed20260903,prefix,10.0,macro,1113,7.952688368785606,0.3052842867994487,7.012957196633581,0.9397311721520047,3.293753659324874,3.354954129512808,6.935232665816328,7.000622219961644,0.29979565594904445,8.877607349797772,,,
prefix__gru512__seed20260904,prefix,10.0,macro,1113,7.7582547060365785,0.31141199848944096,6.915411948307392,0.8428427577291779,2.801352212382856,2.8554705899850217,5.90335595120815,5.959601790129788,0.29591642100722504,7.673481981492984,,,
prefix__gru512__seed20260905,prefix,10.0,macro,1113,7.742874952963771,0.29561321423653797,7.050143242011241,0.6927317109525312,2.3646003008844736,2.413043773561713,5.37880646631367,5.432858245390631,0.2962071443734749,7.055846236554391,,,
r2__clipb16__gru128__ringel__seed20260903,commit,10.0,macro,1113,9.955339135730393,0.35728691415719427,9.955339135730393,0.0,9.874999999999893,9.999999999999904,9.87500000000003,10.000000000000076,0.2632350756374485,9.874999999999893,,,
r2__clipb16__gru128__ringel__seed20260904,commit,10.0,macro,1113,9.95615336680223,0.35077306558244103,9.95615336680223,0.0,9.874999999999908,9.999999999999925,9.87500000000004,10.000000000000078,0.25899585993766217,9.874999999999908,,,
r2__clipb16__gru128__ringel__seed20260905,commit,10.0,macro,1113,9.958960942187257,0.32831246250223994,9.958960942187257,0.0,9.874999999999906,9.999999999999929,9.87500000000004,10.000000000000085,0.24103204231430037,9.874999999999906,,,
r2__clipb16__gru128__seed20260903,prefix,10.0,macro,1113,7.049817396731035,0.35728691415719427,6.447891008191289,0.6019263885397422,1.7428193242728331,1.7770133776283588,3.7318478094816174,3.773907436291963,0.34137245343280814,4.776331987750449,,,
r2__clipb16__gru128__seed20260904,prefix,10.0,macro,1113,7.150619330917069,0.35077306558244103,6.477318883927574,0.6733004469894981,1.8768544433373882,1.9110381013526323,4.514496621546454,4.556264312119719,0.36123537071672396,5.787608929440429,,,
r2__clipb16__gru128__seed20260905,prefix,10.0,macro,1113,7.298567658521797,0.32831246250223994,6.609917131907474,0.688650526614324,1.7717642489438803,1.8073820589135579,4.0989402810551905,4.141166707987509,0.3358521701361068,5.288939281573826,,,
r2__clipb16__gru128__teaser__seed20260903,commit,10.0,macro,1113,6.606296718675513,0.3427024011172464,6.606296718675513,0.0,0.09722934458393757,0.10583021929317629,0.21427959377372072,0.22452198525370543,0.33897007896398734,0.2537852961471116,,,
r2__clipb16__gru128__teaser__seed20260904,commit,10.0,macro,1113,6.576407177219078,0.35522102416095674,6.576407177219078,0.0,0.3620771578272062,0.487077157827206,0.413712198722156,0.5387121987221567,0.35520974030458136,0.4089562621798573,,,
r2__clipb16__gru128__teaser__seed20260905,commit,10.0,macro,1113,7.108792292918977,0.3046860048707928,7.108792292918977,0.0,0.510861474234603,0.6358614742346022,0.4965249973264726,0.6215249973264725,0.3090908634097631,0.5718781704921373,,,
r2__clipb16__gru512__ema__seed20260903,postproc,10.0,macro,1113,6.800999811212234,0.33992585065149056,6.58236299837611,0.21863681283612174,0.589123531921239,0.6051706019221371,1.6618417364762894,1.6843493563629044,0.34794324780089525,2.208912187722794,,,
r2__clipb16__gru512__ema__seed20260904,postproc,10.0,macro,1113,7.062419450248297,0.33931027336485525,6.593212004987749,0.46920744526054403,1.3424945239044632,1.3719615677975063,3.1205055136331765,3.15605604154893,0.3337198071364058,4.064234950329305,,,
r2__clipb16__gru512__ema__seed20260905,postproc,10.0,macro,1113,6.929100951685012,0.33522456630371783,6.556626735948195,0.37247421573681794,0.8392780333028624,0.8602580709162655,2.4430371509470685,2.4719488674737633,0.33738279110758773,3.2181192443370863,,,
r2__clipb16__gru512__hysteresis__seed20260903,postproc,10.0,macro,1113,6.783460061703586,0.33992585065149056,6.593247110442358,0.19021295126122567,0.5375247803845926,0.5529649156485908,1.63004246580796,1.6520788304132414,0.34833928740485565,2.1619204688022067,,,
r2__clipb16__gru512__hysteresis__seed20260904,postproc,10.0,macro,1113,6.893675886670217,0.34238122092217227,6.611077327840939,0.2825985588292764,0.9272941285646823,0.9511644757936717,2.010427415231408,2.038553150343737,0.3316122322127848,2.5797060284415547,,,
r2__clipb16__gru512__hysteresis__seed20260905,postproc,10.0,macro,1113,6.804485305589328,0.3413160359346422,6.5566814465083025,0.24780385908102945,0.6376660983412611,0.6549811543825073,1.403363384629279,1.4248857091209803,0.34056283938825116,1.8037095736872437,,,
r2__clipb16__gru512__majority__seed20260903,postproc,10.0,macro,1113,6.797758005459808,0.33724707056268466,6.578292471579757,0.21946553388005233,0.5047596434348044,0.5193101016995441,1.6579568302715308,1.6806273386478432,0.3508176057034264,2.1883634179621283,,,
r2__clipb16__gru512__majority__seed20260904,postproc,10.0,macro,1113,7.139742348628055,0.3411345513549378,6.607814466558654,0.5319278820693961,1.6154560128506172,1.6485119575027807,3.5810712104849824,3.6199908084251864,0.33753529063215093,4.702798275067718,,,
r2__clipb16__gru512__majority__seed20260905,postproc,10.0,macro,1113,6.9322860176564856,0.33522456630371783,6.560748069604806,0.371537948051677,0.8487793237559738,0.8693563811122322,2.7038573616893955,2.7341859635075765,0.34084138906822414,3.5702509746458406,,,
r2__clipb16__gru512__margin0p1__seed20260903,commit,10.0,macro,1113,6.558624014393164,0.34587501533327775,6.558624014393164,0.0,0.05023250294387085,0.05637056603636938,0.043773448886595186,0.049818806203235304,0.3563634513749201,0.05023250294387085,,,
r2__clipb16__gru512__margin0p1__seed20260904,commit,10.0,macro,1113,6.799754410529295,0.3406151854402442,6.799754410529295,0.0,0.6045128747434007,0.6380039801435489,0.6130404941651586,0.6478421502672049,0.33563850094023556,0.6867785572126859,,,
r2__clipb16__gru512__margin0p1__seed20260905,commit,10.0,macro,1113,6.512274331330098,0.35069831508593985,6.512274331330098,0.0,0.05491181839516776,0.06279664424099791,0.04447971067457248,0.051027153483000756,0.3552986560023261,0.05491181839516776,,,
r2__clipb16__gru512__margin0p2__seed20260903,commit,10.0,macro,1113,6.573921066473682,0.347001342015728,6.573921066473682,0.0,0.12661186373442943,0.13567409722307386,0.12094740721893384,0.12958136746877724,0.35639979053581805,0.12661186373442943,,,
r2__clipb16__gru512__margin0p2__seed20260904,commit,10.0,macro,1113,7.625233997698039,0.2632412156312654,7.625233997698039,0.0,0.9787454954303555,1.0155354864384418,1.6064537556941445,1.6480063521806976,0.260816950728444,1.9270646496964299,,,
r2__clipb16__gru512__margin0p2__seed20260905,commit,10.0,macro,1113,6.568477987629618,0.34796028378318394,6.568477987629618,0.0,0.13817906152591344,0.14957717546616686,0.1451837701474829,0.15644974916120757,0.35225279811087723,0.13817906152591344,,,
r2__clipb16__gru512__margin0p4__seed20260903,commit,10.0,macro,1113,6.669976381512159,0.3474965358683143,6.669976381512159,0.0,0.41710269091783414,0.43423013629389534,0.44462459248148334,0.4629828042672527,0.3529809444495287,0.5205304239374846,,,
r2__clipb16__gru512__margin0p4__seed20260904,commit,10.0,macro,1113,8.58977821786737,0.15861512658829566,8.58977821786737,0.0,1.1091595583248026,1.1457250121039355,1.8523659143284235,1.8905972544610412,0.15108917358489965,2.2146601194607283,,,
r2__clipb16__gru512__margin0p4__seed20260905,commit,10.0,macro,1113,6.850178056935351,0.33271331601642723,6.850178056935351,0.0,0.5329249193346517,0.5549835356431042,0.6697437139781038,0.6919436242604943,0.3409463634210811,0.8255964745298685,,,
r2__clipb16__gru512__margin0p6__seed20260903,commit,10.0,macro,1113,6.924023040012522,0.3257872161336219,6.924023040012522,0.0,0.5583251654482846,0.5829788120346656,0.8112950665917992,0.8384959600916151,0.3350099645904669,0.9705158894717186,,,
r2__clipb16__gru512__margin0p6__seed20260904,commit,10.0,macro,1113,9.373474362053107,0.07219932819298501,9.373474362053107,0.0,1.3222788407076822,1.3812050838184105,2.374121862053932,2.43608664885287,0.06991126004684578,2.6613437068448476,,,
r2__clipb16__gru512__margin0p6__seed20260905,commit,10.0,macro,1113,7.317801664091206,0.29367644968463597,7.317801664091206,0.0,0.866825246664954,0.895608627395487,1.4489306033301235,1.481706535521996,0.3106404122836245,1.8201067443441425,,,
r2__clipb16__gru512__msp0p5__seed20260903,commit,10.0,macro,1113,6.5849215752309425,0.34433654853342827,6.5849215752309425,0.0,0.08214945722637483,0.08928374363471295,0.07998006360126941,0.08713994527535548,0.3541503320103792,0.08214945722637483,,,
r2__clipb16__gru512__msp0p5__seed20260904,commit,10.0,macro,1113,8.129906905917325,0.21207864338309237,8.129906905917325,0.0,1.1820772509158988,1.222482865102191,2.042654402214829,2.087826823101733,0.21470316102327472,2.4473906364588243,,,
r2__clipb16__gru512__msp0p5__seed20260905,commit,10.0,macro,1113,6.551948306495335,0.3486381611829894,6.551948306495335,0.0,0.1099418325153053,0.11982672342539118,0.12195400376557475,0.131560444667742,0.356155692602007,0.1270021397450284,,,
r2__clipb16__gru512__msp0p6__seed20260903,commit,10.0,macro,1113,6.675354677073899,0.3419931733674766,6.675354677073899,0.0,0.2786207976329322,0.29159639414398975,0.31662279559059797,0.3324386100267409,0.3524702575469671,0.3315856514468707,,,
r2__clipb16__gru512__msp0p6__seed20260904,commit,10.0,macro,1113,8.734399267068783,0.14061276331843262,8.734399267068783,0.0,0.9993893650666829,1.035832977889747,1.867580196506204,1.9079176694084612,0.13815901492156965,2.2601512921295797,,,
r2__clipb16__gru512__msp0p6__seed20260905,commit,10.0,macro,1113,6.741269826521464,0.34215500481507716,6.741269826521464,0.0,0.4758658280045561,0.49570065030601734,0.4293222561740589,0.4479037575240923,0.34456454360500005,0.5102591937261585,,,
r2__clipb16__gru512__msp0p7__seed20260903,commit,10.0,macro,1113,6.780793361115113,0.33619149303239726,6.780793361115113,0.0,0.4244851353967402,0.4427568479530492,0.5405070445086911,0.5610534813821224,0.341872552641314,0.6393394862467799,,,
r2__clipb16__gru512__msp0p7__seed20260904,commit,10.0,macro,1113,9.23374659777624,0.08430085211554593,9.23374659777624,0.0,0.9104904280972846,0.9631708776299103,1.807922550703306,1.8656657463324176,0.08274141337356578,2.0716572804116247,,,
r2__clipb16__gru512__msp0p7__seed20260905,commit,10.0,macro,1113,7.052400938834429,0.3158090280023558,7.052400938834429,0.0,0.666514254482991,0.6922021927594263,0.9479798933208187,0.9751170772384116,0.3272043005375047,1.1930702327415124,,,
r2__clipb16__gru512__msp0p8__seed20260903,commit,10.0,macro,1113,7.065358925761762,0.3169052817794619,7.065358925761762,0.0,0.7396902387998491,0.7694915127250899,1.0289063695177132,1.0613474996661214,0.3291268720795351,1.2309970645207278,,,
r2__clipb16__gru512__msp0p8__seed20260904,commit,10.0,macro,1113,9.738420918991075,0.030162926842012945,9.738420918991075,0.0,1.327795131450526,1.3867798526566195,3.7888060762408,3.8572773420433935,0.032443724477742936,4.388071642212261,,,
r2__clipb16__gru512__msp0p8__seed20260905,commit,10.0,macro,1113,7.477925921745365,0.2770593610391776,7.477925921745365,0.0,0.8969902016846516,0.9294910677519234,1.4504036394913031,1.4848767815447865,0.2882423818558982,1.8166584338970162,,,
r2__clipb16__gru512__msp0p9__seed20260903,commit,10.0,macro,1113,7.469553332474603,0.27376468371861484,7.469553332474603,0.0,0.7568549998718255,0.7865041356365381,1.4149234658999268,1.4513823837933093,0.28714677671283334,1.6538270870162708,,,
r2__clipb16__gru512__msp0p9__seed20260904,commit,10.0,macro,1113,9.981515580736641,0.0022662889518413596,9.981515580736641,0.0,1.84375,1.9375,1.5499999999999998,1.6499999999999997,0.0020080321285140565,1.84375,,,
r2__clipb16__gru512__msp0p9__seed20260905,commit,10.0,macro,1113,7.983371245451707,0.22132904040825416,7.983371245451707,0.0,0.8885487831669402,0.9256657281712491,1.4665072650144455,1.5080702680637772,0.22813177545951444,1.7495094928602777,,,
r2__clipb16__gru512__patience__seed20260903,postproc,10.0,macro,1113,6.799136720569569,0.33724707056268466,6.5799697180427685,0.21916700252680357,0.5088477889818132,0.5233982472465528,1.6373983909586576,1.6599258027446144,0.3508176057034264,2.1582004952055733,,,
r2__clipb16__gru512__patience__seed20260904,postproc,10.0,macro,1113,7.166163637415382,0.3365930464620759,6.596206947919765,0.5699566894956078,1.5808232155386772,1.6139423758356453,3.8334475290537338,3.8736974461565197,0.3432608317056037,4.999428866878768,,,
r2__clipb16__gru512__patience__seed20260905,postproc,10.0,macro,1113,6.93350187232822,0.3357387051211986,6.5597891628874745,0.37371270944074475,0.8664146227501467,0.887343010586433,2.4905835568862273,2.519968882347353,0.34119533637288946,3.3123394459075723,,,
r2__clipb16__gru512__ringel__seed20260903,commit,10.0,macro,1113,9.957644357550528,0.33884513959604945,9.957644357550528,0.0,9.874999999999913,9.999999999999922,9.875000000000044,10.000000000000082,0.2489528773390955,9.874999999999913,,,
r2__clipb16__gru512__ringel__seed20260904,commit,10.0,macro,1113,9.95911415273838,0.3270867780933243,9.95911415273838,0.0,9.874999999999918,9.999999999999936,9.875000000000039,10.000000000000082,0.2397525652378834,9.874999999999918,,,
r2__clipb16__gru512__ringel__seed20260905,commit,10.0,macro,1113,9.95809692921207,0.33522456630371783,9.95809692921207,0.0,9.874999999999899,9.999999999999918,9.87500000000004,10.000000000000085,0.24610850926037736,9.874999999999899,,,
r2__clipb16__gru512__seed20260903,prefix,10.0,macro,1113,6.815138553425522,0.33884513959604945,6.585601290161375,0.22953726326414572,0.6008347932295071,0.6171033668372504,1.8099682966065989,1.833769466307203,0.3504271329212084,2.3801317658359746,,,
r2__clipb16__gru512__seed20260904,prefix,10.0,macro,1113,7.405077664588253,0.3270867780933243,6.616797371165748,0.7882802934224972,2.066563037068515,2.1039415569048887,4.8546938627800325,4.904549554197347,0.3382384981469466,6.1879891044250925,,,
r2__clipb16__gru512__seed20260905,prefix,10.0,macro,1113,6.9322860176564856,0.33522456630371783,6.560748069604806,0.371537948051677,0.8487793237559738,0.8693563811122322,2.7038573616893955,2.7341859635075765,0.34084138906822414,3.5702509746458406,,,
r2__clipb16__gru512__teaser__seed20260903,commit,10.0,macro,1113,7.009750343013847,0.31215206353246255,7.009750343013847,0.0,0.4205353533561488,0.43131943690501406,0.4574124620295658,0.4694565071261405,0.3180647455232097,0.5575248974495629,,,
r2__clipb16__gru512__teaser__seed20260904,commit,10.0,macro,1113,6.951680501661581,0.3328039975366382,6.951680501661581,0.0,0.8404961451738241,0.9654961451738224,0.8361901550475161,0.9611901550475219,0.32042131859630507,0.8625298034696227,,,
r2__clipb16__gru512__teaser__seed20260905,commit,10.0,macro,1113,6.7665448902468555,0.3278062953389707,6.7665448902468555,0.0,0.13607988702729065,0.14517677074530624,0.3073184679095821,0.3163616304988483,0.33865761556279816,0.3967457786956862,,,
r2__clipb16__mean__seed20260903,clip,10.0,macro,1113,6.8278378213564785,0.3328938557868393,6.694701138851004,0.13313668250547334,0.4709500535968328,0.4856658461433064,0.7346573293189917,0.7503862562866024,0.33201204774176774,0.9285984280711357,,,
r2__clipb16__mean__seed20260904,clip,10.0,macro,1113,6.647214530008826,0.3470699857758175,6.513968118292252,0.1332464117165727,0.3397423937521532,0.3497689512835895,0.6069054201449395,0.618644126955909,0.3546218156538631,0.7897777358449937,,,
r2__clipb16__mean__seed20260905,clip,10.0,macro,1113,6.5857111181049355,0.3538290650702054,6.488311921903279,0.09739919620165575,0.3504567064957932,0.3610152068454488,0.6170184719277509,0.6271690682772408,0.3576904153152871,0.8099634377790845,,,
r2__r18__gru128__ringel__seed20260903,commit,10.0,macro,1113,9.964783606337813,0.2817311492977539,9.964783606337813,0.0,9.874999999999984,9.999999999999991,9.875000000000023,10.000000000000078,0.20684042677666548,9.874999999999984,,,
r2__r18__gru128__ringel__seed20260904,commit,10.0,macro,1113,9.967103972591618,0.2631682192674034,9.967103972591618,0.0,9.875000000000009,10.000000000000016,9.87500000000002,10.00000000000006,0.19374642222586133,9.875000000000009,,,
r2__r18__gru128__ringel__seed20260905,commit,10.0,macro,1113,9.963265920225895,0.29387263819305165,9.963265920225895,0.0,9.87499999999996,9.999999999999966,9.875000000000027,10.000000000000078,0.2150031634847948,9.87499999999996,,,
r2__r18__gru128__seed20260903,prefix,10.0,macro,1113,8.062414708877043,0.2817311492977539,7.171629183305656,0.8907855255713771,3.1225734323215115,3.1820489919226542,6.447911966845046,6.511072426356796,0.2751223537034593,8.536364586168744,,,
r2__r18__gru128__seed20260904,prefix,10.0,macro,1113,8.308388113272692,0.2631682192674034,7.1913322008933465,1.1170559123793184,3.5721270165661654,3.638168129635657,7.109738785834186,7.178814048153345,0.2709318800035352,9.466676823581041,,,
r2__r18__gru128__seed20260905,prefix,10.0,macro,1113,7.74467189050427,0.29387263819305165,7.072041663085258,0.6726302274190086,2.3254913306554124,2.3735813362316613,5.231330382937429,5.2825264764001085,0.2851149459365895,6.972826740432519,,,
r2__r18__gru128__teaser__seed20260903,commit,10.0,macro,1113,7.457373993112239,0.2788455134111532,7.457373993112239,0.0,0.8815961362136163,1.006596136213618,0.910404660824353,1.0354046608243563,0.2740452386076806,1.0040316118673274,,,
r2__r18__gru128__teaser__seed20260904,commit,10.0,macro,1113,7.095755733063774,0.29292508336162437,7.095755733063774,0.0,0.08536847166871211,0.09824941076684506,0.08810062651732917,0.10288685013831712,0.2922575503176425,0.08536847166871211,,,
r2__r18__gru128__teaser__seed20260905,commit,10.0,macro,1113,7.3894382804397605,0.26510464388510935,7.3894382804397605,0.0,0.15271222222878034,0.16895966631260795,0.2507051739853088,0.2678023022484095,0.2696218275314588,0.30552861036895024,,,
r2__r18__gru512__ema__seed20260903,postproc,10.0,macro,1113,7.608573079445791,0.2907703690072145,7.161147280792596,0.4474257986531965,1.7755480769263967,1.815189072656531,3.417915415699605,3.457845959315465,0.28077751455528877,4.445494934768734,,,
r2__r18__gru512__ema__seed20260904,postproc,10.0,macro,1113,7.54706388868342,0.28401431601868143,7.237666243099102,0.30939764558431987,1.3633363778914789,1.3950254463477376,3.0378688357408072,3.073020553528335,0.2712099687488125,3.9077822526918204,,,
r2__r18__gru512__ema__seed20260905,postproc,10.0,macro,1113,7.666370015613533,0.2932548089087618,7.045293188751745,0.621076826861783,2.0423129868860075,2.086855722766944,4.627472436185195,4.676254622257882,0.28474049266180573,6.091640438068497,,,
r2__r18__gru512__hysteresis__seed20260903,postproc,10.0,macro,1113,7.546932469267228,0.2882254376781756,7.1578997353695515,0.38903273389767523,1.4890665081692165,1.5249172907529913,3.372328390300307,3.4112963581527955,0.28234000348965616,4.3606070049185925,,,
r2__r18__gru512__hysteresis__seed20260904,postproc,10.0,macro,1113,7.55535596443697,0.28459165570270495,7.231112072773766,0.32424389166320544,1.4099939805796848,1.4405761967860824,3.058447424876367,3.0928592956437906,0.2699266272999135,3.985717008461349,,,
r2__r18__gru512__hysteresis__seed20260905,postproc,10.0,macro,1113,7.160613367394398,0.31218422930529716,6.939371643359276,0.22124172403512105,0.9047723553361675,0.9290064847749933,2.2530317586847404,2.2810611897638493,0.3040644752910242,3.0049335207098054,,,
r2__r18__gru512__majority__seed20260903,postproc,10.0,macro,1113,7.6515851558687,0.2873120638380868,7.153828244373076,0.49775691149562556,1.826257440221039,1.8660787793872544,4.121844894776455,4.165535825925613,0.28447127868055483,5.359714463699309,,,
r2__r18__gru512__majority__seed20260904,postproc,10.0,macro,1113,7.648289940645725,0.2794760302862624,7.218114424858969,0.43017551578675106,1.585288881678111,1.618775744875263,3.3187580681465074,3.356477568492126,0.27098593622766765,4.2966318264286265,,,
r2__r18__gru512__majority__seed20260905,postproc,10.0,macro,1113,7.819611514026805,0.28973302465944556,7.0580723341532785,0.7615391798735198,2.4744909955085315,2.5262952632140006,5.8611747509669945,5.918369596320123,0.2847733403391597,7.647388883147419,,,
r2__r18__gru512__margin0p1__seed20260903,commit,10.0,macro,1113,7.2211775857038445,0.27839807329119726,7.2211775857038445,0.0,0.018528571533691227,0.02790249708120737,0.02233620197739734,0.031805821834273745,0.28491364163710964,0.018528571533691227,,,
r2__r18__gru512__margin0p1__seed20260904,commit,10.0,macro,1113,7.14247581539504,0.2859811923461101,7.14247581539504,0.0,0.007999612972333486,0.011413037100631789,0.0130887890200291,0.018319165465079307,0.29017742653472905,0.007999612972333486,,,
r2__r18__gru512__margin0p1__seed20260905,commit,10.0,macro,1113,7.159611350008023,0.29763051372323235,7.159611350008023,0.0,0.4566618037246287,0.49446678280919704,0.4997096783917147,0.5373380923864922,0.29913627060809017,0.4746278213429248,,,
r2__r18__gru512__margin0p2__seed20260903,commit,10.0,macro,1113,7.260239121705042,0.27565609233584853,7.260239121705042,0.0,0.060945669370732654,0.07378742132889848,0.06928382361065477,0.0833200940694223,0.2812472045266577,0.060945669370732654,,,
r2__r18__gru512__margin0p2__seed20260904,commit,10.0,macro,1113,7.1459700191859525,0.28648134455708474,7.1459700191859525,0.0,0.037641071440333004,0.04675014221334307,0.0410582832282856,0.052315165321748146,0.2878110313384033,0.037641071440333004,,,
r2__r18__gru512__margin0p2__seed20260905,commit,10.0,macro,1113,7.677651579163676,0.2601689954152837,7.677651579163676,0.0,1.0736926314783481,1.1229192511434336,1.5930086015367508,1.6438368460468593,0.26426518152937994,1.9087904173800834,,,
r2__r18__gru512__margin0p4__seed20260903,commit,10.0,macro,1113,7.28510338981243,0.2798490374504386,7.28510338981243,0.0,0.2987102084695288,0.3253390383055811,0.30547199883749404,0.3328222585602699,0.2851814691624385,0.2987102084695288,,,
r2__r18__gru512__margin0p4__seed20260904,commit,10.0,macro,1113,7.214457657981792,0.2856279524230959,7.214457657981792,0.0,0.2476549707850822,0.2650275734731826,0.24701712351779032,0.2643199301152114,0.2834007719465635,0.30776886372572254,,,
r2__r18__gru512__margin0p4__seed20260905,commit,10.0,macro,1113,8.743506912668142,0.14923456315634817,8.743506912668142,0.0,1.5804150140774753,1.6437432906695075,2.4191047139215547,2.4826633289418067,0.14871391834144493,2.8284666423114686,,,
r2__r18__gru512__margin0p6__seed20260903,commit,10.0,macro,1113,7.453534783225649,0.2738463293834374,7.453534783225649,0.0,0.7011161241135162,0.7361885582200436,0.7415037384567306,0.7764249771805549,0.27409548479864565,0.8792730085495966,,,
r2__r18__gru512__margin0p6__seed20260904,commit,10.0,macro,1113,7.388678749622948,0.276142210240675,7.388678749622948,0.0,0.5435635931894428,0.5719001496477929,0.5513345314093517,0.5782079255664703,0.27661936237623835,0.6922256266756465,,,
r2__r18__gru512__margin0p6__seed20260905,commit,10.0,macro,1113,9.585135110657104,0.0541705440216336,9.585135110657104,0.0,2.3415040990304394,2.417065611314271,3.671636158556693,3.7454348975430958,0.06069340419851882,4.450472560515676,,,
r2__r18__gru512__msp0p5__seed20260903,commit,10.0,macro,1113,7.214132209698889,0.2808391464850724,7.214132209698889,0.0,0.08020133528931192,0.0895934825642739,0.06807462507474016,0.0772812222762509,0.2864689677880017,0.08020133528931192,,,
r2__r18__gru512__msp0p5__seed20260904,commit,10.0,macro,1113,7.149634875182426,0.2855794686552088,7.149634875182426,0.0,0.01901243727386154,0.02346663855673605,0.01861089589414983,0.02326070333159619,0.28683075167633765,0.01901243727386154,,,
r2__r18__gru512__msp0p5__seed20260905,commit,10.0,macro,1113,8.08843774110194,0.22110759607010652,8.08843774110194,0.0,1.3546061154228197,1.4052778542961573,2.306090712197573,2.360340602693976,0.22533828307519058,2.7796026203776303,,,
r2__r18__gru512__msp0p6__seed20260903,commit,10.0,macro,1113,7.276146027128695,0.27696052367971413,7.276146027128695,0.0,0.1651905597158179,0.1851290072553457,0.18428635221160977,0.20415686679948386,0.2822904107946801,0.1651905597158179,,,
r2__r18__gru512__msp0p6__seed20260904,commit,10.0,macro,1113,7.170819899029948,0.2882542990914222,7.170819899029948,0.0,0.18512435065969055,0.1996516582775677,0.1529478326019703,0.1675794358895049,0.2859149223121343,0.18512435065969055,,,
r2__r18__gru512__msp0p6__seed20260905,commit,10.0,macro,1113,8.885915382060892,0.12999132042872746,8.885915382060892,0.0,1.4295461091959025,1.4995882566697238,2.285334256803022,2.3546485686488756,0.13091047250475107,2.649516418226147,,,
r2__r18__gru512__msp0p7__seed20260903,commit,10.0,macro,1113,7.339267979042458,0.2767566562599339,7.339267979042458,0.0,0.3860233863407397,0.41497421345432295,0.41565122095968116,0.44580743399708994,0.28146249951975927,0.42584813214863426,,,
r2__r18__gru512__msp0p7__seed20260904,commit,10.0,macro,1113,7.278757835929688,0.2831280074878552,7.278757835929688,0.0,0.3886507441795707,0.4113438612231112,0.3119195212968688,0.3329966319469543,0.2797371774614978,0.3886507441795707,,,
r2__r18__gru512__msp0p7__seed20260905,commit,10.0,macro,1113,9.52715339208436,0.06071046293520253,9.52715339208436,0.0,2.2114478286817185,2.286718195224313,3.4062204363511563,3.4794241330327282,0.06672678975839703,4.111613880809172,,,
r2__r18__gru512__msp0p8__seed20260903,commit,10.0,macro,1113,7.578553450152519,0.263275825234044,7.578553450152519,0.0,0.8026247845016382,0.8394130303694879,0.9518062557218103,0.9891330511267084,0.2662680263349119,1.149863079256707,,,
r2__r18__gru512__msp0p8__seed20260904,commit,10.0,macro,1113,7.413308762081849,0.2721597293001531,7.413308762081849,0.0,0.4956870563851865,0.5231055069934829,0.5512111258310289,0.5788217811441073,0.27316076441560194,0.6799711740762953,,,
r2__r18__gru512__msp0p8__seed20260905,commit,10.0,macro,1113,9.817782359721427,0.021438134315890044,9.817782359721427,0.0,1.5003032636286475,1.5658397153260373,3.037157253659599,3.1084553200786513,0.02426604106193755,3.719658562120523,,,
r2__r18__gru512__msp0p9__seed20260903,commit,10.0,macro,1113,7.956569804645511,0.23264915090549856,7.956569804645511,0.0,1.2166874996052859,1.2632130605680867,1.603877997731168,1.6535991903604523,0.24160632535036627,1.9935219576155636,,,
r2__r18__gru512__msp0p9__seed20260904,commit,10.0,macro,1113,7.661672306527275,0.25134657763860035,7.661672306527275,0.0,0.6967991550102038,0.7266073042257414,1.0162139699811341,1.0495338993379957,0.25501142652983194,1.2234290782394743,,,
r2__r18__gru512__msp0p9__seed20260905,commit,10.0,macro,1113,9.962747875354204,0.004532577903682719,9.962747875354204,0.0,1.7812499999999998,1.875,1.8375,1.9249999999999998,0.004016064257028113,1.7812499999999998,,,
r2__r18__gru512__patience__seed20260903,postproc,10.0,macro,1113,7.5811090815387425,0.2886229335028384,7.176956811345268,0.4041522701934747,1.619200563501054,1.6572202916470569,3.404859000025474,3.4455978891005667,0.28156959376320956,4.4324687793693345,,,
r2__r18__gru512__patience__seed20260904,postproc,10.0,macro,1113,7.607540111552336,0.279531682867185,7.215689518018032,0.391850593534301,1.4411852570414947,1.47273093937652,3.398387869764229,3.4360506663849155,0.27315433470161443,4.405841516848001,,,
r2__r18__gru512__patience__seed20260905,postproc,10.0,macro,1113,7.7724833933982795,0.29028882945134277,7.045372765912901,0.7271106274853696,2.326550729451672,2.3764109239481503,5.274388541185511,5.328601196886382,0.2866255125969848,6.956777268600174,,,
r2__r18__gru512__ringel__seed20260903,commit,10.0,macro,1113,9.964085992020271,0.2873120638380868,9.964085992020271,0.0,9.874999999999973,9.999999999999988,9.87500000000004,10.000000000000083,0.2095501077069657,9.874999999999973,,,
r2__r18__gru512__ringel__seed20260904,commit,10.0,macro,1113,9.965065496214253,0.2794760302862624,9.965065496214253,0.0,9.874999999999984,9.999999999999996,9.875000000000039,10.000000000000085,0.20375084720989242,9.874999999999984,,,
r2__r18__gru512__ringel__seed20260905,commit,10.0,macro,1113,9.964452092184027,0.28438326252808044,9.964452092184027,0.0,9.874999999999963,9.999999999999968,9.875000000000028,10.000000000000076,0.20873476546604938,9.874999999999963,,,
r2__r18__gru512__seed20260903,prefix,10.0,macro,1113,7.6515851558687,0.2873120638380868,7.153828244373076,0.49775691149562556,1.826257440221039,1.8660787793872544,4.121844894776455,4.165535825925613,0.28447127868055483,5.359714463699309,,,
r2__r18__gru512__seed20260904,prefix,10.0,macro,1113,7.648289940645725,0.2794760302862624,7.218114424858969,0.43017551578675106,1.585288881678111,1.618775744875263,3.3187580681465074,3.356477568492126,0.27098593622766765,4.2966318264286265,,,
r2__r18__gru512__seed20260905,prefix,10.0,macro,1113,7.97439580281885,0.28438326252808044,7.060978822188755,0.9134169806300868,2.8772031828661206,2.933260914822571,6.732856657259266,6.796259556801431,0.28392946816876696,8.764553746946751,,,
r2__r18__gru512__teaser__seed20260903,commit,10.0,macro,1113,7.3007435753636045,0.276715998991313,7.3007435753636045,0.0,0.24539081774910831,0.26567578659107627,0.25470468880118274,0.2757785476522517,0.27713568676356215,0.28988636256160477,,,
r2__r18__gru512__teaser__seed20260904,commit,10.0,macro,1113,7.581753499005948,0.25359585340965585,7.581753499005948,0.0,0.4641717580151392,0.48344679456992873,0.8273817045865851,0.8500348210074875,0.2606209383770377,1.0429520392320477,,,
r2__r18__gru512__teaser__seed20260905,commit,10.0,macro,1113,7.0400883106134104,0.29762749662377375,7.0400883106134104,0.0,0.054979049438521534,0.06612957463129267,0.0464083621831017,0.05799840413569953,0.3015636588364341,0.054979049438521534,,,
r2__r18__mean__seed20260903,clip,10.0,macro,1113,7.400043537569998,0.2776912424256033,7.213331500042106,0.18671203752789056,0.637239980203691,0.6527882635976081,1.636095695398535,1.6570641447795187,0.2890423082378133,2.1277248393071124,,,
r2__r18__mean__seed20260904,clip,10.0,macro,1113,7.116426982353283,0.3108016211891225,6.916457689026502,0.1999692933267808,0.7221429327999884,0.7443861608969908,1.2642008223812704,1.2863644260766995,0.30642719045953115,1.6633519800347945,,,
r2__r18__mean__seed20260905,clip,10.0,macro,1113,7.299982066290938,0.2865293008075925,7.096786060703942,0.20319600558699857,0.5768173582981815,0.5978906642697053,0.9218115018838215,0.9428126089466663,0.2857838562143893,1.1795347446040783,,,
clip__r18mean__seed20260903,clip,10.0,micro,1113,5.732142857142826,0.4465408805031466,5.590296495956843,0.1418463611859838,0.44240442655935436,0.4562374245472818,0.7078947368420968,0.7214285714285631,0.4392338177014585,0.9133435582822053,,,
clip__r18mean__seed20260904,clip,10.0,micro,1113,5.941374663072746,0.4267744833782586,5.806154537286582,0.13522012578616352,0.48999999999999816,0.5021052631578927,0.798032407407398,0.8117283950617191,0.428005284015857,1.051562499999996,,,
clip__r18mean__seed20260905,clip,10.0,micro,1113,5.7578616352200935,0.4411500449236317,5.647012578616321,0.11084905660377356,0.3839103869653751,0.3946028513238273,0.8310014727540392,0.844256259204702,0.448480845442542,1.0994999999999953,,,
commit__margin0p1__prefix__gru512__seed20260903,commit,10.0,micro,1113,6.094676549865196,0.399820305480684,6.094676549865196,0.0,0.23230337078651622,0.256179775280898,0.2338842975206588,0.2557851239669397,0.3996036988111004,0.2628923766816137,,,
commit__margin0p1__prefix__gru512__seed20260904,commit,10.0,micro,1113,5.895552560646869,0.419586702605572,5.895552560646869,0.0,0.21788008565310424,0.23929336188436737,0.2223312401883805,0.24175824175823918,0.4207397622192914,0.25774572649572564,,,
commit__margin0p1__prefix__gru512__seed20260905,commit,10.0,micro,1113,6.009321653189545,0.4016172506738556,6.009321653189545,0.0,0.06347874720357921,0.0743847874720356,0.06310096153846086,0.07491987179487095,0.4121532364597138,0.06347874720357921,,,
commit__margin0p2__prefix__gru512__seed20260903,commit,10.0,micro,1113,6.439240790655852,0.3818508535489676,6.439240790655852,0.0,0.6749999999999979,0.7135294117647043,0.9261558219178,0.9627568493150607,0.3857331571994751,1.1511363636363616,,,
commit__margin0p2__prefix__gru512__seed20260904,commit,10.0,micro,1113,6.194519317160797,0.4016172506738556,6.194519317160797,0.0,0.5246085011185662,0.5581655480984328,0.9004777070063598,0.9339171974522193,0.41479524438573767,1.1584582441113456,,,
commit__margin0p2__prefix__gru512__seed20260905,commit,10.0,micro,1113,6.070193171608234,0.4016172506738556,6.070193171608234,0.0,0.21504474272930585,0.2348993288590597,0.22152665589660497,0.24111470113085376,0.40885072655218396,0.23883928571428503,,,
commit__margin0p4__prefix__gru512__seed20260903,commit,10.0,micro,1113,7.4389038634321265,0.2875112309074565,7.4389038634321265,0.0,1.0921875000000028,1.1390625000000025,1.6869588744588704,1.734848484848481,0.30515191545574705,2.0881502890173453,,,
commit__margin0p4__prefix__gru512__seed20260904,commit,10.0,micro,1113,7.212488769092501,0.31176999101527364,7.212488769092501,0.0,1.059077809798272,1.10734870317003,1.6149193548387022,1.6653225806451544,0.32760898282694995,1.989583333333334,,,
commit__margin0p4__prefix__gru512__seed20260905,commit,10.0,micro,1113,6.44395777178793,0.38454627133872504,6.44395777178793,0.0,0.7526285046728951,0.7885514018691573,0.9935092127303087,1.029313232830811,0.3943196829590527,1.2363945578231261,,,
commit__margin0p6__prefix__gru512__seed20260903,commit,10.0,micro,1113,8.386680143755568,0.18688230008984663,8.386680143755568,0.0,1.3671875000000044,1.4218750000000044,2.4220257234726796,2.4774919614148034,0.20541611624834782,2.996292372881371,,,
commit__margin0p6__prefix__gru512__seed20260904,commit,10.0,micro,1113,8.35725516621738,0.1904761904761898,8.35725516621738,0.0,1.375589622641515,1.428066037735854,2.363888888888901,2.422222222222233,0.20805812417437158,2.8828125000000138,,,
commit__margin0p6__prefix__gru512__seed20260905,commit,10.0,micro,1113,7.161388140161686,0.32075471698113184,7.161388140161686,0.0,1.1502100840336142,1.1967787114845945,1.5012327416173492,1.5488165680473307,0.3348745046235156,1.8710317460317463,,,
commit__msp0p5__prefix__gru512__seed20260903,commit,10.0,micro,1113,6.70384097035037,0.3593890386343221,6.70384097035037,0.0,0.8284374999999986,0.8693749999999987,1.175044883303402,1.2154398563734206,0.36789960369881397,1.4582338902147953,,,
commit__msp0p5__prefix__gru512__seed20260904,commit,10.0,micro,1113,6.495283018867891,0.37646001796945266,6.495283018867891,0.0,0.6903341288782796,0.725536992840094,1.002773037542653,1.03924914675767,0.38705416116248703,1.2439793577981624,,,
commit__msp0p5__prefix__gru512__seed20260905,commit,10.0,micro,1113,6.210130278526473,0.3917340521114116,6.210130278526473,0.0,0.3254013761467881,0.3446100917431183,0.32520491803278345,0.34508196721311146,0.40290620871863025,0.3901255707762547,,,
commit__msp0p6__prefix__gru512__seed20260903,commit,10.0,micro,1113,7.522124887690884,0.2821203953279416,7.522124887690884,0.0,1.2169585987261182,1.263535031847137,1.7889933628318555,1.8351769911504405,0.29854689564068737,2.219764011799414,,,
commit__msp0p6__prefix__gru512__seed20260904,commit,10.0,micro,1113,7.21698113207543,0.3090745732255162,7.21698113207543,0.0,0.9956395348837219,1.0406976744186063,1.624747983870961,1.6723790322580585,0.32760898282694995,2.011058981233244,,,
commit__msp0p6__prefix__gru512__seed20260905,commit,10.0,micro,1113,6.377695417789724,0.38544474393531086,6.377695417789724,0.0,0.6022727272727255,0.6351981351981338,0.7606249999999927,0.7941666666666595,0.3963011889035706,0.9297945205479431,,,
commit__msp0p7__prefix__gru512__seed20260903,commit,10.0,micro,1113,8.12286612758306,0.21832884097034935,8.12286612758306,0.0,1.4022633744856037,1.4526748971193482,2.0828571428571534,2.1328571428571537,0.23117569352707948,2.614191729323323,,,
commit__msp0p7__prefix__gru512__seed20260904,commit,10.0,micro,1113,8.05660377358486,0.2246181491464499,8.05660377358486,0.0,1.3480000000000065,1.4010000000000071,2.1721311475409957,2.227459016393455,0.24174372523117452,2.668321299639006,,,
commit__msp0p7__prefix__gru512__seed20260905,commit,10.0,micro,1113,6.904649595687293,0.3423180592991915,6.904649595687293,0.0,0.9576771653543306,0.9986876640419946,1.4255952380952273,1.4674908424908326,0.3606340819022483,1.7793209876543183,,,
commit__msp0p8__prefix__gru512__seed20260903,commit,10.0,micro,1113,8.822663971248826,0.13746630727762807,8.822663971248826,0.0,1.4354575163398677,1.493464052287582,2.3510638297872437,2.4117021276595834,0.1552179656538964,2.8619942196531842,,,
commit__msp0p8__prefix__gru512__seed20260904,commit,10.0,micro,1113,8.903077268643255,0.12938005390835594,8.903077268643255,0.0,1.5217013888888866,1.5815972222222208,2.631485849056612,2.693396226415103,0.14002642007925978,3.1950301204819294,,,
commit__msp0p8__prefix__gru512__seed20260905,commit,10.0,micro,1113,7.490229110512088,0.2920035938903856,7.490229110512088,0.0,1.4050000000000036,1.4576923076923105,1.8804347826086916,1.9336956521739104,0.3038309114927351,2.310714285714289,,,
commit__msp0p9__prefix__gru512__seed20260903,commit,10.0,micro,1113,9.401954177897519,0.07187780772686443,9.401954177897519,0.0,1.6796874999999976,1.743749999999998,2.6691810344827593,2.7349137931034484,0.07661822985468955,3.2719780219780175,,,
commit__msp0p9__prefix__gru512__seed20260904,commit,10.0,micro,1113,9.562219227313507,0.053009883198562514,9.562219227313507,0.0,1.7415254237288111,1.8050847457627095,2.6091954022988477,2.6724137931034453,0.05746367239101724,3.22242647058823,,,
commit__msp0p9__prefix__gru512__seed20260905,commit,10.0,micro,1113,8.441599281221874,0.1787960467205745,8.441599281221874,0.0,1.2839195979899534,1.3354271356783958,2.408794788273626,2.4649837133550596,0.20277410832232406,3.0440217391304474,,,
postproc__ema0p2__prefix__gru512__seed20260904,postproc,10.0,micro,1113,6.416442048517485,0.4150943396226429,5.781109613656758,0.6353324348607372,1.366883116883113,1.3950216450216402,3.4248405103667894,3.458133971291828,0.4141347424042317,4.541666666666652,,,
postproc__ema0p2__prefix__gru512__seed20260905,postproc,10.0,micro,1113,6.530884995507604,0.4016172506738556,5.954177897574095,0.5767070979335133,1.3621364653243815,1.390939597315432,3.2591210613598354,3.2931177446102486,0.3982826948480885,4.405889145496524,,,
postproc__ema0p7__prefix__gru512__seed20260903,postproc,10.0,micro,1113,7.058288409703459,0.4007187780772698,6.005503144654062,1.0527852650494158,2.658912556053805,2.7113228699551497,5.625826446280934,5.681404958677626,0.3996036988111004,7.4132653061224305,,,
postproc__hysteresis0p05__prefix__gru512__seed20260904,postproc,10.0,micro,1113,6.544699011680106,0.4222821203953295,5.788185085354872,0.756513926325247,1.8175531914893555,1.8558510638297807,4.481466876971556,4.525630914826449,0.4187582562747735,5.949570815450624,,,
postproc__hysteresis0p05__prefix__gru512__seed20260905,postproc,10.0,micro,1113,6.722259658580376,0.40251572327044144,5.971136567834654,0.7511230907457321,1.8568638392857082,1.8956473214285656,4.21431552587642,4.259181969949875,0.3956406869220646,5.614343317972333,,,
postproc__hysteresis0p2__prefix__gru512__seed20260903,postproc,10.0,micro,1113,6.347821203953243,0.4088050314465422,5.896787960467175,0.4510332434860737,1.0662087912087883,1.0923076923076884,2.741279069767415,2.7711794019933276,0.3976221928665825,3.646114864864854,,,
postproc__majority2__prefix__gru512__seed20260903,postproc,10.0,micro,1113,7.1179245283018435,0.399820305480684,6.011455525606443,1.1064690026954174,2.7915730337078566,2.8460674157303303,5.9607438016528365,6.019008264462747,0.3996036988111004,7.844387755102023,,,
postproc__majority2__prefix__gru512__seed20260904,postproc,10.0,micro,1113,6.841307277627996,0.4141958670260571,5.806603773584881,1.0347035040431267,2.3739154013015105,2.4202819956615977,5.294187898089114,5.344745222929875,0.41479524438573767,7.006793478260845,,,
postproc__majority9__prefix__gru512__seed20260905,postproc,10.0,micro,1113,6.613881401617214,0.399820305480684,5.980233602875086,0.6336477987421387,1.5308988764044908,1.5617977528089846,3.567483388704285,3.6034053156145815,0.3976221928665825,4.825057736720542,,,
postproc__patience2__prefix__gru512__seed20260903,postproc,10.0,micro,1113,7.031446540880459,0.3962264150943407,6.003144654088021,1.0283018867924532,2.507936507936502,2.5583900226757312,5.384343853820545,5.4377076411959555,0.3976221928665825,7.123279816513745,,,
postproc__patience2__prefix__gru512__seed20260904,postproc,10.0,micro,1113,6.69721473495055,0.41599281221922874,5.800426774483351,0.8967879604672059,2.060475161987035,2.101511879049669,4.93102073365226,4.978468899521474,0.4141347424042317,6.5731907894736645,,,
postproc__patience6__prefix__gru512__seed20260905,postproc,10.0,micro,1113,6.5605345911949335,0.39892183288409816,5.9682165318957505,0.5923180592991911,1.3780968468468429,1.4082207207207167,3.2837893864012933,3.31840796019897,0.3982826948480885,4.44515011547343,,,
prefix__gru128__seed20260903,prefix,10.0,micro,1113,6.807839173405171,0.4177897574124004,5.773921832884073,1.033917340521114,2.3594086021505296,2.4053763440860125,5.104813664596216,5.154114906832235,0.42536327608983315,6.854122055674499,,,
prefix__gru128__seed20260904,prefix,10.0,micro,1113,6.9147574123988855,0.4052111410601989,5.879941599281198,1.0348158131176999,2.3860864745011012,2.4312638580931183,5.403219395866392,5.453497615262261,0.41545574636724364,7.175377155172391,,,
prefix__gru128__seed20260905,prefix,10.0,micro,1113,6.70047169811317,0.44384546271338915,5.5431266846361,1.1573450134770888,2.5660425101214464,2.614372469635617,4.8736762481088665,4.922844175491619,0.4365918097754346,6.461798336798313,,,
prefix__gru512__seed20260903,prefix,10.0,micro,1113,7.1179245283018435,0.399820305480684,6.011455525606443,1.1064690026954174,2.7915730337078566,2.8460674157303303,5.9607438016528365,6.019008264462747,0.3996036988111004,7.844387755102023,,,
prefix__gru512__seed20260904,prefix,10.0,micro,1113,6.841307277627996,0.4141958670260571,5.806603773584881,1.0347035040431267,2.3739154013015105,2.4202819956615977,5.294187898089114,5.344745222929875,0.41479524438573767,7.006793478260845,,,
prefix__gru512__seed20260905,prefix,10.0,micro,1113,6.819519317160786,0.4016172506738556,5.98169362084454,0.8378256963162624,2.0808165548098363,2.1224832214765046,4.581803005008302,4.628130217028335,0.3956406869220646,6.109374999999982,,,
r2__clipb16__gru128__ringel__seed20260903,commit,10.0,micro,1113,9.95080862533678,0.39353099730458324,9.95080862533678,0.0,9.874999999999975,9.999999999999925,9.875000000000096,9.999999999999899,0.2892998678996038,9.874999999999975,,,
r2__clipb16__gru128__ringel__seed20260904,commit,10.0,micro,1113,9.955750224618003,0.35399820305480717,9.955750224618003,0.0,9.874999999999991,9.999999999999945,9.875000000000108,9.999999999999945,0.26023778071334125,9.874999999999991,,,
r2__clipb16__gru128__ringel__seed20260905,commit,10.0,micro,1113,9.952156334231661,0.3827493261455534,9.952156334231661,0.0,9.874999999999979,9.99999999999993,9.8750000000001,9.999999999999911,0.2813738441215322,9.874999999999979,,,
r2__clipb16__gru128__seed20260903,prefix,10.0,micro,1113,6.764038634321615,0.39353099730458324,6.035489667565108,0.7285489667565141,1.7771118721461145,1.8122146118721405,3.572559931506819,3.6121575342465406,0.3857331571994751,4.747891566265052,,,
r2__clipb16__gru128__seed20260904,prefix,10.0,micro,1113,7.211814914645061,0.35399820305480717,6.468890386343186,0.7429245283018872,2.123730964467004,2.1637055837563417,4.480504587155928,4.522935779816484,0.35997357992074236,5.963311688311688,,,
r2__clipb16__gru128__seed20260905,prefix,10.0,micro,1113,6.8554582210242225,0.3827493261455534,6.123764600179665,0.7316936208445644,1.78433098591549,1.8192488262910753,3.524915540540507,3.5616554054053706,0.39101717305152284,4.718230403800466,,,
r2__clipb16__gru128__teaser__seed20260903,commit,10.0,micro,1113,5.986185983827461,0.4061096136567847,5.986185983827461,0.0,0.11642699115044211,0.12555309734513237,0.16461965134706627,0.1747226624405686,0.4167767503302556,0.20274725274725214,,,
r2__clipb16__gru128__teaser__seed20260904,commit,10.0,micro,1113,6.402066486972148,0.3737646001796952,6.402066486972148,0.0,0.37379807692307654,0.4987980769230779,0.4115120274914062,0.5365120274914024,0.38441215323646316,0.44898568019092827,,,
r2__clipb16__gru128__teaser__seed20260905,commit,10.0,micro,1113,6.352425876010779,0.38454627133872504,6.352425876010779,0.0,0.5146028037383151,0.6396028037383183,0.5059719934102102,0.6309719934102066,0.40092470277411235,0.5988979118329426,,,
r2__clipb16__gru512__ema__seed20260903,postproc,10.0,micro,1113,6.396675651392596,0.38544474393531086,6.113881401617217,0.2827942497753817,0.6515151515151498,0.6678321678321667,1.462809917355357,1.4838842975206454,0.3996036988111004,1.959219858156025,,,
r2__clipb16__gru512__ema__seed20260904,postproc,10.0,micro,1113,6.8981356693620475,0.34950584007187807,6.440251572327009,0.4578840970350407,1.1249999999999996,1.149742930591259,2.736615678776275,2.7672084130018963,0.34544253632761107,3.7116168478260887,,,
r2__clipb16__gru512__ema__seed20260905,postproc,10.0,micro,1113,6.345350404312635,0.4016172506738556,5.908917340521085,0.43643306379155433,0.9001677852348967,0.9222595078299743,2.1252042483659914,2.149918300653572,0.4042272126816422,2.899174528301881,,,
r2__clipb16__gru512__hysteresis__seed20260903,postproc,10.0,micro,1113,6.375786163521977,0.38544474393531086,6.121855345911915,0.2539308176100629,0.5973193473193459,0.613053613053612,1.4360561056105465,1.4566831683168169,0.4002642007926064,1.9249999999999963,,,
r2__clipb16__gru512__hysteresis__seed20260904,postproc,10.0,micro,1113,6.728885893980196,0.35399820305480717,6.4338499550763375,0.29503593890386354,0.7595177664974614,0.77982233502538,1.7416026871401047,1.7648752399232142,0.34412153236459914,2.340013586956522,,,
r2__clipb16__gru512__hysteresis__seed20260905,postproc,10.0,micro,1113,6.180031446540847,0.40700808625337054,5.884883198562413,0.2951482479784366,0.6145143487858701,0.6313465783664439,1.2329545454545325,1.2512175324675199,0.40686922060766606,1.6665690866510499,,,
r2__clipb16__gru512__majority__seed20260903,postproc,10.0,micro,1113,6.389038634321617,0.3818508535489676,6.1070305480682485,0.28200808625336915,0.5435294117647047,0.5582352941176459,1.4641393442622803,1.4848360655737558,0.40290620871863025,1.95246478873239,,,
r2__clipb16__gru512__majority__seed20260904,postproc,10.0,micro,1113,7.007749326145514,0.3468104222821206,6.455637915543547,0.5521114106019769,1.3720854922279788,1.400259067357512,3.2205743879472486,3.2547080979284146,0.3507265521796588,4.386029411764706,,,
r2__clipb16__gru512__majority__seed20260905,postproc,10.0,micro,1113,6.348495058400685,0.4016172506738556,5.913185085354871,0.4353099730458222,0.9079977628635323,0.9295302013422789,2.294105691056887,2.3199186991869682,0.4062087186261601,3.129391100702568,,,
r2__clipb16__gru512__margin0p1__seed20260903,commit,10.0,micro,1113,6.061882300089816,0.3953279424977549,6.061882300089816,0.0,0.03835227272727263,0.0437499999999999,0.03971774193548345,0.04556451612903178,0.40951122853368993,0.03835227272727263,,,
r2__clipb16__gru512__margin0p1__seed20260904,commit,10.0,micro,1113,6.684636118598348,0.3504043126684639,6.684636118598348,0.0,0.5384615384615375,0.5705128205128204,0.5270206766917264,0.5582706766917257,0.3513870541611648,0.6224554707379123,,,
r2__clipb16__gru512__margin0p1__seed20260905,commit,10.0,micro,1113,5.84939353099727,0.41689128481581456,5.84939353099727,0.0,0.04391163793103433,0.050646551724137755,0.03508435582822044,0.04064417177914063,0.4306472919418809,0.04391163793103433,,,
r2__clipb16__gru512__margin0p2__seed20260903,commit,10.0,micro,1113,6.0598607367474955,0.39892183288409816,6.0598607367474955,0.0,0.12302927927927895,0.13231981981981947,0.13058213716108313,0.13995215311004638,0.4141347424042317,0.12302927927927895,,,
r2__clipb16__gru512__margin0p2__seed20260904,commit,10.0,micro,1113,7.458782569631584,0.2794249775381841,7.458782569631584,0.0,0.9055466237942151,0.9421221864951802,1.3320938215102978,1.3712814645308935,0.28863936591809786,1.6590909090909136,,,
r2__clipb16__gru512__margin0p2__seed20260905,commit,10.0,micro,1113,5.911837376459984,0.4150943396226429,5.911837376459984,0.0,0.15124458874458824,0.1628787878787874,0.14076923076922918,0.15192307692307516,0.42932628797886896,0.15124458874458824,,,
r2__clipb16__gru512__margin0p4__seed20260903,commit,10.0,micro,1113,6.221248876909219,0.3926325247079974,6.221248876909219,0.0,0.375858123569793,0.39187643020594864,0.4529220779220734,0.470779220779216,0.40686922060766606,0.5330882352941162,,,
r2__clipb16__gru512__margin0p4__seed20260904,commit,10.0,micro,1113,8.45765947888584,0.17430368373764554,8.45765947888584,0.0,1.151417525773199,1.1932989690721678,1.70707547169812,1.7481132075471761,0.1750330250990746,2.1147836538461617,,,
r2__clipb16__gru512__margin0p4__seed20260905,commit,10.0,micro,1113,6.206761006289276,0.3971248876909265,6.206761006289276,0.0,0.4482466063348402,0.4683257918552024,0.5284181240063538,0.5488871224165282,0.41545574636724364,0.6648106904231605,,,
r2__clipb16__gru512__margin0p6__seed20260903,commit,10.0,micro,1113,6.519204851751984,0.3656783468104228,6.519204851751984,0.0,0.48126535626535555,0.5024570024570019,0.821643717728048,0.8463855421686675,0.3837516512549572,0.9967494089834497,,,
r2__clipb16__gru512__margin0p6__seed20260904,commit,10.0,micro,1113,9.246743036837321,0.0826594788858941,9.246743036837321,0.0,0.8872282608695641,0.9402173913043463,1.794230769230771,1.8500000000000014,0.08586525759577271,2.0912499999999965,,,
r2__clipb16__gru512__margin0p6__seed20260905,commit,10.0,micro,1113,6.7305705300987935,0.3513027852650497,6.7305705300987935,0.0,0.6934143222506387,0.7193094629156006,1.2102173913043373,1.2395652173912939,0.3797886393659214,1.5438701923076898,,,
r2__clipb16__gru512__msp0p5__seed20260903,commit,10.0,micro,1113,6.081536388140129,0.3953279424977549,6.081536388140129,0.0,0.08806818181818157,0.0954545454545452,0.09184083601286079,0.09967845659163878,0.41083223249670187,0.08806818181818157,,,
r2__clipb16__gru512__msp0p5__seed20260904,commit,10.0,micro,1113,7.935085354896629,0.22821203953279307,7.935085354896629,0.0,0.9517716535433115,0.9921259842519736,1.6668956043956122,1.7101648351648444,0.24042272126816264,2.0869565217391424,,,
r2__clipb16__gru512__msp0p5__seed20260905,commit,10.0,micro,1113,5.90644654088047,0.4141958670260571,5.90644654088047,0.0,0.11686550976138792,0.12581344902386074,0.11676875957120844,0.12519142419601692,0.43130779392338686,0.13961038961038916,,,
r2__clipb16__gru512__msp0p6__seed20260903,commit,10.0,micro,1113,6.1993486073674395,0.38993710691823996,6.1993486073674395,0.0,0.2531682027649764,0.26555299539170446,0.3090503246753214,0.3242694805194772,0.40686922060766606,0.33180778032036534,,,
r2__clipb16__gru512__msp0p6__seed20260904,commit,10.0,micro,1113,8.637129380053855,0.15363881401617233,8.637129380053855,0.0,1.129385964912282,1.169590643274855,1.8206967213114824,1.863729508196728,0.16116248348744985,2.2688172043010817,,,
r2__clipb16__gru512__msp0p6__seed20260905,commit,10.0,micro,1113,6.076931716082628,0.40700808625337054,6.076931716082628,0.0,0.361203090507725,0.37803532008829915,0.3400706436420683,0.3563579277864954,0.4207397622192914,0.4096153846153832,,,
r2__clipb16__gru512__msp0p7__seed20260903,commit,10.0,micro,1113,6.349281221922695,0.38095238095238176,6.349281221922695,0.0,0.416863207547169,0.4339622641509423,0.5566275167785182,0.5767617449664374,0.3936591809775467,0.6627030162412978,,,
r2__clipb16__gru512__msp0p7__seed20260904,commit,10.0,micro,1113,9.158805031446486,0.08894878706199474,9.158805031446486,0.0,0.5429292929292923,0.5883838383838373,1.289893617021278,1.3386524822695058,0.09313077939233805,1.5365566037735823,,,
r2__clipb16__gru512__msp0p7__seed20260905,commit,10.0,micro,1113,6.428346810422249,0.3791554357592101,6.428346810422249,0.0,0.5799763033175341,0.6036729857819894,0.7721807628523972,0.7968490878938567,0.3982826948480885,0.973275862068963,,,
r2__clipb16__gru512__msp0p8__seed20260903,commit,10.0,micro,1113,6.622079964061059,0.35849056603773627,6.622079964061059,0.0,0.5773809523809513,0.603383458646616,0.9487347294938839,0.9781849912739878,0.37846763540290945,1.1394578313252992,,,
r2__clipb16__gru512__msp0p8__seed20260904,commit,10.0,micro,1113,9.65700808625331,0.039532794249775426,9.65700808625331,0.0,1.323863636363635,1.3806818181818168,2.7480769230769218,2.811538461538461,0.04293262879788641,3.350490196078428,,,
r2__clipb16__gru512__msp0p8__seed20260905,commit,10.0,micro,1113,6.905098831985589,0.33513027852650495,6.905098831985589,0.0,0.7650804289544232,0.7949061662198392,1.1391728624535236,1.170074349442372,0.3553500660502006,1.4627862595419834,,,
r2__clipb16__gru512__msp0p9__seed20260903,commit,10.0,micro,1113,7.03402964959565,0.3180592991913744,7.03402964959565,0.0,0.6747881355932209,0.7033898305084754,1.1232741617356936,1.1577909270216902,0.3348745046235156,1.3005390835579518,,,
r2__clipb16__gru512__msp0p9__seed20260904,commit,10.0,micro,1113,9.970687331536325,0.0035938903863432167,9.970687331536325,0.0,1.84375,1.9374999999999998,1.55,1.6500000000000001,0.0033025099075297227,1.84375,,,
r2__clipb16__gru512__msp0p9__seed20260905,commit,10.0,micro,1113,7.461702605570489,0.2785265049415983,7.461702605570489,0.0,0.8866935483870996,0.9250000000000029,1.3693820224719093,1.4106741573033696,0.2939233817701456,1.6747720364741674,,,
r2__clipb16__gru512__patience__seed20260903,postproc,10.0,micro,1113,6.390835579514788,0.3818508535489676,6.107704402515688,0.2831311769991014,0.5482352941176459,0.5629411764705871,1.4340163934426085,1.454508196721297,0.40290620871863025,1.909330985915488,,,
r2__clipb16__gru512__patience__seed20260904,postproc,10.0,micro,1113,7.015049415992772,0.3459119496855348,6.4450808625336595,0.56996855345912,1.3707792207792204,1.399999999999999,3.201506591337079,3.235875706214667,0.3507265521796588,4.344839142091155,,,
r2__clipb16__gru512__patience__seed20260905,postproc,10.0,micro,1113,6.345799640610926,0.40251572327044144,5.9106019766396845,0.4351976639712488,0.9215959821428544,0.9436383928571399,2.0617862969004683,2.0860522022838284,0.40488771466314816,2.827941176470582,,,
r2__clipb16__gru512__ringel__seed20260903,commit,10.0,micro,1113,9.952044025157084,0.3836477987421392,9.952044025157084,0.0,9.874999999999979,9.99999999999993,9.875000000000098,9.99999999999991,0.2820343461030382,9.874999999999979,,,
r2__clipb16__gru512__ringel__seed20260904,commit,10.0,micro,1113,9.957097933512891,0.34321653189577733,9.957097933512891,0.0,9.874999999999996,9.999999999999952,9.875000000000112,9.99999999999996,0.25231175693526964,9.874999999999996,,,
r2__clipb16__gru512__ringel__seed20260905,commit,10.0,micro,1113,9.949797843665618,0.4016172506738556,9.949797843665618,0.0,9.874999999999972,9.999999999999922,9.875000000000094,9.999999999999892,0.29524438573315753,9.874999999999972,,,
r2__clipb16__gru512__seed20260903,prefix,10.0,micro,1113,6.418351302785228,0.3836477987421392,6.118149146450999,0.3002021563342317,0.664227166276345,0.6809133489461345,1.628489326765172,1.6510673234811002,0.4022457067371243,2.1673529411764667,,,
r2__clipb16__gru512__seed20260904,prefix,10.0,micro,1113,7.267520215633382,0.34321653189577733,6.483153638813984,0.7843665768194066,2.038612565445026,2.0765706806282704,4.227533460803033,4.272466539196914,0.34544253632761107,5.571815718157181,,,
r2__clipb16__gru512__seed20260905,prefix,10.0,micro,1113,6.348495058400685,0.4016172506738556,5.913185085354871,0.4353099730458222,0.9079977628635323,0.9295302013422789,2.294105691056887,2.3199186991869682,0.4062087186261601,3.129391100702568,,,
r2__clipb16__gru512__teaser__seed20260903,commit,10.0,micro,1113,6.277403414195833,0.3836477987421392,6.277403414195833,0.0,0.2968384074941446,0.30679156908665034,0.40547263681591655,0.4174958540630142,0.3982826948480885,0.48697916666666535,,,
r2__clipb16__gru512__teaser__seed20260904,commit,10.0,micro,1113,6.590745732255138,0.36657681940700865,6.590745732255138,0.0,0.6997549019607822,0.8247549019607863,0.7006756756756707,0.8256756756756711,0.36657859973580204,0.7350244498777493,,,
r2__clipb16__gru512__teaser__seed20260905,commit,10.0,micro,1113,5.992924528301852,0.4061096136567847,5.992924528301852,0.0,0.13301991150442438,0.14103982300884912,0.2755813953488341,0.28372093023255485,0.4260237780713391,0.36546840958605553,,,
r2__clipb16__mean__seed20260903,clip,10.0,micro,1113,6.368823000898436,0.3818508535489676,6.211365678346776,0.1574573225516622,0.4905882352941166,0.5052941176470576,0.7457044673539452,0.7615979381443232,0.38441215323646316,0.9632888349514549,,,
r2__clipb16__mean__seed20260904,clip,10.0,micro,1113,6.393867924528264,0.3737646001796952,6.232479784366542,0.16138814016172504,0.35186298076923,0.36237980769230704,0.544396551724133,0.5551724137930983,0.3830911492734512,0.7009803921568618,,,
r2__clipb16__mean__seed20260905,clip,10.0,micro,1113,6.514263252470761,0.3602875112309079,6.3952156334231445,0.11904761904761904,0.3251246882793014,0.3354114713216954,0.5881696428571384,0.5982142857142808,0.3698811096433319,0.7771197007481287,,,
r2__r18__gru128__ringel__seed20260903,commit,10.0,micro,1113,9.953279424977389,0.3737646001796952,9.953279424977389,0.0,9.874999999999982,9.999999999999934,9.875000000000101,9.99999999999992,0.27476882430647254,9.874999999999982,,,
r2__r18__gru128__ringel__seed20260904,commit,10.0,micro,1113,9.960579514824657,0.3153638814016169,9.960579514824657,0.0,9.87500000000001,9.999999999999968,9.875000000000089,9.999999999999966,0.23183619550858542,9.87500000000001,,,
r2__r18__gru128__ringel__seed20260905,commit,10.0,micro,1113,9.951257861635066,0.38993710691823996,9.951257861635066,0.0,9.874999999999977,9.999999999999927,9.875000000000096,9.999999999999902,0.28665785997357995,9.874999999999977,,,
r2__r18__gru128__seed20260903,prefix,10.0,micro,1113,7.25606469002691,0.3737646001796952,6.245956873315338,1.0101078167115904,2.6586538461538423,2.7109374999999964,5.981060606060557,6.039215686274456,0.37054161162483784,7.919708029197067,,,
r2__r18__gru128__seed20260904,prefix,10.0,micro,1113,7.948674752919987,0.3153638814016169,6.685983827493237,1.2626909254267749,3.4953703703703742,3.5591168091168144,6.866564417177886,6.9330265848670445,0.3229854689564082,9.289492753623207,,,
r2__r18__gru128__seed20260905,prefix,10.0,micro,1113,6.932053009883158,0.38993710691823996,6.1403863432165,0.7916666666666664,2.1322004608294884,2.177419354838703,4.874130434782566,4.921304347826043,0.3797886393659214,6.54126794258372,,,
r2__r18__gru128__teaser__seed20260903,commit,10.0,micro,1113,6.437556154537259,0.3881401617250683,6.437556154537259,0.0,0.8217592592592602,0.9467592592592601,0.88055555555554,1.0055555555555458,0.38639365918098106,0.9719036697247712,,,
r2__r18__gru128__teaser__seed20260904,commit,10.0,micro,1113,6.4609164420484815,0.35669362084456463,6.4609164420484815,0.0,0.07808564231738027,0.08942065491183873,0.07720588235294064,0.08915441176470523,0.3593130779392364,0.07808564231738027,,,
r2__r18__gru128__teaser__seed20260905,commit,10.0,micro,1113,6.283917340521082,0.3773584905660385,6.283917340521082,0.0,0.15238095238095212,0.1690476190476186,0.2418384879725065,0.25859106529209386,0.38441215323646316,0.30735294117647016,,,
r2__r18__gru512__ema__seed20260903,postproc,10.0,micro,1113,6.873989218328803,0.374663072776281,6.279088050314435,0.594901168014376,1.6564748201438833,1.6930455635491577,3.105958781361982,3.142473118279545,0.36856010568031994,4.160759493670883,,,
r2__r18__gru512__ema__seed20260904,postproc,10.0,micro,1113,6.652291105121256,0.37556154537286685,6.248427672955941,0.40386343216531934,1.086124401913874,1.1118421052631555,2.3808770343580283,2.410036166365263,0.3652575957727901,3.148989898989896,,,
r2__r18__gru512__ema__seed20260905,postproc,10.0,micro,1113,7.08389487870616,0.35669362084456463,6.391734052111379,0.692160826594789,1.8246221662468496,1.865239294710326,4.543843283582057,4.590485074626835,0.35402906208718865,6.099871134020614,,,
r2__r18__gru512__hysteresis__seed20260903,postproc,10.0,micro,1113,6.778863432165285,0.37556154537286685,6.270103324348581,0.508760107816712,1.4231459330143523,1.456339712918658,2.9422043010752463,2.9762544802867157,0.36856010568031994,3.959382871536518,,,
r2__r18__gru512__hysteresis__seed20260904,postproc,10.0,micro,1113,6.6526280323449765,0.3773584905660385,6.249887690925396,0.40274034141958676,1.1294642857142838,1.1553571428571405,2.39689781021896,2.4260948905109303,0.36195508586526026,3.2109974424552408,,,
r2__r18__gru512__hysteresis__seed20260905,postproc,10.0,micro,1113,6.5879380053908,0.3683737646001803,6.309860736747495,0.27807726864330634,0.737499999999999,0.7597560975609744,2.0535071942445895,2.0795863309352374,0.367239101717308,2.7370049504950456,,,
r2__r18__gru512__majority__seed20260903,postproc,10.0,micro,1113,6.92654986522907,0.37106918238993775,6.275044923629798,0.6515049415992813,1.7173123486682784,1.7536319612590765,3.65040106951869,3.68939393939391,0.37054161162483784,4.870277078085635,,,
r2__r18__gru512__majority__seed20260904,postproc,10.0,micro,1113,6.7506738544474025,0.3737646001796952,6.241913746630702,0.5087601078167118,1.3064903846153824,1.3359374999999976,2.738245931283885,2.7707956600361463,0.3652575957727901,3.6347607052896675,,,
r2__r18__gru512__majority__seed20260905,postproc,10.0,micro,1113,7.293238993710649,0.3513027852650497,6.420260557052976,0.8729784366576824,2.2950767263427103,2.3439897698209697,5.5849811676082535,5.6393596986816945,0.3507265521796588,7.392396907216493,,,
r2__r18__gru512__margin0p1__seed20260903,commit,10.0,micro,1113,6.2873989218328505,0.37196765498652357,6.2873989218328505,0.0,0.019021739130434753,0.02777777777777774,0.021410034602075943,0.029844290657439182,0.3817701453104393,0.019021739130434753,,,
r2__r18__gru512__margin0p1__seed20260904,commit,10.0,micro,1113,6.1492587601077835,0.38544474393531086,6.1492587601077835,0.0,0.009615384615384592,0.013403263403263373,0.012605042016806603,0.01722689075630236,0.39299867899604074,0.009615384615384592,,,
r2__r18__gru512__margin0p1__seed20260905,commit,10.0,micro,1113,6.599842767295562,0.35399820305480717,6.599842767295562,0.0,0.39498730964466955,0.42703045685279145,0.39912683823529127,0.43106617647058537,0.3593130779392364,0.42151898734177157,,,
r2__r18__gru512__margin0p2__seed20260903,commit,10.0,micro,1113,6.34725965858038,0.36747529200359447,6.34725965858038,0.0,0.059902200488997435,0.07212713936430308,0.06260945709281908,0.07486865148861581,0.3771466314398975,0.059902200488997435,,,
r2__r18__gru512__margin0p2__seed20260904,commit,10.0,micro,1113,6.151392632524674,0.3863432165318967,6.151392632524674,0.0,0.03837209302325573,0.04593023255813943,0.037942664418212126,0.04637436762225926,0.3916776750330288,0.03837209302325573,,,
r2__r18__gru512__margin0p2__seed20260905,commit,10.0,micro,1113,7.129829290206609,0.3180592991913744,7.129829290206609,0.0,0.9759887005649726,1.024011299435029,1.4546593186372678,1.5035070140280493,0.32959048877146785,1.774333333333334,,,
r2__r18__gru512__margin0p4__seed20260903,commit,10.0,micro,1113,6.366801437556122,0.3728661275831094,6.366801437556122,0.0,0.2560240963855418,0.28012048192771033,0.2445840554592699,0.2681975736568436,0.3811096433289333,0.2560240963855418,,,
r2__r18__gru512__margin0p4__seed20260904,commit,10.0,micro,1113,6.229222821203917,0.3836477987421392,6.229222821203917,0.0,0.17125292740046802,0.18501170960187313,0.15951972555746002,0.17281303602058168,0.38507265521796913,0.19684579439252292,,,
r2__r18__gru512__margin0p4__seed20260905,commit,10.0,micro,1113,8.411275831087107,0.18598382749326084,8.411275831087107,0.0,1.4577294685990385,1.5193236714975895,2.352542372881366,2.414406779661029,0.1948480845442528,2.811951754385978,,,
r2__r18__gru512__margin0p6__seed20260903,commit,10.0,micro,1113,6.618373764600144,0.3593890386343221,6.618373764600144,0.0,0.5906249999999992,0.6231249999999993,0.5790307971014452,0.610507246376807,0.36459709379128413,0.6982009925558301,,,
r2__r18__gru512__margin0p6__seed20260904,commit,10.0,micro,1113,6.375561545372833,0.3782569631626243,6.375561545372833,0.0,0.41805225653206546,0.44180522565320607,0.41442807625649536,0.4363084922010364,0.3811096433289333,0.5238797169811307,,,
r2__r18__gru512__margin0p6__seed20260905,commit,10.0,micro,1113,9.420035938903805,0.07187780772686443,9.420035938903805,0.0,1.9312499999999972,1.9968749999999973,3.333015267175576,3.398854961832064,0.08652575957727865,4.188775510204075,,,
r2__r18__gru512__msp0p5__seed20260903,commit,10.0,micro,1113,6.270440251572293,0.37556154537286685,6.270440251572293,0.0,0.06937799043062187,0.07834928229665057,0.05711206896551672,0.06508620689655112,0.3830911492734512,0.06937799043062187,,,
r2__r18__gru512__msp0p5__seed20260904,commit,10.0,micro,1113,6.144878706199427,0.3863432165318967,6.144878706199427,0.0,0.021511627906976697,0.02558139534883715,0.02062289562289543,0.024831649831649597,0.3923381770145348,0.021511627906976697,,,
r2__r18__gru512__msp0p5__seed20260905,commit,10.0,micro,1113,7.619496855345868,0.2695417789757401,7.619496855345868,0.0,1.168333333333338,1.217500000000005,2.0997679814385135,2.152552204176335,0.28467635402906205,2.5898203592814433,,,
r2__r18__gru512__msp0p6__seed20260903,commit,10.0,micro,1113,6.3595013477088616,0.3692722371967661,6.3595013477088616,0.0,0.14142335766423336,0.1593673965936737,0.14401223776223662,0.16083916083915945,0.3778071334214035,0.14142335766423336,,,
r2__r18__gru512__msp0p6__seed20260904,commit,10.0,micro,1113,6.1791329739442595,0.3872416891284825,6.1791329739442595,0.0,0.13312064965197185,0.1450116009280739,0.10783898305084645,0.1194915254237277,0.3896961690885109,0.13312064965197185,,,
r2__r18__gru512__msp0p6__seed20260905,commit,10.0,micro,1113,8.57648247978432,0.168014375561545,8.57648247978432,0.0,1.527406417112302,1.5895721925133717,2.372191011235963,2.4353932584269766,0.17635402906208647,2.815533980582535,,,
r2__r18__gru512__msp0p7__seed20260903,commit,10.0,micro,1113,6.463050314465372,0.3656783468104228,6.463050314465372,0.0,0.3277027027027023,0.35319410319410266,0.32627865961199026,0.35185185185184903,0.37450462351387365,0.3517156862745094,,,
r2__r18__gru512__msp0p7__seed20260904,commit,10.0,micro,1113,6.283131176999066,0.3818508535489676,6.283131176999066,0.0,0.2661764705882348,0.28352941176470514,0.21243523316062,0.2284110535405852,0.38243064729194526,0.2661764705882348,,,
r2__r18__gru512__msp0p7__seed20260905,commit,10.0,micro,1113,9.335579514824737,0.0817610062893083,9.335579514824737,0.0,1.8736263736263705,1.9395604395604369,3.106896551724143,3.1724137931034533,0.09577278731836181,3.862385321100913,,,
r2__r18__gru512__msp0p8__seed20260903,commit,10.0,micro,1113,6.75651392632521,0.3504043126684639,6.75651392632521,0.0,0.743589743589743,0.7788461538461535,0.8281826568265626,0.8630073800737952,0.35799207397622446,1.0188442211055264,,,
r2__r18__gru512__msp0p8__seed20260904,commit,10.0,micro,1113,6.399820305480647,0.37646001796945266,6.399820305480647,0.0,0.4367541766109775,0.4606205250596651,0.4608013937282189,0.48388501742159884,0.3791281373844154,0.5738770685579183,,,
r2__r18__gru512__msp0p8__seed20260905,commit,10.0,micro,1113,9.737646001796886,0.030548068283917366,9.737646001796886,0.0,1.4117647058823517,1.4705882352941164,3.0937500000000004,3.160714285714286,0.03698811096433289,3.8866279069767398,,,
r2__r18__gru512__msp0p9__seed20260903,commit,10.0,micro,1113,7.211927223719636,0.3135669362084453,7.211927223719636,0.0,1.108524355300861,1.151146131805159,1.415160642570274,1.460341365461841,0.3289299867899619,1.779211956521741,,,
r2__r18__gru512__msp0p9__seed20260904,commit,10.0,micro,1113,6.682726864330603,0.354896675651393,6.682726864330603,0.0,0.652848101265822,0.6810126582278475,0.8965201465201396,0.9258241758241695,0.3606340819022483,1.1009852216748752,,,
r2__r18__gru512__msp0p9__seed20260905,commit,10.0,micro,1113,9.94092542677442,0.0071877807726864335,9.94092542677442,0.0,1.78125,1.8750000000000002,1.8375000000000006,1.9250000000000003,0.006605019815059444,1.78125,,,
r2__r18__gru512__patience__seed20260903,postproc,10.0,micro,1113,6.838836477987387,0.37106918238993775,6.294923629829262,0.543912848158131,1.4809322033898291,1.5151331719128305,3.0787946428571176,3.1151785714285483,0.3698811096433319,4.147812499999995,,,
r2__r18__gru512__patience__seed20260904,postproc,10.0,micro,1113,6.711028751123056,0.3728661275831094,6.239442946990085,0.4715858041329741,1.1792168674698775,1.206626506024094,2.7619369369369138,2.7941441441441226,0.36657859973580204,3.6757518796992446,,,
r2__r18__gru512__patience__seed20260905,postproc,10.0,micro,1113,7.233490566037694,0.3513027852650497,6.402740341419557,0.8307502246181493,2.1249999999999987,2.1713554987212262,5.005660377358454,5.056603773584873,0.35006605019815284,6.6932114882506495,,,
r2__r18__gru512__ringel__seed20260903,commit,10.0,micro,1113,9.95361635220111,0.37106918238993775,9.95361635220111,0.0,9.874999999999984,9.999999999999936,9.875000000000101,9.999999999999924,0.27278731836195463,9.874999999999984,,,
r2__r18__gru512__ringel__seed20260904,commit,10.0,micro,1113,9.953279424977389,0.3737646001796952,9.953279424977389,0.0,9.874999999999982,9.999999999999934,9.875000000000101,9.99999999999992,0.27476882430647254,9.874999999999982,,,
r2__r18__gru512__ringel__seed20260905,commit,10.0,micro,1113,9.956199460916297,0.3504043126684639,9.956199460916297,0.0,9.874999999999993,9.999999999999947,9.875000000000108,9.999999999999948,0.2575957727873174,9.874999999999993,,,
r2__r18__gru512__seed20260903,prefix,10.0,micro,1113,6.92654986522907,0.37106918238993775,6.275044923629798,0.6515049415992813,1.7173123486682784,1.7536319612590765,3.65040106951869,3.68939393939391,0.37054161162483784,4.870277078085635,,,
r2__r18__gru512__seed20260904,prefix,10.0,micro,1113,6.7506738544474025,0.3737646001796952,6.241913746630702,0.5087601078167118,1.3064903846153824,1.3359374999999976,2.738245931283885,2.7707956600361463,0.3652575957727901,3.6347607052896675,,,
r2__r18__gru512__seed20260905,prefix,10.0,micro,1113,7.469676549865186,0.3504043126684639,6.424640610961333,1.0450359389038641,2.778846153846153,2.8333333333333313,6.390891840607172,6.451612903225763,0.34808454425363494,8.406411917098442,,,
r2__r18__gru512__teaser__seed20260903,commit,10.0,micro,1113,6.374663072776247,0.37106918238993775,6.374663072776247,0.0,0.23002421307506019,0.2493946731234863,0.22377622377622183,0.2434440559440541,0.3778071334214035,0.25634057971014457,,,
r2__r18__gru512__teaser__seed20260904,commit,10.0,micro,1113,6.536725067385407,0.36118598382749373,6.536725067385407,0.0,0.4113805970149249,0.42910447761193987,0.6473613595706569,0.6663685152057193,0.3692206076618259,0.8306159420289839,,,
r2__r18__gru512__teaser__seed20260905,commit,10.0,micro,1113,6.327380952380919,0.3692722371967661,6.327380952380919,0.0,0.054440389294403806,0.06569343065693423,0.04535398230088457,0.05663716814159244,0.3731836195508617,0.054440389294403806,,,
r2__r18__mean__seed20260903,clip,10.0,micro,1113,6.599730458220986,0.364779874213837,6.443733153638777,0.15599730458221014,0.6785714285714276,0.6945812807881764,1.280626134301261,1.299001814882023,0.36393659180977816,1.6868749999999988,,,
r2__r18__mean__seed20260904,clip,10.0,micro,1113,6.518980233602838,0.3701707097933519,6.319631626235364,0.19934860736747523,0.5961771844660185,0.6140776699029115,0.9184283088235226,0.9356617647058758,0.3593130779392364,1.203865336658353,,,
r2__r18__mean__seed20260905,clip,10.0,micro,1113,6.529761904761868,0.36208445642407955,6.313903863432132,0.21585804132973943,0.4159429280397017,0.43176178660049563,0.8355263157894676,0.8516333938293946,0.36393659180977816,1.0861528822055126,,,
clip__r18mean__seed20260903,clip,4.0,macro,1328,2.7878753959965854,0.3140504278877326,2.746403249984232,0.04147214601235118,0.14035041392551884,0.1516996717320959,1.0674758279890095,1.0866709256598555,0.32242896527356646,1.2163515434597396,,,
clip__r18mean__seed20260904,clip,4.0,macro,1328,2.911998068581694,0.27879246068753877,2.849656230961373,0.06234183762032142,0.09744851516022084,0.10396958433669874,1.2217797906728425,1.2404234547446793,0.3035321338064774,1.394638453092914,,,
clip__r18mean__seed20260905,clip,4.0,macro,1328,2.8575708751800546,0.29555698468454017,2.824604093154823,0.03296678202523157,0.13465698995647302,0.14303184523008328,1.3706059977252079,1.3897270662080736,0.3137876739091079,1.5367260337622854,,,
commit__margin0p1__prefix__gru512__seed20260903,commit,4.0,macro,1328,2.9095352272926625,0.28600195880864066,2.9095352272926625,0.0,0.18721222312699468,0.2120223289021192,0.37394964421278176,0.4005774527050534,0.289325311112248,0.40786536559139086,,,
commit__margin0p1__prefix__gru512__seed20260904,commit,4.0,macro,1328,2.8615484864639784,0.2965780555726175,2.8615484864639784,0.0,0.16137643313512495,0.18296762217590026,0.28665696516813916,0.3089479136111282,0.2984676612415477,0.3116366651417201,,,
commit__margin0p1__prefix__gru512__seed20260905,commit,4.0,macro,1328,2.8270222872654243,0.2983121942353146,2.8270222872654243,0.0,0.06795251618411631,0.08212375091432501,0.067150519679097,0.08180505360866679,0.30032822914256246,0.06795251618411631,,,
commit__margin0p2__prefix__gru512__seed20260903,commit,4.0,macro,1328,3.0854514914641764,0.2528388106047954,3.0854514914641764,0.0,0.38287924884558067,0.4203189244075594,1.3150150291439036,1.3596569794664541,0.2758742243749853,1.4299569448115228,,,
commit__margin0p2__prefix__gru512__seed20260904,commit,4.0,macro,1328,3.001545958424775,0.267805920250479,3.001545958424775,0.0,0.2717252828415444,0.3020399357490884,1.1035248921140741,1.1409279362697387,0.29104111579296404,1.2174349936857822,,,
commit__margin0p2__prefix__gru512__seed20260905,commit,4.0,macro,1328,2.88181056637119,0.2899409059928732,2.88181056637119,0.0,0.14338849566717465,0.16503293544148107,0.25244948508849363,0.2762009797712737,0.2958305587553381,0.25540911633427643,,,
commit__margin0p4__prefix__gru512__seed20260903,commit,4.0,macro,1328,3.3904763943248515,0.17083946159088936,3.3904763943248515,0.0,0.432184929645962,0.4702177823711325,1.816993039837736,1.8688998440034212,0.20177254222865307,1.9822880989899485,,,
commit__margin0p4__prefix__gru512__seed20260904,commit,4.0,macro,1328,3.3303980003451703,0.18725848961121327,3.3303980003451703,0.0,0.424183485378657,0.4664961032469173,1.7443489771102139,1.7973966683348088,0.22002592313963512,1.937049383675004,,,
commit__margin0p4__prefix__gru512__seed20260905,commit,4.0,macro,1328,3.0531357893532087,0.2636877431391821,3.0531357893532087,0.0,0.4091459110900036,0.4442715686727663,1.0736301417317473,1.1132349871900127,0.28034411287474725,1.1848665262518683,,,
commit__margin0p6__prefix__gru512__seed20260903,commit,4.0,macro,1328,3.632488028690195,0.10617662943972951,3.632488028690195,0.0,0.5386735927756464,0.5811996364381333,2.548847347569775,2.606344967818676,0.13101233425201217,2.7862355862140924,,,
commit__margin0p6__prefix__gru512__seed20260904,commit,4.0,macro,1328,3.6287010174848846,0.10862042272079778,3.6287010174848846,0.0,0.5816835065213952,0.6268798219347719,2.6098161687647927,2.670791482888713,0.13528618071094403,2.8500025242764977,,,
commit__margin0p6__prefix__gru512__seed20260905,commit,4.0,macro,1328,3.3078324753407076,0.19268467209633655,3.3078324753407076,0.0,0.4077707005504683,0.4473585588631664,1.6812922363540523,1.73351074069262,0.23061308001016753,1.8528407696330262,,,
commit__msp0p5__prefix__gru512__seed20260903,commit,4.0,macro,1328,3.180147705184268,0.22708122487500662,3.180147705184268,0.0,0.38960774820994565,0.4270928513047506,1.7710754049648765,1.81933183939835,0.2610677928358103,1.925025226854342,,,
commit__msp0p5__prefix__gru512__seed20260904,commit,4.0,macro,1328,3.1034043886780496,0.24545883284150202,3.1034043886780496,0.0,0.3472668677566406,0.37978204460512194,1.1855407259695234,1.2254778396567187,0.267079349767217,1.3071880489208758,,,
commit__msp0p5__prefix__gru512__seed20260905,commit,4.0,macro,1328,2.9216465175601316,0.2814063500129889,2.9216465175601316,0.0,0.16798454480475317,0.18852471970284584,0.36481086577616695,0.3877391385235356,0.29024828321134893,0.3922717419327757,,,
commit__msp0p6__prefix__gru512__seed20260903,commit,4.0,macro,1328,3.4093366786951482,0.16487244009957291,3.4093366786951482,0.0,0.41745266250609514,0.453687469984861,1.9486476577978216,1.999295289667485,0.19713714541627508,2.135799388279569,,,
commit__msp0p6__prefix__gru512__seed20260904,commit,4.0,macro,1328,3.322949494860853,0.18782541127402536,3.322949494860853,0.0,0.3953199913329595,0.434566197958886,1.7053454905833787,1.7549242456142442,0.21908207335006494,1.8873318970355868,,,
commit__msp0p6__prefix__gru512__seed20260905,commit,4.0,macro,1328,3.005932232344456,0.27014233406702093,3.005932232344456,0.0,0.32020737849659203,0.35436221184376765,0.8417436125008927,0.8797367573173325,0.2838249781223533,0.9155563979089887,,,
commit__msp0p7__prefix__gru512__seed20260903,commit,4.0,macro,1328,3.572467200725235,0.12282025364524335,3.572467200725235,0.0,0.5190366687430549,0.557127408715163,2.2163961564823698,2.268755179583948,0.1483508632856383,2.4191554205009047,,,
commit__msp0p7__prefix__gru512__seed20260904,commit,4.0,macro,1328,3.552470591942613,0.12632854215015324,3.552470591942613,0.0,0.45741650746305457,0.5017136648860601,2.6149712031158407,2.674873763825168,0.16061557952733613,2.8861773827132375,,,
commit__msp0p7__prefix__gru512__seed20260905,commit,4.0,macro,1328,3.21521454261512,0.2203229255336251,3.21521454261512,0.0,0.43802180148021497,0.47424641809386214,1.5888344959557588,1.6351956636951932,0.25313555400472915,1.7485998478488132,,,
commit__msp0p8__prefix__gru512__seed20260903,commit,4.0,macro,1328,3.737662503865903,0.07599052666317259,3.737662503865903,0.0,0.5477605215592874,0.5925891093353288,2.430804462851533,2.49308585825447,0.09811681748592653,2.649457433826546,,,
commit__msp0p8__prefix__gru512__seed20260904,commit,4.0,macro,1328,3.7643994640001837,0.07035545489381734,3.7643994640001837,0.0,0.6512825998296835,0.7009940918803123,2.690570595458345,2.7543440243308295,0.0875494446541236,2.9072293710224844,,,
commit__msp0p8__prefix__gru512__seed20260905,commit,4.0,macro,1328,3.399872210156952,0.16802897805554567,3.399872210156952,0.0,0.4284268297777712,0.4703813815892259,2.1202229831599086,2.1775235483184456,0.20869582053782498,2.313216143359302,,,
commit__msp0p9__prefix__gru512__seed20260903,commit,4.0,macro,1328,3.875021500092154,0.03743473186313656,3.875021500092154,0.0,0.6614292746964227,0.7132425336396453,2.6990172267210695,2.7655959492695934,0.04726093466545951,2.903307358679338,,,
commit__msp0p9__prefix__gru512__seed20260904,commit,4.0,macro,1328,3.905467422241347,0.027829309744660784,3.905467422241347,0.0,0.6031289088367308,0.6502280921197859,2.608454709153899,2.6716641593727175,0.034889657640462896,2.7657704523053344,,,
commit__msp0p9__prefix__gru512__seed20260905,commit,4.0,macro,1328,3.6410640019316896,0.10399189564863165,3.6410640019316896,0.0,0.5484233571326378,0.5901763945859224,2.4948359874565913,2.5537314305081953,0.13181087008794926,2.7344126751020608,,,
postproc__ema0p2__prefix__gru512__seed20260904,postproc,4.0,macro,1328,2.8812617452729645,0.305837163328101,2.7786263897608956,0.10263535551206789,0.342046066105956,0.36439935251136896,3.823881318918026,3.8620717866151897,0.29486179917400585,4.3218055973494165,,,
postproc__ema0p2__prefix__gru512__seed20260905,postproc,4.0,macro,1328,2.8805191880012155,0.3001250409193144,2.7891652360695414,0.09135395193167095,0.2699519887787848,0.2882716990837843,3.941109000197227,3.980454339537656,0.2984763323061819,4.513673550824082,,,
postproc__ema0p7__prefix__gru512__seed20260903,postproc,4.0,macro,1328,3.011979935191905,0.30448380964613375,2.7754420780271065,0.2365378571647959,0.755098190749977,0.7968054583648255,6.651312071811861,6.713777272242263,0.29978452230555963,7.472753117308505,,,
postproc__hysteresis0p05__prefix__gru512__seed20260904,postproc,4.0,macro,1328,2.9324037925723685,0.3009867857535082,2.779874248975978,0.15252954359638973,0.45301302927657194,0.4804118150776807,4.883450686871794,4.9325534943516365,0.2987585290378978,5.53284434162753,,,
postproc__hysteresis0p05__prefix__gru512__seed20260905,postproc,4.0,macro,1328,2.956076258779199,0.2931846941681685,2.7944922547812694,0.16158400399792694,0.43936480319124777,0.46738421587766676,4.9278702934488905,4.980879382025339,0.29436982811172824,5.682341793171243,,,
postproc__hysteresis0p2__prefix__gru512__seed20260903,postproc,4.0,macro,1328,2.8827148643020992,0.30413030199319147,2.8141182596313543,0.06859660467074542,0.3262945902611886,0.3475754069046842,3.4167966409535526,3.4551123937339465,0.3003165345771224,3.8339381701561686,,,
postproc__majority2__prefix__gru512__seed20260903,postproc,4.0,macro,1328,3.031819287819743,0.2996861372139321,2.7824553962837837,0.2493638915359574,0.7693510244382729,0.8126516995117069,6.935232665816328,7.000622219961644,0.29979565594904445,7.780810188159067,,,
postproc__majority2__prefix__gru512__seed20260904,postproc,4.0,macro,1328,2.9945809385062727,0.30205691860200573,2.7749428309624617,0.21963810754380678,0.6714251534212738,0.7074485665834205,5.90335595120815,5.959601790129788,0.29591642100722504,6.7306141842540095,,,
postproc__majority9__prefix__gru512__seed20260905,postproc,4.0,macro,1328,2.9052307503704955,0.3019597154488719,2.791660787880641,0.11356996248985163,0.3744526384849473,0.39537218407778546,4.423373827733794,4.465727261194766,0.2972028332847196,5.070293144521624,,,
postproc__patience2__prefix__gru512__seed20260903,postproc,4.0,macro,1328,2.999916938775122,0.30522103610499557,2.7799983563299127,0.21991858244520782,0.7234137135920184,0.7629370254387826,6.500394431620915,6.561192693437103,0.3003624559721671,7.305958004506602,,,
postproc__patience2__prefix__gru512__seed20260904,postproc,4.0,macro,1328,2.945222791879366,0.30635957035981454,2.7727115280980983,0.17251126378126652,0.557061341737095,0.5875630215954107,5.469330795667518,5.521807695321615,0.2955426486902343,6.232564456316198,,,
postproc__patience6__prefix__gru512__seed20260905,postproc,4.0,macro,1328,2.89196141404922,0.3032584167475732,2.7972984918988333,0.09466292215038684,0.34622313921437103,0.3669681719940535,4.109716426100805,4.150855519390377,0.30075237827667956,4.687699745984751,,,
prefix__gru128__seed20260903,prefix,4.0,macro,1328,3.0198730432522716,0.2913308031833415,2.7963334018590515,0.223539641393222,0.6356906099939815,0.6687276379586684,5.838036440940526,5.894005916977607,0.2957506684598407,6.639935106564501,,,
prefix__gru128__seed20260904,prefix,4.0,macro,1328,3.0324979254471915,0.30114436932929944,2.790228352551772,0.2422695728954175,0.7872483330583662,0.8258847464716856,6.549258222895735,6.607899194169559,0.29924444473585965,7.315595354252711,,,
prefix__gru128__seed20260905,prefix,4.0,macro,1328,2.963540383408994,0.30942029994290443,2.701085086431821,0.26245529697716946,0.6503179759626496,0.6848602508755367,5.627734235166661,5.683681655438235,0.31266618641741106,6.446210644411475,,,
prefix__gru512__seed20260903,prefix,4.0,macro,1328,3.031819287819743,0.2996861372139321,2.7824553962837837,0.2493638915359574,0.7693510244382729,0.8126516995117069,6.935232665816328,7.000622219961644,0.29979565594904445,7.780810188159067,,,
prefix__gru512__seed20260904,prefix,4.0,macro,1328,2.9945809385062727,0.30205691860200573,2.7749428309624617,0.21963810754380678,0.6714251534212738,0.7074485665834205,5.90335595120815,5.959601790129788,0.29591642100722504,6.7306141842540095,,,
prefix__gru512__seed20260905,prefix,4.0,macro,1328,2.99511043146044,0.2992445609553527,2.7970437768867398,0.19806665457369582,0.6419120022386002,0.677143081335083,5.37880646631367,5.432858245390631,0.2962071443734749,6.203414204810767,,,
r2__clipb16__gru128__ringel__seed20260903,commit,4.0,macro,1328,4.000000000000018,0.0,4.000000000000018,0.0,,,9.87500000000003,10.000000000000076,0.2632350756374485,9.875000000000087,,,
r2__clipb16__gru128__ringel__seed20260904,commit,4.0,macro,1328,4.000000000000018,0.0,4.000000000000018,0.0,,,9.87500000000004,10.000000000000078,0.25899585993766217,9.875000000000087,,,
r2__clipb16__gru128__ringel__seed20260905,commit,4.0,macro,1328,4.000000000000018,0.0,4.000000000000018,0.0,,,9.87500000000004,10.000000000000085,0.24103204231430037,9.875000000000101,,,
r2__clipb16__gru128__seed20260903,prefix,4.0,macro,1328,2.7642698413473985,0.34106619980752245,2.564996276292396,0.19927356505499752,0.3768612681351367,0.39896912931035255,3.7318478094816174,3.773907436291963,0.34137245343280814,4.219896412685733,,,
r2__clipb16__gru128__seed20260904,prefix,4.0,macro,1328,2.7717424569014217,0.3537079794194786,2.5787011755444524,0.19304128135696028,0.5274813841789859,0.5549980499880421,4.514496621546454,4.556264312119719,0.36123537071672396,5.076467877225447,,,
r2__clipb16__gru128__seed20260905,prefix,4.0,macro,1328,2.8591559658168446,0.33709958837362203,2.6588937733898197,0.2002621924270213,0.6157062377699976,0.6447948993733517,4.0989402810551905,4.141166707987509,0.3358521701361068,4.651165054370164,,,
r2__clipb16__gru128__teaser__seed20260903,commit,4.0,macro,1328,2.668362958120152,0.3383797373664678,2.668362958120152,0.0,0.06466671957469289,0.0736041869835342,0.21427959377372072,0.22452198525370543,0.33897007896398734,0.2341216570771474,,,
r2__clipb16__gru128__teaser__seed20260904,commit,4.0,macro,1328,2.694786345493585,0.3502309963517651,2.694786345493585,0.0,0.2732777278357048,0.3982777278357046,0.413712198722156,0.5387121987221567,0.35520974030458136,0.4270457851675446,,,
r2__clipb16__gru128__teaser__seed20260905,commit,4.0,macro,1328,2.8929122490592305,0.2980880720626702,2.8929122490592305,0.0,0.2860380716340119,0.4110380716340123,0.4965249973264726,0.6215249973264725,0.3090908634097631,0.5353798018389857,,,
r2__clipb16__gru512__ema__seed20260903,postproc,4.0,macro,1328,2.672011032791558,0.3504475682292187,2.5929509316905963,0.07906010110095898,0.21059157602762746,0.2232089659474141,1.6618417364762894,1.6843493563629044,0.34794324780089525,1.9145112613004744,,,
r2__clipb16__gru512__ema__seed20260904,postproc,4.0,macro,1328,2.7891179710188845,0.34017954039530923,2.6489272373957125,0.14019073362316573,0.4404619173334303,0.46550529530876633,3.1205055136331765,3.15605604154893,0.3337198071364058,3.6067903630046017,,,
r2__clipb16__gru512__ema__seed20260905,postproc,4.0,macro,1328,2.688117079901888,0.35264035823913514,2.5965930069952985,0.09152407290658642,0.2798276219749111,0.29773494314235144,2.4430371509470685,2.4719488674737633,0.33738279110758773,2.804711970196443,,,
r2__clipb16__gru512__hysteresis__seed20260903,postproc,4.0,macro,1328,2.670008557322538,0.34953432622008623,2.600851018056613,0.06915753926592279,0.19496185951128234,0.20712525587342207,1.63004246580796,1.6520788304132414,0.34833928740485565,1.874467348008902,,,
r2__clipb16__gru512__hysteresis__seed20260904,postproc,4.0,macro,1328,2.749024541600615,0.3318896087940559,2.658210034642798,0.09081450695781278,0.23074834145941464,0.2464272563025568,2.010427415231408,2.038553150343737,0.3316122322127848,2.309051796373014,,,
r2__clipb16__gru512__hysteresis__seed20260905,postproc,4.0,macro,1328,2.6755476113025245,0.3494806703933486,2.589374786179113,0.08617282512340947,0.21022705717382875,0.22272482257538034,1.403363384629279,1.4248857091209803,0.34056283938825116,1.604340493012441,,,
r2__clipb16__gru512__majority__seed20260903,postproc,4.0,macro,1328,2.67164925833989,0.3533568597792437,2.5950641236591614,0.07658513468072564,0.24076707470748884,0.25455379498547004,1.6579568302715308,1.6806273386478432,0.3508176057034264,1.9051112992269812,,,
r2__clipb16__gru512__majority__seed20260904,postproc,4.0,macro,1328,2.776390677682371,0.3391175980581042,2.6448596322872535,0.13153104539511112,0.3917846513291978,0.4164831438748028,3.5810712104849824,3.6199908084251864,0.33753529063215093,4.128245228043667,,,
r2__clipb16__gru512__majority__seed20260905,postproc,4.0,macro,1328,2.69824364291338,0.3534715043336574,2.5966439008513262,0.1015997420620516,0.3172240445786376,0.3351392094794187,2.7038573616893955,2.7341859635075765,0.34084138906822414,3.0977765171146703,,,
r2__clipb16__gru512__margin0p1__seed20260903,commit,4.0,macro,1328,2.622341177958397,0.34726478739639793,2.622341177958397,0.0,0.03282891890499902,0.03878857510272424,0.043773448886595186,0.049818806203235304,0.3563634513749201,0.049938738895621775,,,
r2__clipb16__gru512__margin0p1__seed20260904,commit,4.0,macro,1328,2.811048906659817,0.31798033492808925,2.811048906659817,0.0,0.2609288602420613,0.29085800717267324,0.6130404941651586,0.6478421502672049,0.33563850094023556,0.6656881600141035,,,
r2__clipb16__gru512__margin0p1__seed20260905,commit,4.0,macro,1328,2.609414639963862,0.3519494660079147,2.609414639963862,0.0,0.048906180170611296,0.05590237568962365,0.04447971067457248,0.051027153483000756,0.3552986560023261,0.048906180170611296,,,
r2__clipb16__gru512__margin0p2__seed20260903,commit,4.0,macro,1328,2.6374922309809214,0.346638600869204,2.6374922309809214,0.0,0.06937090790653279,0.07723274571118309,0.12094740721893384,0.12958136746877724,0.35639979053581805,0.13657415359091735,,,
r2__clipb16__gru512__margin0p2__seed20260904,commit,4.0,macro,1328,3.157675982392663,0.22724631553306437,3.157675982392663,0.0,0.293343565850788,0.32167691454799086,1.6064537556941445,1.6480063521806976,0.260816950728444,1.769699208884238,,,
r2__clipb16__gru512__margin0p2__seed20260905,commit,4.0,macro,1328,2.646633607698832,0.3496599840870058,2.646633607698832,0.0,0.12947876825276752,0.14090144951886893,0.1451837701474829,0.15644974916120757,0.35225279811087723,0.15716265682476693,,,
r2__clipb16__gru512__margin0p4__seed20260903,commit,4.0,macro,1328,2.709009200015075,0.33571816158123596,2.709009200015075,0.0,0.15453988576507394,0.16816424126234955,0.44462459248148334,0.4629828042672527,0.3529809444495287,0.49348532477935503,,,
r2__clipb16__gru512__margin0p4__seed20260904,commit,4.0,macro,1328,3.509657465770716,0.13079931013557178,3.509657465770716,0.0,0.25118409477039794,0.2747089193644904,1.8523659143284235,1.8905972544610412,0.15108917358489965,2.017381425634073,,,
r2__clipb16__gru512__margin0p4__seed20260905,commit,4.0,macro,1328,2.794893807395071,0.31214096109267697,2.794893807395071,0.0,0.13922444402573483,0.15321582520671456,0.6697437139781038,0.6919436242604943,0.3409463634210811,0.7497667887785507,,,
r2__clipb16__gru512__margin0p6__seed20260903,commit,4.0,macro,1328,2.8213316648656845,0.3131214171499192,2.8213316648656845,0.0,0.23574667659996726,0.2556531608019703,0.8112950665917992,0.8384959600916151,0.3350099645904669,0.8996648780238738,,,
r2__clipb16__gru512__margin0p6__seed20260904,commit,4.0,macro,1328,3.7995964352428495,0.057424538931388346,3.7995964352428495,0.0,0.5101406387153395,0.5570190272112348,2.374121862053932,2.43608664885287,0.06991126004684578,2.520951619051435,,,
r2__clipb16__gru512__margin0p6__seed20260905,commit,4.0,macro,1328,2.9783589117283586,0.2697073241785744,2.9783589117283586,0.0,0.21203802535520866,0.2311287838490675,1.4489306033301235,1.481706535521996,0.3106404122836245,1.5974644069669577,,,
r2__clipb16__gru512__msp0p5__seed20260903,commit,4.0,macro,1328,2.635636103561032,0.3453160673100466,2.635636103561032,0.0,0.04894175047479746,0.055500167857300796,0.07998006360126941,0.08713994527535548,0.3541503320103792,0.08882675683506301,,,
r2__clipb16__gru512__msp0p5__seed20260904,commit,4.0,macro,1328,3.3461815399238275,0.17818441959989306,3.3461815399238275,0.0,0.33066425479678924,0.3596176523521908,2.042654402214829,2.087826823101733,0.21470316102327472,2.2455765333743125,,,
r2__clipb16__gru512__msp0p5__seed20260905,commit,4.0,macro,1328,2.6311198946920884,0.35020307348936175,2.6311198946920884,0.0,0.09118192005392814,0.10098469162113778,0.12195400376557475,0.131560444667742,0.356155692602007,0.13497255497902197,,,
r2__clipb16__gru512__msp0p6__seed20260903,commit,4.0,macro,1328,2.6912600223237932,0.33686931600455083,2.6912600223237932,0.0,0.11499202955451128,0.12602555726566833,0.31662279559059797,0.3324386100267409,0.3524702575469671,0.33279442285545907,,,
r2__clipb16__gru512__msp0p6__seed20260904,commit,4.0,macro,1328,3.5582003989084887,0.11839333946558007,3.5582003989084887,0.0,0.2683745294644548,0.29381803210813273,1.867580196506204,1.9079176694084612,0.13815901492156965,2.0558123814099463,,,
r2__clipb16__gru512__msp0p6__seed20260905,commit,4.0,macro,1328,2.7572456493061033,0.32287289297102445,2.7572456493061033,0.0,0.15094863102856623,0.16364471752751242,0.4293222561740589,0.4479037575240923,0.34456454360500005,0.4755450373000951,,,
r2__clipb16__gru512__msp0p7__seed20260903,commit,4.0,macro,1328,2.753868761333419,0.3251758825874241,2.753868761333419,0.0,0.1678239211619545,0.18318242345167235,0.5405070445086911,0.5610534813821224,0.341872552641314,0.6031258574943997,,,
r2__clipb16__gru512__msp0p7__seed20260904,commit,4.0,macro,1328,3.74456676599657,0.07347802882049473,3.74456676599657,0.0,0.5236787363000975,0.5703421343599167,1.807922550703306,1.8656657463324176,0.08274141337356578,1.9399123468326829,,,
r2__clipb16__gru512__msp0p7__seed20260905,commit,4.0,macro,1328,2.8832300533626403,0.29232308163200604,2.8832300533626403,0.0,0.17967236660699606,0.19634148288161513,0.9479798933208187,0.9751170772384116,0.3272043005375047,1.055711793627308,,,
r2__clipb16__gru512__msp0p8__seed20260903,commit,4.0,macro,1328,2.8954647562531783,0.29567156142790296,2.8954647562531783,0.0,0.2643169386577899,0.28603290671171805,1.0289063695177132,1.0613474996661214,0.3291268720795351,1.1358593537237924,,,
r2__clipb16__gru512__msp0p8__seed20260904,commit,4.0,macro,1328,3.9154649787997546,0.025587084148727967,3.9154649787997546,0.0,0.696183875079669,0.748741236456342,3.7888060762408,3.8572773420433935,0.032443724477742936,4.020338262389569,,,
r2__clipb16__gru512__msp0p8__seed20260905,commit,4.0,macro,1328,3.054859656636082,0.25199927787878384,3.054859656636082,0.0,0.2494323344111274,0.2709797253952176,1.4504036394913031,1.4848767815447865,0.2882423818558982,1.5979343063268239,,,
r2__clipb16__gru512__msp0p9__seed20260903,commit,4.0,macro,1328,3.0600498643080956,0.2560816208383615,3.0600498643080956,0.0,0.3294900562770212,0.3540862860217401,1.4149234658999268,1.4513823837933093,0.28714677671283334,1.540951785571034,,,
r2__clipb16__gru512__msp0p9__seed20260904,commit,4.0,macro,1328,3.9960616438356342,0.0018264840182648401,3.9960616438356342,0.0,1.84375,1.9374999999999998,1.5499999999999998,1.6499999999999997,0.0020080321285140565,1.84375,,,
r2__clipb16__gru512__msp0p9__seed20260905,commit,4.0,macro,1328,3.2482716554426077,0.20378038433708234,3.2482716554426077,0.0,0.31108584369965236,0.3409375745999985,1.4665072650144455,1.5080702680637772,0.22813177545951444,1.5945150312919816,,,
r2__clipb16__gru512__patience__seed20260903,postproc,4.0,macro,1328,2.673711373129906,0.35290023877467747,2.596089241271447,0.07762213185845628,0.24174630350163814,0.2553891238500413,1.6373983909586576,1.6599258027446144,0.3508176057034264,1.8812157424682954,,,
r2__clipb16__gru512__patience__seed20260904,postproc,4.0,macro,1328,2.784607529496475,0.33913323980726773,2.634404643401617,0.15020288609485202,0.41618005007636466,0.4403304545046198,3.8334475290537338,3.8736974461565197,0.3432608317056037,4.421660688986183,,,
r2__clipb16__gru512__patience__seed20260905,postproc,4.0,macro,1328,2.6895251005099334,0.35194227072352197,2.598585237760163,0.09093986274976738,0.2764492688076728,0.2939683511707069,2.4905835568862273,2.519968882347353,0.34119533637288946,2.8678766861467477,,,
r2__clipb16__gru512__ringel__seed20260903,commit,4.0,macro,1328,4.000000000000018,0.0,4.000000000000018,0.0,,,9.875000000000044,10.000000000000082,0.2489528773390955,9.875000000000103,,,
r2__clipb16__gru512__ringel__seed20260904,commit,4.0,macro,1328,4.000000000000018,0.0,4.000000000000018,0.0,,,9.875000000000039,10.000000000000082,0.2397525652378834,9.875000000000089,,,
r2__clipb16__gru512__ringel__seed20260905,commit,4.0,macro,1328,4.000000000000018,0.0,4.000000000000018,0.0,,,9.87500000000004,10.000000000000085,0.24610850926037736,9.87500000000011,,,
r2__clipb16__gru512__seed20260903,prefix,4.0,macro,1328,2.6761144588385535,0.35091237974507755,2.593865726040953,0.08224873279759945,0.22730454216752677,0.24055292145393992,1.8099682966065989,1.833769466307203,0.3504271329212084,2.081666567337383,,,
r2__clipb16__gru512__seed20260904,prefix,4.0,macro,1328,2.8950029054874835,0.3255859360145555,2.6453351291960012,0.2496677762914747,0.6061276846334156,0.6370781842827977,4.8546938627800325,4.904549554197347,0.3382384981469466,5.5406127578902495,,,
r2__clipb16__gru512__seed20260905,prefix,4.0,macro,1328,2.69824364291338,0.3534715043336574,2.5966439008513262,0.1015997420620516,0.3172240445786376,0.3351392094794187,2.7038573616893955,2.7341859635075765,0.34084138906822414,3.0977765171146703,,,
r2__clipb16__gru512__teaser__seed20260903,commit,4.0,macro,1328,2.8236484878534442,0.2995645274008491,2.8236484878534442,0.0,0.07312814253048357,0.0790366418399947,0.4574124620295658,0.4694565071261405,0.3180647455232097,0.5132699851681751,,,
r2__clipb16__gru512__teaser__seed20260904,commit,4.0,macro,1328,2.949744455715272,0.3139126790444435,2.949744455715272,0.0,0.6543067088537667,0.7793067088537633,0.8361901550475161,0.9611901550475219,0.32042131859630507,0.8489895397240117,,,
r2__clipb16__gru512__teaser__seed20260905,commit,4.0,macro,1328,2.7090232315010727,0.3277158924373118,2.7090232315010727,0.0,0.060683054161413695,0.06756178739813556,0.3073184679095821,0.3163616304988483,0.33865761556279816,0.3443207861254856,,,
r2__clipb16__mean__seed20260903,clip,4.0,macro,1328,2.737328613966708,0.32891958779390357,2.685385391229206,0.05194322273749757,0.16115478405482148,0.17218613680143646,0.7346573293189917,0.7503862562866024,0.33201204774176774,0.8309674073193147,,,
r2__clipb16__mean__seed20260904,clip,4.0,macro,1328,2.6029231518463547,0.35790163023085786,2.563319630182452,0.03960352166390236,0.09647810977424585,0.10341291556822904,0.6069054201449395,0.618644126955909,0.3546218156538631,0.6966813938653682,,,
r2__clipb16__mean__seed20260905,clip,4.0,macro,1328,2.63080525889328,0.35011967852775,2.586901525755296,0.043903733137984326,0.0893522270323003,0.09503121772017971,0.6170184719277509,0.6271690682772408,0.3576904153152871,0.7126201244151754,,,
r2__r18__gru128__ringel__seed20260903,commit,4.0,macro,1328,4.000000000000018,0.0,4.000000000000018,0.0,,,9.875000000000023,10.000000000000078,0.20684042677666548,9.875000000000123,,,
r2__r18__gru128__ringel__seed20260904,commit,4.0,macro,1328,4.000000000000018,0.0,4.000000000000018,0.0,,,9.87500000000002,10.00000000000006,0.19374642222586133,9.875000000000094,,,
r2__r18__gru128__ringel__seed20260905,commit,4.0,macro,1328,4.000000000000018,0.0,4.000000000000018,0.0,,,9.875000000000027,10.000000000000078,0.2150031634847948,9.875000000000124,,,
r2__r18__gru128__seed20260903,prefix,4.0,macro,1328,3.0921198514126873,0.2804385161186854,2.847603346950718,0.2445165044619672,0.7626410196697931,0.8036632935889995,6.447911966845046,6.511072426356796,0.2751223537034593,7.45352028250497,,,
r2__r18__gru128__seed20260904,prefix,4.0,macro,1328,3.1575580939603234,0.286951086825003,2.8470847355927416,0.3104733583675778,1.0641619958267106,1.1156282316246495,7.109738785834186,7.178814048153345,0.2709318800035352,8.106951615512981,,,
r2__r18__gru128__seed20260905,prefix,4.0,macro,1328,3.024068674711449,0.28478308308396016,2.8429433464095575,0.1811253283018862,0.5730712838697007,0.6054370078600116,5.231330382937429,5.2825264764001085,0.2851149459365895,6.081030522757115,,,
r2__r18__gru128__teaser__seed20260903,commit,4.0,macro,1328,3.111133794794198,0.2706359533130203,3.111133794794198,0.0,0.7156388708719156,0.8406388708719107,0.910404660824353,1.0354046608243563,0.2740452386076806,0.9494607498033525,,,
r2__r18__gru128__teaser__seed20260904,commit,4.0,macro,1328,2.8459588753563727,0.2942583345765347,2.8459588753563727,0.0,0.07813615099672662,0.09256069628300043,0.08810062651732917,0.10288685013831712,0.2922575503176425,0.09325220927693817,,,
r2__r18__gru128__teaser__seed20260905,commit,4.0,macro,1328,2.9682132572466706,0.26272168629331066,2.9682132572466706,0.0,0.072700516997291,0.08768239613057381,0.2507051739853088,0.2678023022484095,0.2696218275314588,0.2810625382644856,,,
r2__r18__gru512__ema__seed20260903,postproc,4.0,macro,1328,2.948807277734652,0.28823778556762636,2.8473737193683464,0.10143355836630145,0.35303636476658157,0.37687780757381584,3.417915415699605,3.457845959315465,0.28077751455528877,3.8995777225328787,,,
r2__r18__gru512__ema__seed20260904,postproc,4.0,macro,1328,2.984600741909406,0.27240171851818623,2.881451676548461,0.10314906536094497,0.27241977908889864,0.2898008960575189,3.0378688357408072,3.073020553528335,0.2712099687488125,3.4752267925801656,,,
r2__r18__gru512__ema__seed20260905,postproc,4.0,macro,1328,2.958845888233689,0.303647783815176,2.7996280724223337,0.15921781581135655,0.5711782951788947,0.6045468612414475,4.627472436185195,4.676254622257882,0.28474049266180573,5.379632959459695,,,
r2__r18__gru512__hysteresis__seed20260903,postproc,4.0,macro,1328,2.9431573595001534,0.28884384617368697,2.8384057221291865,0.1047516373709629,0.3411280714481939,0.36534857937703974,3.372328390300307,3.4112963581527955,0.28234000348965616,3.814540685066097,,,
r2__r18__gru512__hysteresis__seed20260904,postproc,4.0,macro,1328,2.991827034484441,0.27159240026922177,2.8797496856425866,0.11207734884185372,0.28791908567332686,0.30440106018022894,3.058447424876367,3.0928592956437906,0.2699266272999135,3.5137788367369422,,,
r2__r18__gru512__hysteresis__seed20260905,postproc,4.0,macro,1328,2.861599316580942,0.30129277780392577,2.8079292167803587,0.05367009980058232,0.22161310431445752,0.23459071296470768,2.2530317586847404,2.2810611897638493,0.3040644752910242,2.61542024223084,,,
r2__r18__gru512__majority__seed20260903,postproc,4.0,macro,1328,2.988898608334401,0.2830610307439337,2.8467789511305637,0.1421196572038339,0.42797389309210077,0.45222077030386354,4.121844894776455,4.165535825925613,0.28447127868055483,4.713864602640828,,,
r2__r18__gru512__majority__seed20260904,postproc,4.0,macro,1328,3.008924181909523,0.27768951327354663,2.874970552469262,0.1339536294402609,0.43099299499229654,0.45336134352284296,3.3187580681465074,3.356477568492126,0.27098593622766765,3.7972246521993926,,,
r2__r18__gru512__majority__seed20260905,postproc,4.0,macro,1328,3.0069699821749984,0.29470138339863,2.792854514680289,0.21411546749470609,0.6303856250251659,0.6672184986120289,5.8611747509669945,5.918369596320123,0.2847733403391597,6.776204339863872,,,
r2__r18__gru512__margin0p1__seed20260903,commit,4.0,macro,1328,2.859417780380079,0.28642450210067866,2.859417780380079,0.0,0.017860862968364543,0.02698532877495794,0.02233620197739734,0.031805821834273745,0.28491364163710964,0.017860862968364543,,,
r2__r18__gru512__margin0p1__seed20260904,commit,4.0,macro,1328,2.845078303814247,0.2895350568509227,2.845078303814247,0.0,0.01111620559165938,0.015580238176553376,0.0130887890200291,0.018319165465079307,0.29017742653472905,0.01111620559165938,,,
r2__r18__gru512__margin0p1__seed20260905,commit,4.0,macro,1328,2.951761828923221,0.2839813869301232,2.951761828923221,0.0,0.3087786054981709,0.34372349559880344,0.4997096783917147,0.5373380923864922,0.29913627060809017,0.5229583912827837,,,
r2__r18__gru512__margin0p2__seed20260903,commit,4.0,macro,1328,2.881892376249483,0.2845204794693386,2.881892376249483,0.0,0.07020336168454083,0.08478526390574412,0.06928382361065477,0.0833200940694223,0.2812472045266577,0.07020336168454083,,,
r2__r18__gru512__margin0p2__seed20260904,commit,4.0,macro,1328,2.8638832225387127,0.2867964051633182,2.8638832225387127,0.0,0.038594776617556475,0.04829365721121024,0.0410582832282856,0.052315165321748146,0.2878110313384033,0.038594776617556475,,,
r2__r18__gru512__margin0p2__seed20260905,commit,4.0,macro,1328,3.1936876362702975,0.23066886826546387,3.1936876362702975,0.0,0.5044595319999625,0.547227386396061,1.5930086015367508,1.6438368460468593,0.26426518152937994,1.7701414411137915,,,
r2__r18__gru512__margin0p4__seed20260903,commit,4.0,macro,1328,2.9273852564713665,0.28230479126295693,2.9273852564713665,0.0,0.20050818574480406,0.22630580662771568,0.30547199883749404,0.3328222585602699,0.2851814691624385,0.32706481302088863,,,
r2__r18__gru512__margin0p4__seed20260904,commit,4.0,macro,1328,2.915678113504527,0.27914703669694624,2.915678113504527,0.0,0.11558876165807587,0.13076437326591323,0.24701712351779032,0.2643199301152114,0.2834007719465635,0.2724057843726452,,,
r2__r18__gru512__margin0p4__seed20260905,commit,4.0,macro,1328,3.5890793316004346,0.12053121847949572,3.5890793316004346,0.0,0.5907532207560247,0.6416213666694965,2.4191047139215547,2.4826633289418067,0.14871391834144493,2.646664352023732,,,
r2__r18__gru512__margin0p6__seed20260903,commit,4.0,macro,1328,3.0357611617655214,0.26348399020967833,3.0357611617655214,0.0,0.34042722114866253,0.3712542415359541,0.7415037384567306,0.7764249771805549,0.27409548479864565,0.8155398353938534,,,
r2__r18__gru512__margin0p6__seed20260904,commit,4.0,macro,1328,2.9966985931234493,0.26290600204922177,2.9966985931234493,0.0,0.18380181868689557,0.20642885337121206,0.5513345314093517,0.5782079255664703,0.27661936237623835,0.6147411614862708,,,
r2__r18__gru512__margin0p6__seed20260905,commit,4.0,macro,1328,3.8757583398784403,0.03897872368432599,3.8757583398784403,0.0,0.8125775197834333,0.8644399317009784,3.671636158556693,3.7454348975430958,0.06069340419851882,4.035709222740938,,,
r2__r18__gru512__msp0p5__seed20260903,commit,4.0,macro,1328,2.8659628687292367,0.2879666743253252,2.8659628687292367,0.0,0.06191537986928025,0.07172412965094263,0.06807462507474016,0.0772812222762509,0.2864689677880017,0.07695694530752326,,,
r2__r18__gru512__msp0p5__seed20260904,commit,4.0,macro,1328,2.848375826264358,0.2891577880726464,2.848375826264358,0.0,0.01731573127712731,0.022014062891953172,0.01861089589414983,0.02326070333159619,0.28683075167633765,0.01731573127712731,,,
r2__r18__gru512__msp0p5__seed20260905,commit,4.0,macro,1328,3.3429485968630357,0.18614752852651306,3.3429485968630357,0.0,0.47026523350601934,0.5107413869923237,2.306090712197573,2.360340602693976,0.22533828307519058,2.54464498199354,,,
r2__r18__gru512__msp0p6__seed20260903,commit,4.0,macro,1328,2.9039796308233377,0.2833402693401758,2.9039796308233377,0.0,0.13178750860583946,0.151916091143453,0.18428635221160977,0.20415686679948386,0.2822904107946801,0.200602540891338,,,
r2__r18__gru512__msp0p6__seed20260904,commit,4.0,macro,1328,2.8866697674433244,0.28458446185548464,2.8866697674433244,0.0,0.08787414007856796,0.10123651463656334,0.1529478326019703,0.1675794358895049,0.2859149223121343,0.16748346700047936,,,
r2__r18__gru512__msp0p6__seed20260905,commit,4.0,macro,1328,3.638083682959144,0.10846037201940541,3.638083682959144,0.0,0.6631470065757094,0.7234944729369815,2.285334256803022,2.3546485686488756,0.13091047250475107,2.4890914736286436,,,
r2__r18__gru512__msp0p7__seed20260903,commit,4.0,macro,1328,2.967942824530394,0.2772535646674094,2.967942824530394,0.0,0.2775693192343803,0.3056859096223584,0.41565122095968116,0.44580743399708994,0.28146249951975927,0.44713100709525816,,,
r2__r18__gru512__msp0p7__seed20260904,commit,4.0,macro,1328,2.948538427110029,0.27245750042082595,2.948538427110029,0.0,0.14082353663995806,0.15920509246905157,0.3119195212968688,0.3329966319469543,0.2797371774614978,0.3441152727976264,,,
r2__r18__gru512__msp0p7__seed20260905,commit,4.0,macro,1328,3.857288280352303,0.04344920048111276,3.857288280352303,0.0,0.7154350812567118,0.7670113102052576,3.4062204363511563,3.4794241330327282,0.06672678975839703,3.7496714867419785,,,
r2__r18__gru512__msp0p8__seed20260903,commit,4.0,macro,1328,3.0865731179973444,0.2516713263495914,3.0865731179973444,0.0,0.37055641080928503,0.40215367292604326,0.9518062557218103,0.9891330511267084,0.2662680263349119,1.0480238934298802,,,
r2__r18__gru512__msp0p8__seed20260904,commit,4.0,macro,1328,3.0062489016437874,0.26290600204922177,3.0062489016437874,0.0,0.22012776197422643,0.24407212796600514,0.5512111258310289,0.5788217811441073,0.27316076441560194,0.6075300389625781,,,
r2__r18__gru512__msp0p8__seed20260905,commit,4.0,macro,1328,3.9427352660380603,0.018913784630505543,3.9427352660380603,0.0,0.9723281151465458,1.034008882826266,3.037157253659599,3.1084553200786513,0.02426604106193755,3.363242256529963,,,
r2__r18__gru512__msp0p9__seed20260903,commit,4.0,macro,1328,3.250001254504451,0.20890738446392867,3.250001254504451,0.0,0.40989835079263676,0.4465285498531299,1.603877997731168,1.6535991903604523,0.24160632535036627,1.7414442322076928,,,
r2__r18__gru512__msp0p9__seed20260904,commit,4.0,macro,1328,3.1273853034238703,0.23675851141711915,3.1273853034238703,0.0,0.3143259714166911,0.3402425373579124,1.0162139699811341,1.0495338993379957,0.25501142652983194,1.1242929393076524,,,
r2__r18__gru512__msp0p9__seed20260905,commit,4.0,macro,1328,3.9895547945205654,0.0036529680365296807,3.9895547945205654,0.0,1.1406249999999998,1.2187499999999996,1.8375,1.9249999999999998,0.004016064257028113,1.8374999999999995,,,
r2__r18__gru512__patience__seed20260903,postproc,4.0,macro,1328,2.9468306700210514,0.2896549780358663,2.848320395882242,0.0985102741388063,0.3640558255880074,0.3889766173694537,3.404859000025474,3.4455978891005667,0.28156959376320956,3.8733137775375774,,,
r2__r18__gru512__patience__seed20260904,postproc,4.0,macro,1328,3.0049423623515397,0.27666597060616827,2.872079267412611,0.13286309493892887,0.40339708035540367,0.4243900628695353,3.398387869764229,3.4360506663849155,0.27315433470161443,3.8847044885823445,,,
r2__r18__gru512__patience__seed20260905,postproc,4.0,macro,1328,2.9706215371488875,0.30933486599605403,2.795626625470784,0.17499491167810022,0.6722843881936096,0.7117935899810901,5.274388541185511,5.328601196886382,0.2866255125969848,6.138167893855057,,,
r2__r18__gru512__ringel__seed20260903,commit,4.0,macro,1328,4.000000000000018,0.0,4.000000000000018,0.0,,,9.87500000000004,10.000000000000083,0.2095501077069657,9.875000000000119,,,
r2__r18__gru512__ringel__seed20260904,commit,4.0,macro,1328,4.000000000000018,0.0,4.000000000000018,0.0,,,9.875000000000039,10.000000000000085,0.20375084720989242,9.875000000000126,,,
r2__r18__gru512__ringel__seed20260905,commit,4.0,macro,1328,4.000000000000018,0.0,4.000000000000018,0.0,,,9.875000000000028,10.000000000000076,0.20873476546604938,9.875000000000115,,,
r2__r18__gru512__seed20260903,prefix,4.0,macro,1328,2.988898608334401,0.2830610307439337,2.8467789511305637,0.1421196572038339,0.42797389309210077,0.45222077030386354,4.121844894776455,4.165535825925613,0.28447127868055483,4.713864602640828,,,
r2__r18__gru512__seed20260904,prefix,4.0,macro,1328,3.008924181909523,0.27768951327354663,2.874970552469262,0.1339536294402609,0.43099299499229654,0.45336134352284296,3.3187580681465074,3.356477568492126,0.27098593622766765,3.7972246521993926,,,
r2__r18__gru512__seed20260905,prefix,4.0,macro,1328,3.080531999470008,0.27860975577650293,2.7993595148145856,0.2811724846554228,0.6997996966496418,0.7387171207633908,6.732856657259266,6.796259556801431,0.28392946816876696,7.775723190548825,,,
r2__r18__gru512__teaser__seed20260903,commit,4.0,macro,1328,2.936804388917386,0.2756800072278589,2.936804388917386,0.0,0.1433706354924757,0.1628332764968798,0.25470468880118274,0.2757785476522517,0.27713568676356215,0.28031115089520564,,,
r2__r18__gru512__teaser__seed20260904,commit,4.0,macro,1328,3.06428425925667,0.24160103354679024,3.06428425925667,0.0,0.12702095265622307,0.14255934513393084,0.8273817045865851,0.8500348210074875,0.2606209383770377,0.9296101681561546,,,
r2__r18__gru512__teaser__seed20260905,commit,4.0,macro,1328,2.8178920835816363,0.29920781866739704,2.8178920835816363,0.0,0.04920779917052264,0.06040554481283315,0.0464083621831017,0.05799840413569953,0.3015636588364341,0.04920779917052264,,,
r2__r18__mean__seed20260903,clip,4.0,macro,1328,2.91032673159508,0.2810676843376937,2.867746699014528,0.0425800325805509,0.12309301593097713,0.13130381485430462,1.636095695398535,1.6570641447795187,0.2890423082378133,1.8611045154192594,,,
r2__r18__mean__seed20260904,clip,4.0,macro,1328,2.8240000146923894,0.3113745266855094,2.791339645877389,0.03266036881500055,0.22319783886698194,0.23791729929445776,1.2642008223812704,1.2863644260766995,0.30642719045953115,1.4349411171948165,,,
r2__r18__mean__seed20260905,clip,4.0,macro,1328,2.912017001992312,0.28866816568978765,2.849338596933501,0.0626784050588108,0.23102535256047863,0.24639422123043997,0.9218115018838215,0.9428126089466663,0.2857838562143893,1.0470912364722529,,,
clip__r18mean__seed20260903,clip,4.0,micro,1328,2.280496987951828,0.44201807228916024,2.23851656626508,0.04198042168674699,0.1098807495741047,0.11882453151618304,0.7078947368420968,0.7214285714285631,0.4392338177014585,0.7959401709401647,,,
clip__r18mean__seed20260904,clip,4.0,micro,1328,2.372176204819299,0.41490963855422014,2.319559487951827,0.05261671686746987,0.07667876588021719,0.08212341197822078,0.798032407407398,0.8117283950617191,0.428005284015857,0.8982456140350805,,,
clip__r18mean__seed20260905,clip,4.0,micro,1328,2.290097891566286,0.4390060240963891,2.2497176204819462,0.04038027108433734,0.10506003430531646,0.11149228130360116,0.8310014727540392,0.844256259204702,0.448480845442542,0.9315723793677129,,,
commit__margin0p1__prefix__gru512__seed20260903,commit,4.0,micro,1328,2.4595256024096623,0.4006024096385573,2.4595256024096623,0.0,0.1546052631578935,0.1762218045112769,0.2338842975206588,0.2557851239669397,0.3996036988111004,0.25648148148147965,,,
commit__margin0p1__prefix__gru512__seed20260904,commit,4.0,micro,1328,2.3873305722891796,0.41792168674699126,2.3873305722891796,0.0,0.14121621621621505,0.16036036036035917,0.2223312401883805,0.24175824175823918,0.4207397622192914,0.24154804270462457,,,
commit__margin0p1__prefix__gru512__seed20260905,commit,4.0,micro,1328,2.3818712349397813,0.41114457831325624,2.3818712349397813,0.0,0.06433150183150135,0.07600732600732539,0.06310096153846086,0.07491987179487095,0.4121532364597138,0.06433150183150135,,,
commit__margin0p2__prefix__gru512__seed20260903,commit,4.0,micro,1328,2.649378765060265,0.3697289156626533,2.649378765060265,0.0,0.34699592668024193,0.3798370672097731,0.9261558219178,0.9627568493150607,0.3857331571994751,1.0125711574952483,,,
commit__margin0p2__prefix__gru512__seed20260904,commit,4.0,micro,1328,2.5380271084337602,0.39081325301205116,2.5380271084337602,0.0,0.2591522157996128,0.2875722543352579,0.9004777070063598,0.9339171974522193,0.41479524438573767,1.0008976660682145,,,
commit__margin0p2__prefix__gru512__seed20260905,commit,4.0,micro,1328,2.4414533132530356,0.40286144578313565,2.4414533132530356,0.0,0.1313084112149522,0.1495327102803727,0.22152665589660497,0.24111470113085376,0.40885072655218396,0.24107142857142672,,,
commit__margin0p4__prefix__gru512__seed20260903,commit,4.0,micro,1328,3.054405120481959,0.2628012048192785,3.054405120481959,0.0,0.401862464183379,0.4369627507163301,1.6869588744588704,1.734848484848481,0.30515191545574705,1.8513189448441139,,,
commit__margin0p4__prefix__gru512__seed20260904,commit,4.0,micro,1328,2.977786144578342,0.28313253012048356,2.977786144578342,0.0,0.38962765957446593,0.4295212765957422,1.6149193548387022,1.6653225806451544,0.32760898282694995,1.7873303167420693,,,
commit__margin0p4__prefix__gru512__seed20260905,commit,4.0,micro,1328,2.6567206325301447,0.36822289156626775,2.6567206325301447,0.0,0.3519938650306723,0.3829243353783204,0.9935092127303087,1.029313232830811,0.3943196829590527,1.1052631578947278,,,
commit__margin0p6__prefix__gru512__seed20260903,commit,4.0,micro,1328,3.4154743975903963,0.1671686746987954,3.4154743975903963,0.0,0.5033783783783776,0.5439189189189182,2.4220257234726796,2.4774919614148034,0.20541611624834782,2.6542553191489273,,,
commit__margin0p6__prefix__gru512__seed20260904,commit,4.0,micro,1328,3.413309487951842,0.16867469879518096,3.413309487951842,0.0,0.521763392857142,0.5647321428571419,2.363888888888901,2.422222222222233,0.20805812417437158,2.5858274647887236,,,
commit__margin0p6__prefix__gru512__seed20260905,commit,4.0,micro,1328,2.95792545180726,0.28689759036144746,2.95792545180726,0.0,0.3677821522309692,0.4041994750656144,1.5012327416173492,1.5488165680473307,0.3348745046235156,1.6680463576158828,,,
commit__msp0p5__prefix__gru512__seed20260903,commit,4.0,micro,1328,2.766095632530149,0.3403614457831349,2.766095632530149,0.0,0.3747234513274312,0.40873893805309447,1.175044883303402,1.2154398563734206,0.36789960369881397,1.2846115537848508,,,
commit__msp0p5__prefix__gru512__seed20260904,commit,4.0,micro,1328,2.6686746987952064,0.3614457831325327,2.6686746987952064,0.0,0.31666666666666454,0.3468749999999974,1.002773037542653,1.03924914675767,0.38705416116248703,1.1087786259541905,,,
commit__msp0p5__prefix__gru512__seed20260905,commit,4.0,micro,1328,2.486539909638578,0.3930722891566295,2.486539909638578,0.0,0.1496647509578532,0.16714559386973055,0.32520491803278345,0.34508196721311146,0.40290620871863025,0.3556797020484144,,,
commit__msp0p6__prefix__gru512__seed20260903,commit,4.0,micro,1328,3.0849021084337673,0.2537650602409651,3.0849021084337673,0.0,0.3939169139465856,0.42655786350148167,1.7889933628318555,1.8351769911504405,0.29854689564068737,1.9680589680589566,,,
commit__msp0p6__prefix__gru512__seed20260904,commit,4.0,micro,1328,2.964043674698824,0.2846385542168691,2.964043674698824,0.0,0.3604497354497335,0.398148148148146,1.624747983870961,1.6723790322580585,0.32760898282694995,1.7957865168539202,,,
commit__msp0p6__prefix__gru512__seed20260905,commit,4.0,micro,1328,2.599585843373519,0.3772590361445811,2.599585843373519,0.0,0.2879241516966048,0.31786427145708357,0.7606249999999927,0.7941666666666595,0.3963011889035706,0.8400562851782295,,,
commit__msp0p7__prefix__gru512__seed20260903,commit,4.0,micro,1328,3.316923945783166,0.19352409638554272,3.316923945783166,0.0,0.47033073929960967,0.5068093385213993,2.0828571428571534,2.1328571428571537,0.23117569352707948,2.284305993690841,,,
commit__msp0p7__prefix__gru512__seed20260904,commit,4.0,micro,1328,3.294427710843408,0.19728915662650662,3.294427710843408,0.0,0.42366412213740345,0.4656488549618306,2.1721311475409957,2.227459016393455,0.24174372523117452,2.3910060975609646,,,
commit__msp0p7__prefix__gru512__seed20260905,commit,4.0,micro,1328,2.8530685240964133,0.31777108433735146,2.8530685240964133,0.0,0.3906990521326989,0.42357819905213007,1.4255952380952273,1.4674908424908326,0.3606340819022483,1.5858094262294973,,,
commit__msp0p8__prefix__gru512__seed20260903,commit,4.0,micro,1328,3.574548192771121,0.12274096385542141,3.574548192771121,0.0,0.5337423312883446,0.578220858895707,2.3510638297872437,2.4117021276595834,0.1552179656538964,2.567535545023695,,,
commit__msp0p8__prefix__gru512__seed20260904,commit,4.0,micro,1328,3.617093373494014,0.11370481927710821,3.617093373494014,0.0,0.6324503311258288,0.6804635761589417,2.631485849056612,2.693396226415103,0.14002642007925978,2.8485824742268036,,,
commit__msp0p8__prefix__gru512__seed20260905,commit,4.0,micro,1328,3.0890436746988272,0.25225903614457956,3.0890436746988272,0.0,0.3888059701492518,0.42835820895522186,1.8804347826086916,1.9336956521739104,0.3038309114927351,2.059795673076911,,,
commit__msp0p9__prefix__gru512__seed20260903,commit,4.0,micro,1328,3.7938629518072684,0.06174698795180731,3.7938629518072684,0.0,0.6615853658536576,0.7134146341463407,2.6691810344827593,2.7349137931034484,0.07661822985468955,2.872663551401869,,,
commit__msp0p9__prefix__gru512__seed20260904,commit,4.0,micro,1328,3.844032379518112,0.045933734939759066,3.844032379518112,0.0,0.6045081967213113,0.6516393442622946,2.6091954022988477,2.6724137931034453,0.05746367239101724,2.768292682926826,,,
commit__msp0p9__prefix__gru512__seed20260905,commit,4.0,micro,1328,3.435240963855457,0.16189759036144594,3.435240963855457,0.0,0.5116279069767437,0.5511627906976739,2.408794788273626,2.4649837133550596,0.20277410832232406,2.6482664233576556,,,
postproc__ema0p2__prefix__gru512__seed20260904,postproc,4.0,micro,1328,2.413591867469901,0.42921686746988297,2.299698795180742,0.11389307228915668,0.3039473684210503,0.32280701754385704,3.4248405103667894,3.458133971291828,0.4141347424042317,3.8913636363636055,,,
postproc__ema0p2__prefix__gru512__seed20260905,postproc,4.0,micro,1328,2.4401355421686968,0.4164156626506057,2.329913403614476,0.11022213855421685,0.25406871609403064,0.2716998191681715,3.2591210613598354,3.2931177446102486,0.3982826948480885,3.735209923664094,,,
postproc__ema0p7__prefix__gru512__seed20260903,postproc,4.0,micro,1328,2.6169992469879744,0.41039156626506346,2.3544804216867634,0.26251882530120485,0.6300458715596275,0.6660550458715543,5.625826446280934,5.681404958677626,0.3996036988111004,6.3707627118643515,,,
postproc__hysteresis0p05__prefix__gru512__seed20260904,postproc,4.0,micro,1328,2.473268072289179,0.42243975903614794,2.302993222891585,0.17027484939759038,0.3859180035650592,0.40909090909090573,4.481466876971556,4.525630914826449,0.4187582562747735,5.101126126126087,,,
postproc__hysteresis0p05__prefix__gru512__seed20260905,postproc,4.0,micro,1328,2.5204254518072515,0.4081325301204851,2.3337725903614635,0.18665286144578308,0.3747693726937239,0.3994464944649417,4.21431552587642,4.259181969949875,0.3956406869220646,4.834134615384579,,,
postproc__hysteresis0p2__prefix__gru512__seed20260903,postproc,4.0,micro,1328,2.4222515060241183,0.4194277108433768,2.34535015060243,0.07690135542168675,0.23833034111310394,0.2540394973069997,2.741279069767415,2.7711794019933276,0.3976221928665825,3.100753295668525,,,
postproc__majority2__prefix__gru512__seed20260903,postproc,4.0,micro,1328,2.640907379518094,0.40662650602409955,2.360598644578331,0.28030873493975894,0.6576388888888834,0.6953703703703649,5.9607438016528365,6.019008264462747,0.3996036988111004,6.737312030075132,,,
postproc__majority2__prefix__gru512__seed20260904,postproc,4.0,micro,1328,2.543486445783154,0.42620481927711185,2.3015813253012225,0.2419051204819277,0.5825971731448714,0.6143992932862142,5.294187898089114,5.344745222929875,0.41479524438573767,6.049131627056625,,,
postproc__majority9__prefix__gru512__seed20260905,postproc,4.0,micro,1328,2.467620481927732,0.4194277108433768,2.3403614457831514,0.12725903614457826,0.34649910233392894,0.36624775583482644,3.567483388704285,3.6034053156145815,0.3976221928665825,4.0908221797322835,,,
postproc__patience2__prefix__gru512__seed20260903,postproc,4.0,micro,1328,2.6052334337349623,0.40737951807229233,2.3589043674698984,0.2463290662650602,0.5762476894639508,0.6090573012938957,5.384343853820545,5.4377076411959555,0.3976221928665825,6.10483870967737,,,
postproc__patience2__prefix__gru512__seed20260904,postproc,4.0,micro,1328,2.499058734939781,0.4277108433734974,2.301581325301222,0.19747740963855423,0.4907570422535171,0.5176056338028127,4.93102073365226,4.978468899521474,0.4141347424042317,5.629349816849774,,,
postproc__patience6__prefix__gru512__seed20260905,postproc,4.0,micro,1328,2.4524661144578537,0.4201807228915696,2.3422439759036346,0.11022213855421685,0.3169802867383489,0.33602150537634123,3.2837893864012933,3.31840796019897,0.3982826948480885,3.754039923954345,,,
prefix__gru128__seed20260903,prefix,4.0,micro,1328,2.5068712349397804,0.43072289156626853,2.250847138554233,0.256024096385542,0.53343531468531,0.5616258741258698,5.104813664596216,5.154114906832235,0.42536327608983315,5.802526595744633,,,
prefix__gru128__seed20260904,prefix,4.0,micro,1328,2.5750188253012274,0.4201807228915696,2.3010165662650786,0.2740022590361445,0.6086469534050128,0.6397849462365542,5.403219395866392,5.453497615262261,0.41545574636724364,6.11328828828824,,,
prefix__gru128__seed20260905,prefix,4.0,micro,1328,2.4562311746988144,0.44201807228916024,2.1700865963855565,0.28614457831325296,0.5074531516183943,0.5357751277683093,4.8736762481088665,4.922844175491619,0.4365918097754346,5.566724436741723,,,
prefix__gru512__seed20260903,prefix,4.0,micro,1328,2.640907379518094,0.40662650602409955,2.360598644578331,0.28030873493975894,0.6576388888888834,0.6953703703703649,5.9607438016528365,6.019008264462747,0.3996036988111004,6.737312030075132,,,
prefix__gru512__seed20260904,prefix,4.0,micro,1328,2.543486445783154,0.42620481927711185,2.3015813253012225,0.2419051204819277,0.5825971731448714,0.6143992932862142,5.294187898089114,5.344745222929875,0.41479524438573767,6.049131627056625,,,
prefix__gru512__seed20260905,prefix,4.0,micro,1328,2.557511295180745,0.41490963855422014,2.3391378012048363,0.21837349397590367,0.5233666061705945,0.5530852994555313,4.581803005008302,4.628130217028335,0.3956406869220646,5.264210019267782,,,
r2__clipb16__gru128__ringel__seed20260903,commit,4.0,micro,1328,4.000000000000042,0.0,4.000000000000042,0.0,,,9.875000000000096,9.999999999999899,0.2892998678996038,9.874999999999876,,,
r2__clipb16__gru128__ringel__seed20260904,commit,4.0,micro,1328,4.000000000000042,0.0,4.000000000000042,0.0,,,9.875000000000108,9.999999999999945,0.26023778071334125,9.8749999999999,,,
r2__clipb16__gru128__ringel__seed20260905,commit,4.0,micro,1328,4.000000000000042,0.0,4.000000000000042,0.0,,,9.8750000000001,9.999999999999911,0.2813738441215322,9.874999999999883,,,
r2__clipb16__gru128__seed20260903,prefix,4.0,micro,1328,2.5688064759036378,0.39834337349397897,2.354386295180739,0.21442018072289143,0.40713610586011023,0.4305293005671044,3.572559931506819,3.6121575342465406,0.3857331571994751,4.064341846758319,,,
r2__clipb16__gru128__seed20260904,prefix,4.0,micro,1328,2.7612951807229167,0.36445783132530385,2.5382153614458045,0.22307981927710846,0.6012396694214829,0.6317148760330534,4.480504587155928,4.522935779816484,0.35997357992074236,5.0781249999999645,,,
r2__clipb16__gru128__seed20260905,prefix,4.0,micro,1328,2.6073983433735157,0.3938253012048223,2.4093561746988135,0.19804216867469873,0.4639101338432085,0.48757170172083764,3.524915540540507,3.5616554054053706,0.39101717305152284,4.00702519379842,,,
r2__clipb16__gru128__teaser__seed20260903,commit,4.0,micro,1328,2.3730233433735166,0.4134036144578346,2.3730233433735166,0.0,0.06443533697632008,0.07331511839708503,0.16461965134706627,0.1747226624405686,0.4167767503302556,0.1798561151079123,,,
r2__clipb16__gru128__teaser__seed20260904,commit,4.0,micro,1328,2.588384789156664,0.3787650602409667,2.588384789156664,0.0,0.2731113320079512,0.39811133200795135,0.4115120274914062,0.5365120274914024,0.38441215323646316,0.4408914728682111,,,
r2__clipb16__gru128__teaser__seed20260905,commit,4.0,micro,1328,2.5601468373494347,0.38780120481928004,2.5601468373494347,0.0,0.287135922330096,0.4121359223300959,0.5059719934102102,0.6309719934102066,0.40092470277411235,0.5447761194029775,,,
r2__clipb16__gru512__ema__seed20260903,postproc,4.0,micro,1328,2.4562311746988166,0.40662650602409955,2.364834337349418,0.09139683734939762,0.2034722222222206,0.21574074074073904,1.462809917355357,1.4838842975206454,0.3996036988111004,1.6714285714285588,,,
r2__clipb16__gru512__ema__seed20260904,postproc,4.0,micro,1328,2.6659450301205068,0.36521084337349663,2.537274096385564,0.12867093373493974,0.34716494845360574,0.36752577319587365,2.736615678776275,2.7672084130018963,0.34544253632761107,3.164166666666646,,,
r2__clipb16__gru512__ema__seed20260905,postproc,4.0,micro,1328,2.4044615963855627,0.42620481927711185,2.2911332831325493,0.113328313253012,0.25640459363957396,0.2725265017667823,2.1252042483659914,2.149918300653572,0.4042272126816422,2.4463610586011164,,,
r2__clipb16__gru512__hysteresis__seed20260903,postproc,4.0,micro,1328,2.455195783132552,0.405120481927714,2.3707643072289355,0.08443147590361447,0.18680297397769363,0.19842007434944084,1.4360561056105465,1.4566831683168169,0.4002642007926064,1.6397338403041706,,,
r2__clipb16__gru512__hysteresis__seed20260904,postproc,4.0,micro,1328,2.6177522590361697,0.3629518072289183,2.5330384036144813,0.08471385542168673,0.19164937759335954,0.20539419087136776,1.7416026871401047,1.7648752399232142,0.34412153236459914,1.9969646799116876,,,
r2__clipb16__gru512__hysteresis__seed20260905,postproc,4.0,micro,1328,2.3674698795180933,0.42921686746988297,2.279179216867489,0.08829066265060241,0.19649122807017377,0.20789473684210358,1.2329545454545325,1.2512175324675199,0.40686922060766606,1.4148686679174383,,,
r2__clipb16__gru512__majority__seed20260903,postproc,4.0,micro,1328,2.4494540662650817,0.4088855421686779,2.3646460843373696,0.08480798192771083,0.20787292817679393,0.22007366482504429,1.4641393442622803,1.4848360655737558,0.40290620871863025,1.672405660377346,,,
r2__clipb16__gru512__majority__seed20260904,postproc,4.0,micro,1328,2.667168674698819,0.3614457831325327,2.539344879518095,0.12782379518072287,0.3124999999999976,0.3322916666666642,3.2205743879472486,3.2547080979284146,0.3507265521796588,3.7193654266958163,,,
r2__clipb16__gru512__majority__seed20260905,postproc,4.0,micro,1328,2.42253388554219,0.4239457831325335,2.291698042168693,0.130835843373494,0.2790852575488432,0.29529307282415396,2.294105691056887,2.3199186991869682,0.4062087186261601,2.633677298311424,,,
r2__clipb16__gru512__margin0p1__seed20260903,commit,4.0,micro,1328,2.3937311746988175,0.405120481927714,2.3937311746988175,0.0,0.035083643122676304,0.04089219330854986,0.03971774193548345,0.04556451612903178,0.40951122853368993,0.043599257884971855,,,
r2__clipb16__gru512__margin0p1__seed20260904,commit,4.0,micro,1328,2.7326807228915944,0.33734939759036375,2.7326807228915944,0.0,0.24330357142856976,0.2712053571428552,0.5270206766917264,0.5582706766917257,0.3513870541611648,0.5736228813559273,,,
r2__clipb16__gru512__margin0p1__seed20260905,commit,4.0,micro,1328,2.3028049698795394,0.4284638554216902,2.3028049698795394,0.0,0.03888400702987667,0.04481546572934939,0.03508435582822044,0.04064417177914063,0.4306472919418809,0.03888400702987667,,,
r2__clipb16__gru512__margin0p2__seed20260903,commit,4.0,micro,1328,2.4042733433735166,0.40662650602409955,2.4042733433735166,0.0,0.07569444444444387,0.08425925925925865,0.13058213716108313,0.13995215311004638,0.4141347424042317,0.14533820840950523,,,
r2__clipb16__gru512__margin0p2__seed20260904,commit,4.0,micro,1328,3.051298945783163,0.25602409638554346,3.051298945783163,0.0,0.2944852941176455,0.32205882352941007,1.3320938215102978,1.3712814645308935,0.28863936591809786,1.4641943734015261,,,
r2__clipb16__gru512__margin0p2__seed20260905,commit,4.0,micro,1328,2.350338855421708,0.42545180722891907,2.350338855421708,0.0,0.12256637168141496,0.13362831858406973,0.14076923076922918,0.15192307692307516,0.42932628797886896,0.1507482394366185,,,
r2__clipb16__gru512__margin0p4__seed20260903,commit,4.0,micro,1328,2.5017884036144813,0.3885542168674728,2.5017884036144813,0.0,0.14413759689922367,0.15697674418604535,0.4529220779220734,0.470779220779216,0.40686922060766606,0.5011531365313615,,,
r2__clipb16__gru512__margin0p4__seed20260904,commit,4.0,micro,1328,3.4385353915662993,0.15286144578313257,3.4385353915662993,0.0,0.32697044334975356,0.3559113300492611,1.70707547169812,1.7481132075471761,0.1750330250990746,1.8657024793388386,,,
r2__clipb16__gru512__margin0p4__seed20260905,commit,4.0,micro,1328,2.495481927710867,0.3900602409638584,2.495481927710867,0.0,0.14285714285714177,0.1573359073359062,0.5284181240063538,0.5488871224165282,0.41545574636724364,0.5904545454545403,,,
r2__clipb16__gru512__margin0p6__seed20260903,commit,4.0,micro,1328,2.6310240963855662,0.3621987951807255,2.6310240963855662,0.0,0.22037422037421872,0.23804573804573623,0.821643717728048,0.8463855421686675,0.3837516512549572,0.9075144508670451,,,
r2__clipb16__gru512__margin0p6__seed20260904,commit,4.0,micro,1328,3.73371611445787,0.07680722891566265,3.73371611445787,0.0,0.5330882352941176,0.5808823529411766,1.794230769230771,1.8500000000000014,0.08586525759577271,1.9438559322033915,,,
r2__clipb16__gru512__margin0p6__seed20260905,commit,4.0,micro,1328,2.7091490963855693,0.3396084337349421,2.7091490963855693,0.0,0.19900221729489884,0.21674057649667255,1.2102173913043373,1.2395652173912939,0.3797886393659214,1.3374999999999901,,,
r2__clipb16__gru512__msp0p5__seed20260903,commit,4.0,micro,1328,2.407191265060263,0.40361445783132843,2.407191265060263,0.0,0.05363805970149214,0.0606343283582085,0.09184083601286079,0.09967845659163878,0.41083223249670187,0.10143253234750378,,,
r2__clipb16__gru512__msp0p5__seed20260904,commit,4.0,micro,1328,3.232774849397624,0.21084337349397667,3.232774849397624,0.0,0.36116071428571284,0.3928571428571415,1.6668956043956122,1.7101648351648444,0.24042272126816264,1.8380335365853566,,,
r2__clipb16__gru512__msp0p5__seed20260905,commit,4.0,micro,1328,2.333866716867492,0.4246987951807263,2.333866716867492,0.0,0.07690602836879372,0.08510638297872274,0.11676875957120844,0.12519142419601692,0.43130779392338686,0.12786091549295675,,,
r2__clipb16__gru512__msp0p6__seed20260903,commit,4.0,micro,1328,2.4692206325301425,0.3930722891566295,2.4692206325301425,0.0,0.10560344827586121,0.1163793103448267,0.3090503246753214,0.3242694805194772,0.40686922060766606,0.3354166666666641,,,
r2__clipb16__gru512__msp0p6__seed20260904,commit,4.0,micro,1328,3.501506024096421,0.13704819277108418,3.501506024096421,0.0,0.36263736263736296,0.3914835164835169,1.8206967213114824,1.863729508196728,0.16116248348744985,2.006818181818179,,,
r2__clipb16__gru512__msp0p6__seed20260905,commit,4.0,micro,1328,2.4460655120482153,0.40286144578313565,2.4460655120482153,0.0,0.1427570093457932,0.15514018691588666,0.3400706436420683,0.3563579277864954,0.4207397622192914,0.37455035971222733,,,
r2__clipb16__gru512__msp0p7__seed20260903,commit,4.0,micro,1328,2.5577936746988197,0.3780120481927739,2.5577936746988197,0.0,0.18476095617529742,0.19970119521912205,0.5566275167785182,0.5767617449664374,0.3936591809775467,0.6155303030302982,,,
r2__clipb16__gru512__msp0p7__seed20260904,commit,4.0,micro,1328,3.6901355421687123,0.08734939759036138,3.6901355421687123,0.0,0.45258620689655205,0.4956896551724142,1.289893617021278,1.3386524822695058,0.09313077939233805,1.3950000000000016,,,
r2__clipb16__gru512__msp0p7__seed20260905,commit,4.0,micro,1328,2.599021084337373,0.36746987951807497,2.599021084337373,0.0,0.18749999999999858,0.2038934426229493,0.7721807628523972,0.7968490878938567,0.3982826948480885,0.85714285714285,,,
r2__clipb16__gru512__msp0p8__seed20260903,commit,4.0,micro,1328,2.6805346385542417,0.35240963855421936,2.6805346385542417,0.0,0.2558760683760664,0.2772435897435877,0.9487347294938839,0.9781849912739878,0.37846763540290945,1.0424804687499916,,,
r2__clipb16__gru512__msp0p8__seed20260904,commit,4.0,micro,1328,3.880647590361487,0.03463855421686746,3.880647590361487,0.0,0.5543478260869567,0.6032608695652175,2.7480769230769218,2.811538461538461,0.04293262879788641,2.9666666666666655,,,
r2__clipb16__gru512__msp0p8__seed20260905,commit,4.0,micro,1328,2.7923569277108715,0.31852409638554424,2.7923569277108715,0.0,0.20862884160756365,0.22813238770685446,1.1391728624535236,1.170074349442372,0.3553500660502006,1.2567849686847503,,,
r2__clipb16__gru512__msp0p9__seed20260903,commit,4.0,micro,1328,2.8625753012048465,0.31024096385542366,2.8625753012048465,0.0,0.333737864077668,0.3586165048543667,1.1232741617356936,1.1577909270216902,0.3348745046235156,1.2183406113537032,,,
r2__clipb16__gru512__msp0p9__seed20260904,commit,4.0,micro,1328,3.9935052710843797,0.0030120481927710845,3.9935052710843797,0.0,1.84375,1.9374999999999998,1.55,1.6500000000000001,0.0033025099075297227,1.84375,,,
r2__clipb16__gru512__msp0p9__seed20260905,commit,4.0,micro,1328,3.022402108433765,0.2658132530120496,3.022402108433765,0.0,0.3222379603399415,0.3526912181303097,1.3693820224719093,1.4106741573033696,0.2939233817701456,1.4842202970296938,,,
r2__clipb16__gru512__patience__seed20260903,postproc,4.0,micro,1328,2.4514307228915877,0.4081325301204851,2.3645519578313454,0.08687876506024095,0.20571955719557034,0.21771217712176946,1.4340163934426085,1.454508196721297,0.40290620871863025,1.6377358490565914,,,
r2__clipb16__gru512__patience__seed20260904,postproc,4.0,micro,1328,2.6616152108433986,0.36370481927711107,2.5258847891566476,0.135730421686747,0.32013457556935593,0.3395445134575544,3.201506591337079,3.235875706214667,0.3507265521796588,3.705592105263132,,,
r2__clipb16__gru512__patience__seed20260905,postproc,4.0,micro,1328,2.40163780120484,0.4284638554216902,2.291603915662669,0.11003388554216864,0.26955184534270443,0.28558875219683416,2.0617862969004683,2.0860522022838284,0.40488771466314816,2.3764204545454373,,,
r2__clipb16__gru512__ringel__seed20260903,commit,4.0,micro,1328,4.000000000000042,0.0,4.000000000000042,0.0,,,9.875000000000098,9.99999999999991,0.2820343461030382,9.874999999999881,,,
r2__clipb16__gru512__ringel__seed20260904,commit,4.0,micro,1328,4.000000000000042,0.0,4.000000000000042,0.0,,,9.875000000000112,9.99999999999996,0.25231175693526964,9.87499999999991,,,
r2__clipb16__gru512__ringel__seed20260905,commit,4.0,micro,1328,4.000000000000042,0.0,4.000000000000042,0.0,,,9.875000000000094,9.999999999999892,0.29524438573315753,9.874999999999872,,,
r2__clipb16__gru512__seed20260903,prefix,4.0,micro,1328,2.4641378012048407,0.40737951807229233,2.365493222891587,0.09864457831325302,0.22989833641404622,0.2430683918669112,1.628489326765172,1.6510673234811002,0.4022457067371243,1.8594045368619903,,,
r2__clipb16__gru512__seed20260904,prefix,4.0,micro,1328,2.779649849397616,0.34939759036144824,2.546216114457849,0.23343373493975905,0.5072737068965482,0.534482758620686,4.227533460803033,4.272466539196914,0.34544253632761107,4.829470198675466,,,
r2__clipb16__gru512__seed20260905,prefix,4.0,micro,1328,2.42253388554219,0.4239457831325335,2.291698042168693,0.130835843373494,0.2790852575488432,0.29529307282415396,2.294105691056887,2.3199186991869682,0.4062087186261601,2.633677298311424,,,
r2__clipb16__gru512__teaser__seed20260903,commit,4.0,micro,1328,2.503294427710867,0.3825301204819306,2.503294427710867,0.0,0.08735236220472374,0.09448818897637726,0.40547263681591655,0.4174958540630142,0.3982826948480885,0.45070754716980793,,,
r2__clipb16__gru512__teaser__seed20260904,commit,4.0,micro,1328,2.7592243975903905,0.36445783132530385,2.7592243975903905,0.0,0.5955578512396604,0.7205578512396671,0.7006756756756707,0.8256756756756711,0.36657859973580204,0.7172920892494847,,,
r2__clipb16__gru512__teaser__seed20260905,commit,4.0,micro,1328,2.366622740963877,0.41490963855422014,2.366622740963877,0.0,0.06329401088929171,0.06941923774954574,0.2755813953488341,0.28372093023255485,0.4260237780713391,0.30806737588652233,,,
r2__clipb16__mean__seed20260903,clip,4.0,micro,1328,2.5229668674699024,0.3825301204819306,2.4636671686747214,0.05929969879518071,0.13877952755905404,0.1486220472440934,0.7457044673539452,0.7615979381443232,0.38441215323646316,0.8422619047618985,,,
r2__clipb16__mean__seed20260904,clip,4.0,micro,1328,2.4689382530120714,0.3930722891566295,2.4238516566265282,0.045086596385542146,0.10488505747126355,0.11206896551724053,0.544396551724133,0.5551724137930983,0.3830911492734512,0.6202970297029657,,,
r2__clipb16__mean__seed20260905,clip,4.0,micro,1328,2.5525225903614697,0.3712349397590389,2.5059299698795416,0.04659262048192771,0.10091277890466457,0.10699797160243331,0.5881696428571384,0.5982142857142808,0.3698811096433319,0.6678571428571379,,,
r2__r18__gru128__ringel__seed20260903,commit,4.0,micro,1328,4.000000000000042,0.0,4.000000000000042,0.0,,,9.875000000000101,9.99999999999992,0.27476882430647254,9.874999999999888,,,
r2__r18__gru128__ringel__seed20260904,commit,4.0,micro,1328,4.000000000000042,0.0,4.000000000000042,0.0,,,9.875000000000089,9.999999999999966,0.23183619550858542,9.874999999999932,,,
r2__r18__gru128__ringel__seed20260905,commit,4.0,micro,1328,4.000000000000042,0.0,4.000000000000042,0.0,,,9.875000000000096,9.999999999999902,0.28665785997357995,9.874999999999877,,,
r2__r18__gru128__seed20260903,prefix,4.0,micro,1328,2.724868222891591,0.38027108433735224,2.4631965361445958,0.2616716867469878,0.6467821782178164,0.6821782178217771,5.981060606060557,6.039215686274456,0.37054161162483784,6.835809426229458,,,
r2__r18__gru128__seed20260904,prefix,4.0,micro,1328,2.9669615963855684,0.34111445783132766,2.6232115963855582,0.3437499999999997,0.9715783664459086,1.019315673289175,6.866564417177886,6.9330265848670445,0.3229854689564082,7.832647058823479,,,
r2__r18__gru128__seed20260905,prefix,4.0,micro,1328,2.6647213855421916,0.38403614457831614,2.4439006024096592,0.22082078313253,0.5230392156862704,0.5534313725490154,4.874130434782566,4.921304347826043,0.3797886393659214,5.598895582329278,,,
r2__r18__gru128__teaser__seed20260903,commit,4.0,micro,1328,2.7331513554217177,0.38027108433735224,2.7331513554217177,0.0,0.6685643564356348,0.793564356435641,0.88055555555554,1.0055555555555458,0.38639365918098106,0.9210652591170764,,,
r2__r18__gru128__teaser__seed20260904,commit,4.0,micro,1328,2.573042168674724,0.3621987951807255,2.573042168674724,0.0,0.06029106029105986,0.07172557172557122,0.07720588235294064,0.08915441176470523,0.3593130779392364,0.08074534161490626,,,
r2__r18__gru128__teaser__seed20260905,commit,4.0,micro,1328,2.52127259036147,0.37650602409638834,2.52127259036147,0.0,0.07249999999999947,0.08749999999999938,0.2418384879725065,0.25859106529209386,0.38441215323646316,0.27156862745097843,,,
r2__r18__gru512__ema__seed20260903,postproc,4.0,micro,1328,2.6060805722891804,0.38027108433735224,2.4702560240964053,0.1358245481927711,0.3344059405940568,0.35594059405940326,3.105958781361982,3.142473118279545,0.36856010568031994,3.5716873706003867,,,
r2__r18__gru512__ema__seed20260904,postproc,4.0,micro,1328,2.5746423192771326,0.37951807228915946,2.4611257530120687,0.11351656626506028,0.24429563492063303,0.2594246031746012,2.3808770343580283,2.410036166365263,0.3652575957727901,2.732588357588339,,,
r2__r18__gru512__ema__seed20260905,postproc,4.0,micro,1328,2.683358433734965,0.3734939759036172,2.5229668674698993,0.16039156626506024,0.4747983870967705,0.5035282258064478,4.543843283582057,4.590485074626835,0.35402906208718865,5.2284946236558785,,,
r2__r18__gru512__hysteresis__seed20260903,postproc,4.0,micro,1328,2.5961031626506252,0.381024096385545,2.46253765060243,0.13356551204819272,0.315464426877468,0.33695652173912805,2.9422043010752463,2.9762544802867157,0.36856010568031994,3.367783505154612,,,
r2__r18__gru512__hysteresis__seed20260904,postproc,4.0,micro,1328,2.583584337349421,0.37951807228915946,2.4599021084337545,0.12368222891566265,0.26785714285714085,0.28323412698412476,2.39689781021896,2.4260948905109303,0.36195508586526026,2.760548523206733,,,
r2__r18__gru512__hysteresis__seed20260905,postproc,4.0,micro,1328,2.594973644578338,0.3704819277108461,2.5272966867470106,0.06767695783132532,0.2075711382113806,0.2205284552845513,2.0535071942445895,2.0795863309352374,0.367239101717308,2.347479423868295,,,
r2__r18__gru512__majority__seed20260903,postproc,4.0,micro,1328,2.6470256024096632,0.37650602409638834,2.470067771084356,0.17695783132530118,0.406499999999997,0.42899999999999683,3.65040106951869,3.68939393939391,0.37054161162483784,4.1922680412370825,,,
r2__r18__gru512__majority__seed20260904,postproc,4.0,micro,1328,2.6086219879518313,0.3817771084337378,2.4552899096385743,0.1533320783132529,0.35552268244575674,0.3752465483234686,2.738245931283885,2.7707956600361463,0.3652575957727901,3.136197916666643,,,
r2__r18__gru512__majority__seed20260905,postproc,4.0,micro,1328,2.7496234939759305,0.36370481927711107,2.5248493975903825,0.2247740963855421,0.5621118012422318,0.5952380952380909,5.5849811676082535,5.6393596986816945,0.3507265521796588,6.393088552915721,,,
r2__r18__gru512__margin0p1__seed20260903,commit,4.0,micro,1328,2.479856927710867,0.3817771084337378,2.479856927710867,0.0,0.018244575936883497,0.026627218934911046,0.021410034602075943,0.029844290657439182,0.3817701453104393,0.018244575936883497,,,
r2__r18__gru512__margin0p1__seed20260904,commit,4.0,micro,1328,2.4377823795180946,0.39156626506024395,2.4377823795180946,0.0,0.010336538461538383,0.014423076923076815,0.012605042016806603,0.01722689075630236,0.39299867899604074,0.010336538461538383,,,
r2__r18__gru512__margin0p1__seed20260905,commit,4.0,micro,1328,2.700395331325328,0.34864457831325546,2.700395331325328,0.0,0.27240820734341065,0.3023758099352029,0.39912683823529127,0.43106617647058537,0.3593130779392364,0.4253144654088018,,,
r2__r18__gru512__margin0p2__seed20260903,commit,4.0,micro,1328,2.5113893072289395,0.3780120481927739,2.5113893072289395,0.0,0.06200199203187209,0.07470119521912294,0.06260945709281908,0.07486865148861581,0.3771466314398975,0.06200199203187209,,,
r2__r18__gru512__margin0p2__seed20260904,commit,4.0,micro,1328,2.4535956325301433,0.3900602409638584,2.4535956325301433,0.0,0.03547297297297271,0.042953667953667625,0.037942664418212126,0.04637436762225926,0.3916776750330288,0.03547297297297271,,,
r2__r18__gru512__margin0p2__seed20260905,commit,4.0,micro,1328,2.964514307228946,0.2921686746987969,2.964514307228946,0.0,0.45586340206185294,0.49677835051546093,1.4546593186372678,1.5035070140280493,0.32959048877146785,1.6123595505617871,,,
r2__r18__gru512__margin0p4__seed20260903,commit,4.0,micro,1328,2.5549698795180973,0.3780120481927739,2.5549698795180973,0.0,0.17729083665338508,0.20019920318724954,0.2445840554592699,0.2681975736568436,0.3811096433289333,0.2602941176470569,,,
r2__r18__gru512__margin0p4__seed20260904,commit,4.0,micro,1328,2.511295180722915,0.3817771084337378,2.511295180722915,0.0,0.10059171597633057,0.11291913214990056,0.15951972555746002,0.17281303602058168,0.38507265521796913,0.1734892787524353,,,
r2__r18__gru512__margin0p4__seed20260905,commit,4.0,micro,1328,3.457643072289191,0.15813253012048203,3.457643072289191,0.0,0.5702380952380948,0.6190476190476186,2.352542372881366,2.414406779661029,0.1948480845442528,2.585377358490558,,,
r2__r18__gru512__margin0p6__seed20260903,commit,4.0,micro,1328,2.6937123493976176,0.3539156626506049,2.6937123493976176,0.0,0.3090425531914872,0.33776595744680604,0.5790307971014452,0.610507246376807,0.36459709379128413,0.6356490872210903,,,
r2__r18__gru512__margin0p6__seed20260904,commit,4.0,micro,1328,2.59271460843376,0.36822289156626775,2.59271460843376,0.0,0.17816973415132797,0.19734151329243219,0.41442807625649536,0.4363084922010364,0.3811096433289333,0.4607843137254866,,,
r2__r18__gru512__margin0p6__seed20260905,commit,4.0,micro,1328,3.802146084337389,0.06024096385542176,3.802146084337389,0.0,0.7156249999999992,0.7624999999999993,3.333015267175576,3.398854961832064,0.08652575957727865,3.6955128205128225,,,
r2__r18__gru512__msp0p5__seed20260903,commit,4.0,micro,1328,2.48522213855424,0.38403614457831614,2.48522213855424,0.0,0.0556372549019604,0.06421568627450931,0.05711206896551672,0.06508620689655112,0.3830911492734512,0.06457925636007783,,,
r2__r18__gru512__msp0p5__seed20260904,commit,4.0,micro,1328,2.4381588855421916,0.3923192771084367,2.4381588855421916,0.0,0.018953934740882774,0.023032629558541094,0.02062289562289543,0.024831649831649597,0.3923381770145348,0.018953934740882774,,,
r2__r18__gru512__msp0p5__seed20260905,commit,4.0,micro,1328,3.1510730421687065,0.24246987951807344,3.1510730421687065,0.0,0.4988354037267057,0.5395962732919227,2.0997679814385135,2.152552204176335,0.28467635402906205,2.3126614987079988,,,
r2__r18__gru512__msp0p6__seed20260903,commit,4.0,micro,1328,2.5323795180723128,0.3780120481927739,2.5323795180723128,0.0,0.11752988047808677,0.1349601593625488,0.14401223776223662,0.16083916083915945,0.3778071334214035,0.155198019801979,,,
r2__r18__gru512__msp0p6__seed20260904,commit,4.0,micro,1328,2.477503765060264,0.38780120481928004,2.477503765060264,0.0,0.07402912621359169,0.08495145631067895,0.10783898305084645,0.1194915254237277,0.3896961690885109,0.11727799227799136,,,
r2__r18__gru512__msp0p6__seed20260905,commit,4.0,micro,1328,3.51571912650606,0.14231927710843364,3.51571912650606,0.0,0.5972222222222223,0.6468253968253974,2.372191011235963,2.4353932584269766,0.17635402906208647,2.586458333333327,,,
r2__r18__gru512__msp0p7__seed20260903,commit,4.0,micro,1328,2.608810240963881,0.36897590361446053,2.608810240963881,0.0,0.22959183673469216,0.2535714285714266,0.32627865961199026,0.35185185185184903,0.37450462351387365,0.34705588822355027,,,
r2__r18__gru512__msp0p7__seed20260904,commit,4.0,micro,1328,2.5432981927711085,0.37650602409638834,2.5432981927711085,0.0,0.130999999999999,0.14549999999999894,0.21243523316062,0.2284110535405852,0.38243064729194526,0.23305500982318092,,,
r2__r18__gru512__msp0p7__seed20260905,commit,4.0,micro,1328,3.7748493975904003,0.06626506024096392,3.7748493975904003,0.0,0.6022727272727267,0.6477272727272722,3.106896551724143,3.1724137931034533,0.09577278731836181,3.450000000000005,,,
r2__r18__gru512__msp0p8__seed20260903,commit,4.0,micro,1328,2.756588855421714,0.3403614457831349,2.756588855421714,0.0,0.3467920353982279,0.37665929203539567,0.8281826568265626,0.8630073800737952,0.35799207397622446,0.9110082304526679,,,
r2__r18__gru512__msp0p8__seed20260904,commit,4.0,micro,1328,2.606362951807253,0.36822289156626775,2.606362951807253,0.0,0.21523517382412935,0.23568507157464044,0.4608013937282189,0.48388501742159884,0.3791281373844154,0.5081200787401535,,,
r2__r18__gru512__msp0p8__seed20260905,commit,4.0,micro,1328,3.9109563253012456,0.02786144578313252,3.9109563253012456,0.0,0.8040540540540546,0.8581081081081086,3.0937500000000004,3.160714285714286,0.03698811096433289,3.4574999999999987,,,
r2__r18__gru512__msp0p9__seed20260903,commit,4.0,micro,1328,2.949359939759065,0.29066265060241137,2.949359939759065,0.0,0.3853626943005157,0.41904145077719956,1.415160642570274,1.460341365461841,0.3289299867899619,1.5449999999999902,,,
r2__r18__gru512__msp0p9__seed20260904,commit,4.0,micro,1328,2.7448230421687017,0.33734939759036375,2.7448230421687017,0.0,0.2792968749999981,0.30189732142856945,0.8965201465201396,0.9258241758241695,0.3606340819022483,0.9943762781186021,,,
r2__r18__gru512__msp0p9__seed20260905,commit,4.0,micro,1328,3.9827748493976323,0.006024096385542168,3.9827748493976323,0.0,1.1406250000000002,1.2187500000000002,1.8375000000000006,1.9250000000000003,0.006605019815059444,1.8375000000000006,,,
r2__r18__gru512__patience__seed20260903,postproc,4.0,micro,1328,2.596291415662675,0.3817771084337378,2.4751506024096606,0.12114081325301199,0.3232248520710036,0.3451676528599579,3.0787946428571176,3.1151785714285483,0.3698811096433319,3.5297741273100334,,,
r2__r18__gru512__patience__seed20260904,postproc,4.0,micro,1328,2.607492469879541,0.37951807228915946,2.452842620481948,0.15464984939759027,0.33085317460317215,0.3492063492063464,2.7619369369369138,2.7941441441441226,0.36657859973580204,3.165456431535247,,,
r2__r18__gru512__patience__seed20260905,postproc,4.0,micro,1328,2.7101844879518326,0.37650602409638834,2.5244728915662855,0.18571159638554222,0.5742499999999957,0.6089999999999957,5.005660377358454,5.056603773584873,0.35006605019815284,5.75054347826083,,,
r2__r18__gru512__ringel__seed20260903,commit,4.0,micro,1328,4.000000000000042,0.0,4.000000000000042,0.0,,,9.875000000000101,9.999999999999924,0.27278731836195463,9.87499999999989,,,
r2__r18__gru512__ringel__seed20260904,commit,4.0,micro,1328,4.000000000000042,0.0,4.000000000000042,0.0,,,9.875000000000101,9.99999999999992,0.27476882430647254,9.874999999999888,,,
r2__r18__gru512__ringel__seed20260905,commit,4.0,micro,1328,4.000000000000042,0.0,4.000000000000042,0.0,,,9.875000000000108,9.999999999999948,0.2575957727873174,9.874999999999904,,,
r2__r18__gru512__seed20260903,prefix,4.0,micro,1328,2.6470256024096632,0.37650602409638834,2.470067771084356,0.17695783132530118,0.406499999999997,0.42899999999999683,3.65040106951869,3.68939393939391,0.37054161162483784,4.1922680412370825,,,
r2__r18__gru512__seed20260904,prefix,4.0,micro,1328,2.6086219879518313,0.3817771084337378,2.4552899096385743,0.1533320783132529,0.35552268244575674,0.3752465483234686,2.738245931283885,2.7707956600361463,0.3652575957727901,3.136197916666643,,,
r2__r18__gru512__seed20260905,prefix,4.0,micro,1328,2.828972138554242,0.34939759036144824,2.530591114457849,0.29838102409638534,0.6484374999999954,0.6842672413793054,6.390891840607172,6.451612903225763,0.34808454425363494,7.284978308025984,,,
r2__r18__gru512__teaser__seed20260903,commit,4.0,micro,1328,2.5526167168674947,0.37424698795181,2.5526167168674947,0.0,0.13254527162977767,0.15090543259557238,0.22377622377622183,0.2434440559440541,0.3778071334214035,0.24703557312252786,,,
r2__r18__gru512__teaser__seed20260904,commit,4.0,micro,1328,2.641095632530146,0.34939759036144824,2.641095632530146,0.0,0.11072198275861991,0.12446120689655092,0.6473613595706569,0.6663685152057193,0.3692206076618259,0.7278672032193102,,,
r2__r18__gru512__teaser__seed20260905,commit,4.0,micro,1328,2.5240963855421925,0.3734939759036172,2.5240963855421925,0.0,0.048387096774193186,0.05947580645161245,0.04535398230088457,0.05663716814159244,0.3731836195508617,0.048387096774193186,,,
r2__r18__mean__seed20260903,clip,4.0,micro,1328,2.6070218373494223,0.3584337349397616,2.5617469879518304,0.04527484939759035,0.11370798319327646,0.12132352941176383,1.280626134301261,1.299001814882023,0.36393659180977816,1.4473140495867665,,,
r2__r18__mean__seed20260904,clip,4.0,micro,1328,2.5657944277108675,0.37424698795181,2.531155873493999,0.03463855421686747,0.16775653923541117,0.17907444668007913,0.9184283088235226,0.9356617647058758,0.3593130779392364,1.0293049792531046,,,
r2__r18__mean__seed20260905,clip,4.0,micro,1328,2.5770896084337593,0.37198795180723165,2.51393072289159,0.06315888554216867,0.17484817813765055,0.18674089068825778,0.8355263157894676,0.8516333938293946,0.36393659180977816,0.9466145833333265,,,
clip__r18mean__seed20260903,clip,C4,macro,622,,,,,,,,,,,0.29192548353126074,0.288922554169897,2.8652136911941115
clip__r18mean__seed20260904,clip,C4,macro,622,,,,,,,,,,,0.2779236954934894,0.27250094355512705,2.9491873997617253
clip__r18mean__seed20260905,clip,C4,macro,622,,,,,,,,,,,0.28988378266522524,0.28143581057350225,2.907957470383515
commit__margin0p1__prefix__gru512__seed20260903,commit,C4,macro,622,,,,,,,,,,,0.2875554055591738,0.2756172734517317,2.901906358336324
commit__margin0p1__prefix__gru512__seed20260904,commit,C4,macro,622,,,,,,,,,,,0.2742756265495409,0.26738137361188047,2.933532763414852
commit__margin0p1__prefix__gru512__seed20260905,commit,C4,macro,622,,,,,,,,,,,0.2938492628006977,0.2919026434409796,2.834686665366787
commit__margin0p2__prefix__gru512__seed20260903,commit,C4,macro,622,,,,,,,,,,,0.2492115458661168,0.23001035607553483,3.083078228470437
commit__margin0p2__prefix__gru512__seed20260904,commit,C4,macro,622,,,,,,,,,,,0.25373134180649437,0.23986119310676737,3.0448409699768244
commit__margin0p2__prefix__gru512__seed20260905,commit,C4,macro,622,,,,,,,,,,,0.29024122266758645,0.28269565690982423,2.8719761700938786
commit__margin0p4__prefix__gru512__seed20260903,commit,C4,macro,622,,,,,,,,,,,0.1759604694559756,0.1533501685555303,3.3901994584801476
commit__margin0p4__prefix__gru512__seed20260904,commit,C4,macro,622,,,,,,,,,,,0.182458883575549,0.15854439633674072,3.3727037419127717
commit__margin0p4__prefix__gru512__seed20260905,commit,C4,macro,622,,,,,,,,,,,0.26045285611764885,0.23941980745257882,3.0492848982977456
commit__margin0p6__prefix__gru512__seed20260903,commit,C4,macro,622,,,,,,,,,,,0.10714797777790246,0.08980726841764411,3.64457825710573
commit__margin0p6__prefix__gru512__seed20260904,commit,C4,macro,622,,,,,,,,,,,0.10132661785416053,0.08714828274042695,3.6544163372533673
commit__margin0p6__prefix__gru512__seed20260905,commit,C4,macro,622,,,,,,,,,,,0.20132926570338125,0.1711375260291164,3.3216582815687747
commit__msp0p5__prefix__gru512__seed20260903,commit,C4,macro,622,,,,,,,,,,,0.22845763470291558,0.2064540242693375,3.177869844673069
commit__msp0p5__prefix__gru512__seed20260904,commit,C4,macro,622,,,,,,,,,,,0.23227160980046113,0.21463940768554216,3.1469591147285403
commit__msp0p5__prefix__gru512__seed20260905,commit,C4,macro,622,,,,,,,,,,,0.2875806827034148,0.277888622458138,2.8931987180343643
commit__msp0p6__prefix__gru512__seed20260903,commit,C4,macro,622,,,,,,,,,,,0.1706196781914964,0.14713297598825115,3.4151883164564865
commit__msp0p6__prefix__gru512__seed20260904,commit,C4,macro,622,,,,,,,,,,,0.18760721734744754,0.16362131509263736,3.3505578918266687
commit__msp0p6__prefix__gru512__seed20260905,commit,C4,macro,622,,,,,,,,,,,0.26902643311894364,0.2534607961585097,2.992967140277236
commit__msp0p7__prefix__gru512__seed20260903,commit,C4,macro,622,,,,,,,,,,,0.12513025858390966,0.10630880804273188,3.577842937565995
commit__msp0p7__prefix__gru512__seed20260904,commit,C4,macro,622,,,,,,,,,,,0.11987974192791079,0.10330793323594743,3.589661422564453
commit__msp0p7__prefix__gru512__seed20260905,commit,C4,macro,622,,,,,,,,,,,0.22892668907447425,0.20144175320126237,3.199048036137085
commit__msp0p8__prefix__gru512__seed20260903,commit,C4,macro,622,,,,,,,,,,,0.07882562320302036,0.06419040797230338,3.7469236009820137
commit__msp0p8__prefix__gru512__seed20260904,commit,C4,macro,622,,,,,,,,,,,0.06622325330750949,0.053170680629668954,3.7894948932600103
commit__msp0p8__prefix__gru512__seed20260905,commit,C4,macro,622,,,,,,,,,,,0.17838809718035864,0.14952779441356417,3.4064122465172546
commit__msp0p9__prefix__gru512__seed20260903,commit,C4,macro,622,,,,,,,,,,,0.03880577514470875,0.03118308033061424,3.8761709253957264
commit__msp0p9__prefix__gru512__seed20260904,commit,C4,macro,622,,,,,,,,,,,0.029178866619847667,0.02395494570795744,3.905323861487781
commit__msp0p9__prefix__gru512__seed20260905,commit,C4,macro,622,,,,,,,,,,,0.10894282164580314,0.09176314271766374,3.63719830708258
postproc__ema0p2__prefix__gru512__seed20260904,postproc,C4,macro,622,,,,,,,,,,,0.2793123259010906,0.27979604816329684,2.9776277781682605
postproc__ema0p2__prefix__gru512__seed20260905,postproc,C4,macro,622,,,,,,,,,,,0.2928820093000777,0.29950261720236976,2.8980670580212595
postproc__ema0p7__prefix__gru512__seed20260903,postproc,C4,macro,622,,,,,,,,,,,0.27821411843746274,0.29044547987558283,3.034623338795983
postproc__hysteresis0p05__prefix__gru512__seed20260904,postproc,C4,macro,622,,,,,,,,,,,0.2783169293830076,0.27872920293811393,3.028304108161465
postproc__hysteresis0p05__prefix__gru512__seed20260905,postproc,C4,macro,622,,,,,,,,,,,0.2900058785802528,0.2950026607576877,2.9833426873192277
postproc__hysteresis0p2__prefix__gru512__seed20260903,postproc,C4,macro,622,,,,,,,,,,,0.28645336425943824,0.29179379030036795,2.906030359508756
postproc__majority2__prefix__gru512__seed20260903,postproc,C4,macro,622,,,,,,,,,,,0.2789449029854516,0.2893385344557424,3.044303652390399
postproc__majority2__prefix__gru512__seed20260904,postproc,C4,macro,622,,,,,,,,,,,0.2766429267702049,0.27884525538874216,3.064565577065151
postproc__majority9__prefix__gru512__seed20260905,postproc,C4,macro,622,,,,,,,,,,,0.29155012352219384,0.2963854948765119,2.9272788315765914
postproc__patience2__prefix__gru512__seed20260903,postproc,C4,macro,622,,,,,,,,,,,0.27978258624614566,0.290694752886877,3.015514058089306
postproc__patience2__prefix__gru512__seed20260904,postproc,C4,macro,622,,,,,,,,,,,0.278620741763092,0.277144543760036,3.045321159073383
postproc__patience6__prefix__gru512__seed20260905,postproc,C4,macro,622,,,,,,,,,,,0.2917688516806648,0.2967780039125999,2.9121066913113007
prefix__gru128__seed20260903,prefix,C4,macro,622,,,,,,,,,,,0.2865799641751332,0.2948308389119968,3.017180716768858
prefix__gru128__seed20260904,prefix,C4,macro,622,,,,,,,,,,,0.2812155134124247,0.28237892476818793,3.0761371271037126
prefix__gru128__seed20260905,prefix,C4,macro,622,,,,,,,,,,,0.2941412529400922,0.30172052319908627,3.0277105022112116
prefix__gru512__seed20260903,prefix,C4,macro,622,,,,,,,,,,,0.2789449029854516,0.2893385344557424,3.044303652390399
prefix__gru512__seed20260904,prefix,C4,macro,622,,,,,,,,,,,0.2766429267702049,0.27884525538874216,3.064565577065151
prefix__gru512__seed20260905,prefix,C4,macro,622,,,,,,,,,,,0.28916087249703026,0.2929704476361496,3.0188765307801035
r2__clipb16__gru128__ringel__seed20260903,commit,C4,macro,622,,,,,,,,,,,0.08471929067717639,0.0,4.0000000000000195
r2__clipb16__gru128__ringel__seed20260904,commit,C4,macro,622,,,,,,,,,,,0.07720692259121731,0.0,4.0000000000000195
r2__clipb16__gru128__ringel__seed20260905,commit,C4,macro,622,,,,,,,,,,,0.08547285694766284,0.0,4.0000000000000195
r2__clipb16__gru128__seed20260903,prefix,C4,macro,622,,,,,,,,,,,0.3239836352483847,0.33512340511322936,2.8948129015111377
r2__clipb16__gru128__seed20260904,prefix,C4,macro,622,,,,,,,,,,,0.3191651053553558,0.3192872490317098,2.9609231418923883
r2__clipb16__gru128__seed20260905,prefix,C4,macro,622,,,,,,,,,,,0.3041651289563357,0.3137088506750953,2.975543880519799
r2__clipb16__gru128__teaser__seed20260903,commit,C4,macro,622,,,,,,,,,,,0.3056832688049848,0.30161301391590856,2.795130768414562
r2__clipb16__gru128__teaser__seed20260904,commit,C4,macro,622,,,,,,,,,,,0.3115502581144725,0.29457922664989145,2.860494060346572
r2__clipb16__gru128__teaser__seed20260905,commit,C4,macro,622,,,,,,,,,,,0.28615734794778375,0.27561791883203574,2.9332077845648445
r2__clipb16__gru512__ema__seed20260903,postproc,C4,macro,622,,,,,,,,,,,0.33337392271584915,0.3400674444792334,2.716332580839654
r2__clipb16__gru512__ema__seed20260904,postproc,C4,macro,622,,,,,,,,,,,0.303137022448319,0.3056651424564403,2.9393994368703007
r2__clipb16__gru512__ema__seed20260905,postproc,C4,macro,622,,,,,,,,,,,0.322127973075349,0.3253718053400657,2.7784583526664566
r2__clipb16__gru512__hysteresis__seed20260903,postproc,C4,macro,622,,,,,,,,,,,0.33217074854971834,0.33617271986620184,2.7161820847382363
r2__clipb16__gru512__hysteresis__seed20260904,postproc,C4,macro,622,,,,,,,,,,,0.3068518717739195,0.30491597672526094,2.880217284427162
r2__clipb16__gru512__hysteresis__seed20260905,postproc,C4,macro,622,,,,,,,,,,,0.3269989607178373,0.32868895732957976,2.7623434007217726
r2__clipb16__gru512__majority__seed20260903,postproc,C4,macro,622,,,,,,,,,,,0.33428217314294195,0.3385780589930271,2.714416743816274
r2__clipb16__gru512__majority__seed20260904,postproc,C4,macro,622,,,,,,,,,,,0.3015982087437185,0.3067299970024397,2.908611045735113
r2__clipb16__gru512__majority__seed20260905,postproc,C4,macro,622,,,,,,,,,,,0.32250407179293367,0.32534179132641905,2.794199318686833
r2__clipb16__gru512__margin0p1__seed20260903,commit,C4,macro,622,,,,,,,,,,,0.3307299376450071,0.3286734548635354,2.6860807051372575
r2__clipb16__gru512__margin0p1__seed20260904,commit,C4,macro,622,,,,,,,,,,,0.27346390068776594,0.2543280986919405,2.9860214355361685
r2__clipb16__gru512__margin0p1__seed20260905,commit,C4,macro,622,,,,,,,,,,,0.31951347989219164,0.31740068209628647,2.731544604098515
r2__clipb16__gru512__margin0p2__seed20260903,commit,C4,macro,622,,,,,,,,,,,0.332043114988557,0.3262713609037103,2.6960741636911085
r2__clipb16__gru512__margin0p2__seed20260904,commit,C4,macro,622,,,,,,,,,,,0.20004820324793832,0.18063280838256918,3.2829088095519574
r2__clipb16__gru512__margin0p2__seed20260905,commit,C4,macro,622,,,,,,,,,,,0.31997601800524617,0.3104455859401503,2.7601113978619454
r2__clipb16__gru512__margin0p4__seed20260903,commit,C4,macro,622,,,,,,,,,,,0.3194567849600707,0.3047996241527829,2.784754386678848
r2__clipb16__gru512__margin0p4__seed20260904,commit,C4,macro,622,,,,,,,,,,,0.1018481856321838,0.08813512748541491,3.6491728653661477
r2__clipb16__gru512__margin0p4__seed20260905,commit,C4,macro,622,,,,,,,,,,,0.2992540505853985,0.2876542769912978,2.852016283611152
r2__clipb16__gru512__margin0p6__seed20260903,commit,C4,macro,622,,,,,,,,,,,0.29719061093642785,0.2808245700442558,2.8813856094660535
r2__clipb16__gru512__margin0p6__seed20260904,commit,C4,macro,622,,,,,,,,,,,0.044890965732087215,0.0406853582554517,3.838870716510919
r2__clipb16__gru512__margin0p6__seed20260905,commit,C4,macro,622,,,,,,,,,,,0.26797152461103585,0.2522389902128228,2.994651437946179
r2__clipb16__gru512__msp0p5__seed20260903,commit,C4,macro,622,,,,,,,,,,,0.3317876609516373,0.3265440758195145,2.694820451861525
r2__clipb16__gru512__msp0p5__seed20260904,commit,C4,macro,622,,,,,,,,,,,0.16108650707886338,0.1388379954949881,3.4487660846217643
r2__clipb16__gru512__msp0p5__seed20260905,commit,C4,macro,622,,,,,,,,,,,0.3215646810669654,0.3161326343226538,2.7378859601406815
r2__clipb16__gru512__msp0p6__seed20260903,commit,C4,macro,622,,,,,,,,,,,0.3221961218620358,0.31027067561473026,2.76152025550331
r2__clipb16__gru512__msp0p6__seed20260904,commit,C4,macro,622,,,,,,,,,,,0.08871464341404325,0.07751928616351567,3.6913056817734806
r2__clipb16__gru512__msp0p6__seed20260905,commit,C4,macro,622,,,,,,,,,,,0.30208419596851005,0.29073684302923825,2.838916360606928
r2__clipb16__gru512__msp0p7__seed20260903,commit,C4,macro,622,,,,,,,,,,,0.30495235271972093,0.2907905124104049,2.8392764363675806
r2__clipb16__gru512__msp0p7__seed20260904,commit,C4,macro,622,,,,,,,,,,,0.05370716510903424,0.048261682242990635,3.808574766355156
r2__clipb16__gru512__msp0p7__seed20260905,commit,C4,macro,622,,,,,,,,,,,0.2847821853306858,0.27004876194788924,2.9220411751149533
r2__clipb16__gru512__msp0p8__seed20260903,commit,C4,macro,622,,,,,,,,,,,0.29185612687783563,0.2752414270946699,2.9012060773018002
r2__clipb16__gru512__msp0p8__seed20260904,commit,C4,macro,622,,,,,,,,,,,0.020747663551401875,0.015233644859813086,3.9398364485981494
r2__clipb16__gru512__msp0p8__seed20260905,commit,C4,macro,622,,,,,,,,,,,0.2502979413943143,0.23474272092103862,3.0647923734724536
r2__clipb16__gru512__msp0p9__seed20260903,commit,C4,macro,622,,,,,,,,,,,0.25664189318928066,0.23455167075251965,3.065618598973773
r2__clipb16__gru512__msp0p9__seed20260904,commit,C4,macro,622,,,,,,,,,,,0.0008411214953271028,0.0003738317757009346,3.9987149532710475
r2__clipb16__gru512__msp0p9__seed20260905,commit,C4,macro,622,,,,,,,,,,,0.20303286618238012,0.18600643678537812,3.26053886221893
r2__clipb16__gru512__patience__seed20260903,postproc,C4,macro,622,,,,,,,,,,,0.3344912380232834,0.33845232009357157,2.717010907530613
r2__clipb16__gru512__patience__seed20260904,postproc,C4,macro,622,,,,,,,,,,,0.3044312216136103,0.308300515321049,2.9335541915770564
r2__clipb16__gru512__patience__seed20260905,postproc,C4,macro,622,,,,,,,,,,,0.3211488577265604,0.3261618776147855,2.78587806259557
r2__clipb16__gru512__ringel__seed20260903,commit,C4,macro,622,,,,,,,,,,,0.0864983662076482,0.0,4.0000000000000195
r2__clipb16__gru512__ringel__seed20260904,commit,C4,macro,622,,,,,,,,,,,0.07650064442292613,0.0,4.0000000000000195
r2__clipb16__gru512__ringel__seed20260905,commit,C4,macro,622,,,,,,,,,,,0.08720747229826938,0.0,4.0000000000000195
r2__clipb16__gru512__seed20260903,prefix,C4,macro,622,,,,,,,,,,,0.33390904481413075,0.33982262207058284,2.7205537196219995
r2__clipb16__gru512__seed20260904,prefix,C4,macro,622,,,,,,,,,,,0.302420754955545,0.30469440808021897,3.034371780319161
r2__clipb16__gru512__seed20260905,prefix,C4,macro,622,,,,,,,,,,,0.32250407179293367,0.32534179132641905,2.794199318686833
r2__clipb16__gru512__teaser__seed20260903,commit,C4,macro,622,,,,,,,,,,,0.29646108696474927,0.2896581401296245,2.843407547281407
r2__clipb16__gru512__teaser__seed20260904,commit,C4,macro,622,,,,,,,,,,,0.26700019653140533,0.2299011645394703,3.0812173186937555
r2__clipb16__gru512__teaser__seed20260905,commit,C4,macro,622,,,,,,,,,,,0.3156459800098201,0.30986856233523347,2.761852385939664
r2__clipb16__mean__seed20260903,clip,C4,macro,622,,,,,,,,,,,0.32478150793738475,0.31806239232053013,2.7668761818642515
r2__clipb16__mean__seed20260904,clip,C4,macro,622,,,,,,,,,,,0.3244405281877783,0.3265376804272864,2.727938961928226
r2__clipb16__mean__seed20260905,clip,C4,macro,622,,,,,,,,,,,0.30439750633380885,0.30714577516321157,2.8268829217511846
r2__r18__gru128__ringel__seed20260903,commit,C4,macro,622,,,,,,,,,,,0.07365479468535197,0.0,4.0000000000000195
r2__r18__gru128__ringel__seed20260904,commit,C4,macro,622,,,,,,,,,,,0.062351176986458624,0.0,4.0000000000000195
r2__r18__gru128__ringel__seed20260905,commit,C4,macro,622,,,,,,,,,,,0.07554620259696412,0.0,4.0000000000000195
r2__r18__gru128__seed20260903,prefix,C4,macro,622,,,,,,,,,,,0.2595795099261919,0.27239195943660705,3.1191460620108575
r2__r18__gru128__seed20260904,prefix,C4,macro,622,,,,,,,,,,,0.2632378259336738,0.26674604779863254,3.2100871172782237
r2__r18__gru128__seed20260905,prefix,C4,macro,622,,,,,,,,,,,0.26577119708451147,0.2678887108596204,3.118448547475873
r2__r18__gru128__teaser__seed20260903,commit,C4,macro,622,,,,,,,,,,,0.2503411080597652,0.2135042698303256,3.1458764528559864
r2__r18__gru128__teaser__seed20260904,commit,C4,macro,622,,,,,,,,,,,0.2602417888329333,0.25473967878270454,2.9820364896373794
r2__r18__gru128__teaser__seed20260905,commit,C4,macro,622,,,,,,,,,,,0.25313890934343064,0.24838808717629737,3.009067558579326
r2__r18__gru512__ema__seed20260903,postproc,C4,macro,622,,,,,,,,,,,0.28146757910593484,0.2864107652438079,2.9740322513413617
r2__r18__gru512__ema__seed20260904,postproc,C4,macro,622,,,,,,,,,,,0.26078927534901813,0.26662725746222915,3.039007702100178
r2__r18__gru512__ema__seed20260905,postproc,C4,macro,622,,,,,,,,,,,0.2633975036230306,0.26717669778231096,3.0856203915026117
r2__r18__gru512__hysteresis__seed20260903,postproc,C4,macro,622,,,,,,,,,,,0.28435104717031306,0.2869524862578084,2.973476470936453
r2__r18__gru512__hysteresis__seed20260904,postproc,C4,macro,622,,,,,,,,,,,0.2610179302043948,0.26744201160725073,3.029409880653486
r2__r18__gru512__hysteresis__seed20260905,postproc,C4,macro,622,,,,,,,,,,,0.27606612671841607,0.2776293233117168,2.9525740671949423
r2__r18__gru512__majority__seed20260903,postproc,C4,macro,622,,,,,,,,,,,0.28171908872421625,0.2829252299229192,3.042756363653542
r2__r18__gru512__majority__seed20260904,postproc,C4,macro,622,,,,,,,,,,,0.26031068005007946,0.26443018495616805,3.0581163411215977
r2__r18__gru512__majority__seed20260905,postproc,C4,macro,622,,,,,,,,,,,0.26125584729335655,0.2689786217505388,3.117250848737067
r2__r18__gru512__margin0p1__seed20260903,commit,C4,macro,622,,,,,,,,,,,0.289063240320732,0.28829828975080063,2.849536560553268
r2__r18__gru512__margin0p1__seed20260904,commit,C4,macro,622,,,,,,,,,,,0.2822554522727631,0.2815703511109387,2.8741449795821454
r2__r18__gru512__margin0p1__seed20260905,commit,C4,macro,622,,,,,,,,,,,0.2516549223931157,0.23150948672257748,3.080200785578091
r2__r18__gru512__margin0p2__seed20260903,commit,C4,macro,622,,,,,,,,,,,0.2832900485554129,0.27908774523747015,2.88619182355779
r2__r18__gru512__margin0p2__seed20260904,commit,C4,macro,622,,,,,,,,,,,0.27666186127481796,0.2741415350116024,2.9046166465090257
r2__r18__gru512__margin0p2__seed20260905,commit,C4,macro,622,,,,,,,,,,,0.2025224125941371,0.1791490815378572,3.290300949981398
r2__r18__gru512__margin0p4__seed20260903,commit,C4,macro,622,,,,,,,,,,,0.278224041240314,0.26490113121411224,2.945766518787279
r2__r18__gru512__margin0p4__seed20260904,commit,C4,macro,622,,,,,,,,,,,0.26679501727163646,0.261408959672036,2.95714677239605
r2__r18__gru512__margin0p4__seed20260905,commit,C4,macro,622,,,,,,,,,,,0.10113215922653836,0.08463823495134719,3.664923665648052
r2__r18__gru512__margin0p6__seed20260903,commit,C4,macro,622,,,,,,,,,,,0.2515421495535795,0.22893722098483854,3.0886140820216093
r2__r18__gru512__margin0p6__seed20260904,commit,C4,macro,622,,,,,,,,,,,0.2508199314943378,0.24055139773845005,3.042764074499199
r2__r18__gru512__margin0p6__seed20260905,commit,C4,macro,622,,,,,,,,,,,0.03383502540741219,0.026363992813340294,3.8957993045983286
r2__r18__gru512__msp0p5__seed20260903,commit,C4,macro,622,,,,,,,,,,,0.28475821506112176,0.28241420339238427,2.872782221517426
r2__r18__gru512__msp0p5__seed20260904,commit,C4,macro,622,,,,,,,,,,,0.2814685594609482,0.2805596055869657,2.8790449212434064
r2__r18__gru512__msp0p5__seed20260905,commit,C4,macro,622,,,,,,,,,,,0.16187844210986224,0.14158765598617978,3.436685824740552
r2__r18__gru512__msp0p6__seed20260903,commit,C4,macro,622,,,,,,,,,,,0.27812710672360985,0.2705234461105192,2.923299750962338
r2__r18__gru512__msp0p6__seed20260904,commit,C4,macro,622,,,,,,,,,,,0.27156209259669156,0.26731481734272344,2.932880331242447
r2__r18__gru512__msp0p6__seed20260905,commit,C4,macro,622,,,,,,,,,,,0.0914293059971595,0.07560346748091547,3.701623868322811
r2__r18__gru512__msp0p7__seed20260903,commit,C4,macro,622,,,,,,,,,,,0.2658638612007663,0.2500790656275271,3.0056669346195477
r2__r18__gru512__msp0p7__seed20260904,commit,C4,macro,622,,,,,,,,,,,0.25810262213770674,0.2523538682511557,2.993228332773004
r2__r18__gru512__msp0p7__seed20260905,commit,C4,macro,622,,,,,,,,,,,0.04086355770120088,0.029949968719558216,3.881128298169718
r2__r18__gru512__msp0p8__seed20260903,commit,C4,macro,622,,,,,,,,,,,0.2428116142035392,0.21869805194672515,3.1298171983900804
r2__r18__gru512__msp0p8__seed20260904,commit,C4,macro,622,,,,,,,,,,,0.25036098032145193,0.2377721712004326,3.0545562636064716
r2__r18__gru512__msp0p8__seed20260905,commit,C4,macro,622,,,,,,,,,,,0.012557938523040359,0.011156069364161853,3.95588974123496
r2__r18__gru512__msp0p9__seed20260903,commit,C4,macro,622,,,,,,,,,,,0.21275338411050831,0.1832297782792289,3.2724184708507873
r2__r18__gru512__msp0p9__seed20260904,commit,C4,macro,622,,,,,,,,,,,0.23040031930383129,0.21334712777258566,3.152382849076516
r2__r18__gru512__msp0p9__seed20260905,commit,C4,macro,622,,,,,,,,,,,0.003738317757009346,0.0030841121495327104,3.987850467289739
r2__r18__gru512__patience__seed20260903,postproc,C4,macro,622,,,,,,,,,,,0.28206814465597824,0.2872873465121468,2.9670860603813813
r2__r18__gru512__patience__seed20260904,postproc,C4,macro,622,,,,,,,,,,,0.2631302904893371,0.26717430410079884,3.060949166517526
r2__r18__gru512__patience__seed20260905,postproc,C4,macro,622,,,,,,,,,,,0.2613585499798945,0.27062625701303605,3.0965419452771004
r2__r18__gru512__ringel__seed20260903,commit,C4,macro,622,,,,,,,,,,,0.07492096113602773,0.0,4.0000000000000195
r2__r18__gru512__ringel__seed20260904,commit,C4,macro,622,,,,,,,,,,,0.07476836453664709,0.0,4.0000000000000195
r2__r18__gru512__ringel__seed20260905,commit,C4,macro,622,,,,,,,,,,,0.0705031040021604,0.0,4.0000000000000195
r2__r18__gru512__seed20260903,prefix,C4,macro,622,,,,,,,,,,,0.28171908872421625,0.2829252299229192,3.042756363653542
r2__r18__gru512__seed20260904,prefix,C4,macro,622,,,,,,,,,,,0.26031068005007946,0.26443018495616805,3.0581163411215977
r2__r18__gru512__seed20260905,prefix,C4,macro,622,,,,,,,,,,,0.2587849492485351,0.26789383900616387,3.1936216743782984
r2__r18__gru512__teaser__seed20260903,commit,C4,macro,622,,,,,,,,,,,0.26932956468498304,0.25732761942208804,2.9740385530665296
r2__r18__gru512__teaser__seed20260904,commit,C4,macro,622,,,,,,,,,,,0.237526247075668,0.2274206754393901,3.0950231138197006
r2__r18__gru512__teaser__seed20260905,commit,C4,macro,622,,,,,,,,,,,0.2815798916510647,0.27904283870434254,2.8874579122672235
r2__r18__mean__seed20260903,clip,C4,macro,622,,,,,,,,,,,0.2663897232168739,0.26235424343573854,2.9904727562938995
r2__r18__mean__seed20260904,clip,C4,macro,622,,,,,,,,,,,0.29234491863911866,0.2946171494228814,2.834637151178006
r2__r18__mean__seed20260905,clip,C4,macro,622,,,,,,,,,,,0.2711844728529681,0.2728346629376694,2.956625964899819
clip__r18mean__seed20260903,clip,C4,micro,622,,,,,,,,,,,0.41446945337620505,0.41446945337620494,2.3709807073954883
clip__r18mean__seed20260904,clip,C4,micro,622,,,,,,,,,,,0.39726688102893826,0.39196141479099617,2.476085209003204
clip__r18mean__seed20260905,clip,C4,micro,622,,,,,,,,,,,0.419453376205787,0.41559485530546536,2.378014469453366
commit__margin0p1__prefix__gru512__seed20260903,commit,C4,micro,622,,,,,,,,,,,0.3881028938906747,0.3770096463022504,2.496382636655937
commit__margin0p1__prefix__gru512__seed20260904,commit,C4,micro,622,,,,,,,,,,,0.38553054662379366,0.3754019292604497,2.5030144694533654
commit__margin0p1__prefix__gru512__seed20260905,commit,C4,micro,622,,,,,,,,,,,0.40514469453376134,0.40257234726688024,2.3926848874597964
commit__margin0p2__prefix__gru512__seed20260903,commit,C4,micro,622,,,,,,,,,,,0.3525723472668807,0.3340836012861735,2.6684083601286033
commit__margin0p2__prefix__gru512__seed20260904,commit,C4,micro,622,,,,,,,,,,,0.3617363344051444,0.3418006430868165,2.6376607717041662
commit__margin0p2__prefix__gru512__seed20260905,commit,C4,micro,622,,,,,,,,,,,0.4004823151125395,0.39051446945337565,2.44151929260449
commit__margin0p4__prefix__gru512__seed20260903,commit,C4,micro,622,,,,,,,,,,,0.2675241157556276,0.23810289389067577,3.053054662379403
commit__margin0p4__prefix__gru512__seed20260904,commit,C4,micro,622,,,,,,,,,,,0.2731511254019296,0.2384244372990359,3.0564710610932293
commit__margin0p4__prefix__gru512__seed20260905,commit,C4,micro,622,,,,,,,,,,,0.36173633440514447,0.33456591639871386,2.6716237942122043
commit__margin0p6__prefix__gru512__seed20260903,commit,C4,micro,622,,,,,,,,,,,0.17186495176848893,0.14437299035369777,3.4286575562700756
commit__margin0p6__prefix__gru512__seed20260904,commit,C4,micro,622,,,,,,,,,,,0.15546623794212228,0.1337620578778134,3.4696543408359912
commit__margin0p6__prefix__gru512__seed20260905,commit,C4,micro,622,,,,,,,,,,,0.29340836012861765,0.2532154340836018,2.996181672025706
commit__msp0p5__prefix__gru512__seed20260903,commit,C4,micro,622,,,,,,,,,,,0.3303858520900321,0.30546623794212235,2.784163987138249
commit__msp0p5__prefix__gru512__seed20260904,commit,C4,micro,622,,,,,,,,,,,0.3382636655948551,0.31511254019292606,2.746985530546609
commit__msp0p5__prefix__gru512__seed20260905,commit,C4,micro,622,,,,,,,,,,,0.39742765273311836,0.38520900321543355,2.465032154340825
commit__msp0p6__prefix__gru512__seed20260903,commit,C4,micro,622,,,,,,,,,,,0.2599678456591646,0.22926045016077218,3.0884244372990177
commit__msp0p6__prefix__gru512__seed20260904,commit,C4,micro,622,,,,,,,,,,,0.2803858520900324,0.24646302250803914,3.0217041800642908
commit__msp0p6__prefix__gru512__seed20260905,commit,C4,micro,622,,,,,,,,,,,0.37315112540192885,0.35305466237942096,2.5970659163986998
commit__msp0p7__prefix__gru512__seed20260903,commit,C4,micro,622,,,,,,,,,,,0.19887459807073987,0.1692926045016079,3.3275723472668606
commit__msp0p7__prefix__gru512__seed20260904,commit,C4,micro,622,,,,,,,,,,,0.18456591639871403,0.15900321543408374,3.368368167202551
commit__msp0p7__prefix__gru512__seed20260905,commit,C4,micro,622,,,,,,,,,,,0.31993569131832794,0.284244372990354,2.870176848874582
commit__msp0p8__prefix__gru512__seed20260903,commit,C4,micro,622,,,,,,,,,,,0.12829581993569125,0.10482315112540184,3.587017684887437
commit__msp0p8__prefix__gru512__seed20260904,commit,C4,micro,622,,,,,,,,,,,0.10466237942122177,0.08633440514469448,3.65836012861734
commit__msp0p8__prefix__gru512__seed20260905,commit,C4,micro,622,,,,,,,,,,,0.26157556270096505,0.2210610932475888,3.1223874598070545
commit__msp0p9__prefix__gru512__seed20260903,commit,C4,micro,622,,,,,,,,,,,0.06479099678456587,0.053376205787781336,3.787982315112516
commit__msp0p9__prefix__gru512__seed20260904,commit,C4,micro,622,,,,,,,,,,,0.049356913183279734,0.040675241157556274,3.8392282958199107
commit__msp0p9__prefix__gru512__seed20260905,commit,C4,micro,622,,,,,,,,,,,0.16543408360128628,0.14051446945337617,3.4439308681671816
postproc__ema0p2__prefix__gru512__seed20260904,postproc,C4,micro,622,,,,,,,,,,,0.3885852090032148,0.39549839228295747,2.519694533762046
postproc__ema0p2__prefix__gru512__seed20260905,postproc,C4,micro,622,,,,,,,,,,,0.4004823151125396,0.41093247588424364,2.483319935691307
postproc__ema0p7__prefix__gru512__seed20260903,postproc,C4,micro,622,,,,,,,,,,,0.37733118971061014,0.3872990353697742,2.6832797427652615
postproc__hysteresis0p05__prefix__gru512__seed20260904,postproc,C4,micro,622,,,,,,,,,,,0.3869774919614142,0.3934083601286168,2.5908360128617245
postproc__hysteresis0p05__prefix__gru512__seed20260905,postproc,C4,micro,622,,,,,,,,,,,0.3956591639871377,0.40369774919614076,2.5868167202572225
postproc__hysteresis0p2__prefix__gru512__seed20260903,postproc,C4,micro,622,,,,,,,,,,,0.38360128617363287,0.39405144694533684,2.5032154340835895
postproc__majority2__prefix__gru512__seed20260903,postproc,C4,micro,622,,,,,,,,,,,0.3779742765273304,0.3864951768488738,2.6987540192925934
postproc__majority2__prefix__gru512__seed20260904,postproc,C4,micro,622,,,,,,,,,,,0.3853697749196135,0.3927652733118965,2.64168006430867
postproc__majority9__prefix__gru512__seed20260905,postproc,C4,micro,622,,,,,,,,,,,0.3998392282958194,0.40707395498392185,2.5120578778134934
postproc__patience2__prefix__gru512__seed20260903,postproc,C4,micro,622,,,,,,,,,,,0.37668810289389,0.3864951768488739,2.6607717041800516
postproc__patience2__prefix__gru512__seed20260904,postproc,C4,micro,622,,,,,,,,,,,0.38649517684887397,0.3911575562700957,2.6143488745980585
postproc__patience6__prefix__gru512__seed20260905,postproc,C4,micro,622,,,,,,,,,,,0.40144694533762,0.40996784565916333,2.4901527331189595
prefix__gru128__seed20260903,prefix,C4,micro,622,,,,,,,,,,,0.4064308681672016,0.4196141479099669,2.540192926045006
prefix__gru128__seed20260904,prefix,C4,micro,622,,,,,,,,,,,0.3887459807073948,0.39855305466237884,2.655747588424425
prefix__gru128__seed20260905,prefix,C4,micro,622,,,,,,,,,,,0.40755627009646234,0.4229903536977485,2.558279742765262
prefix__gru512__seed20260903,prefix,C4,micro,622,,,,,,,,,,,0.3779742765273304,0.3864951768488738,2.6987540192925934
prefix__gru512__seed20260904,prefix,C4,micro,622,,,,,,,,,,,0.3853697749196135,0.3927652733118965,2.64168006430867
prefix__gru512__seed20260905,prefix,C4,micro,622,,,,,,,,,,,0.3948553054662375,0.4032154340836006,2.6143488745980594
r2__clipb16__gru128__ringel__seed20260903,commit,C4,micro,622,,,,,,,,,,,0.10418006430868165,0.0,3.9999999999999734
r2__clipb16__gru128__ringel__seed20260904,commit,C4,micro,622,,,,,,,,,,,0.09549839228295821,0.0,3.9999999999999734
r2__clipb16__gru128__ringel__seed20260905,commit,C4,micro,622,,,,,,,,,,,0.10691318327974275,0.0,3.9999999999999734
r2__clipb16__gru128__seed20260903,prefix,C4,micro,622,,,,,,,,,,,0.3972668810289382,0.406752411575562,2.62982315112539
r2__clipb16__gru128__seed20260904,prefix,C4,micro,622,,,,,,,,,,,0.36350482315112487,0.36639871382636613,2.7787379421221727
r2__clipb16__gru128__seed20260905,prefix,C4,micro,622,,,,,,,,,,,0.3900321543408355,0.39839228295819856,2.632033762057865
r2__clipb16__gru128__teaser__seed20260903,commit,C4,micro,622,,,,,,,,,,,0.40466237942122113,0.39919614147909904,2.4049437299035263
r2__clipb16__gru128__teaser__seed20260904,commit,C4,micro,622,,,,,,,,,,,0.3770096463022504,0.363022508038585,2.593850482315094
r2__clipb16__gru128__teaser__seed20260905,commit,C4,micro,622,,,,,,,,,,,0.39324758842443686,0.37942122186495125,2.53114951768487
r2__clipb16__gru512__ema__seed20260903,postproc,C4,micro,622,,,,,,,,,,,0.4112540192926038,0.4189710610932468,2.408762057877803
r2__clipb16__gru512__ema__seed20260904,postproc,C4,micro,622,,,,,,,,,,,0.34903536977491945,0.35401929260450127,2.7309083601286033
r2__clipb16__gru512__ema__seed20260905,postproc,C4,micro,622,,,,,,,,,,,0.4160771704180057,0.42025723472668736,2.4202170418006315
r2__clipb16__gru512__hysteresis__seed20260903,postproc,C4,micro,622,,,,,,,,,,,0.41028938906752344,0.41672025723472583,2.4067524115755523
r2__clipb16__gru512__hysteresis__seed20260904,postproc,C4,micro,622,,,,,,,,,,,0.3538585209003212,0.3572347266881025,2.6633842443729767
r2__clipb16__gru512__hysteresis__seed20260905,postproc,C4,micro,622,,,,,,,,,,,0.4220257234726678,0.4247588424437291,2.3906752411575463
r2__clipb16__gru512__majority__seed20260903,postproc,C4,micro,622,,,,,,,,,,,0.4106109324758834,0.4176848874598061,2.4035369774919504
r2__clipb16__gru512__majority__seed20260904,postproc,C4,micro,622,,,,,,,,,,,0.3487138263665593,0.35305466237942096,2.7104099678456457
r2__clipb16__gru512__majority__seed20260905,postproc,C4,micro,622,,,,,,,,,,,0.4165594855305459,0.42057877813504746,2.447548231511243
r2__clipb16__gru512__margin0p1__seed20260903,commit,C4,micro,622,,,,,,,,,,,0.41173633440514384,0.4090032154340828,2.365152733118961
r2__clipb16__gru512__margin0p1__seed20260904,commit,C4,micro,622,,,,,,,,,,,0.31736334405144706,0.2982315112540195,2.8124999999999845
r2__clipb16__gru512__margin0p1__seed20260905,commit,C4,micro,622,,,,,,,,,,,0.4186495176848866,0.41543408360128536,2.339831189710601
r2__clipb16__gru512__margin0p2__seed20260903,commit,C4,micro,622,,,,,,,,,,,0.4131832797427645,0.40610932475884176,2.3774115755626903
r2__clipb16__gru512__margin0p2__seed20260904,commit,C4,micro,622,,,,,,,,,,,0.25498392282958254,0.22974276527331244,3.087218649517667
r2__clipb16__gru512__margin0p2__seed20260905,commit,C4,micro,622,,,,,,,,,,,0.41543408360128525,0.4049839228295811,2.3822347266880923
r2__clipb16__gru512__margin0p4__seed20260903,commit,C4,micro,622,,,,,,,,,,,0.3985530546623788,0.38006430868167157,2.4839228295819824
r2__clipb16__gru512__margin0p4__seed20260904,commit,C4,micro,622,,,,,,,,,,,0.14598070739549837,0.12588424437299026,3.4991961414790778
r2__clipb16__gru512__margin0p4__seed20260905,commit,C4,micro,622,,,,,,,,,,,0.3943729903536971,0.37893890675241104,2.487741157556258
r2__clipb16__gru512__margin0p6__seed20260903,commit,C4,micro,622,,,,,,,,,,,0.37073954983922786,0.35016077170417975,2.6040996784565795
r2__clipb16__gru512__margin0p6__seed20260904,commit,C4,micro,622,,,,,,,,,,,0.06736334405144691,0.060128617363344024,3.762258842443705
r2__clipb16__gru512__margin0p6__seed20260905,commit,C4,micro,622,,,,,,,,,,,0.3535369774919611,0.3318327974276527,2.6768488745980568
r2__clipb16__gru512__msp0p5__seed20260903,commit,C4,micro,622,,,,,,,,,,,0.41270096463022415,0.4061093247588417,2.3772106109324653
r2__clipb16__gru512__msp0p5__seed20260904,commit,C4,micro,622,,,,,,,,,,,0.21205787781350519,0.18488745980707416,3.266077170417987
r2__clipb16__gru512__msp0p5__seed20260905,commit,C4,micro,622,,,,,,,,,,,0.4168810289389059,0.41125401929260363,2.3569131832797328
r2__clipb16__gru512__msp0p6__seed20260903,commit,C4,micro,622,,,,,,,,,,,0.4049839228295813,0.3893890675241153,2.4445337620578673
r2__clipb16__gru512__msp0p6__seed20260904,commit,C4,micro,622,,,,,,,,,,,0.12765273311897096,0.11061093247588416,3.5598874598070513
r2__clipb16__gru512__msp0p6__seed20260905,commit,C4,micro,622,,,,,,,,,,,0.39903536977491894,0.38504823151125345,2.462419614147899
r2__clipb16__gru512__msp0p7__seed20260903,commit,C4,micro,622,,,,,,,,,,,0.38199356913183224,0.3639871382636652,2.548231511254007
r2__clipb16__gru512__msp0p7__seed20260904,commit,C4,micro,622,,,,,,,,,,,0.07266881028938903,0.06527331189710608,3.740956591639847
r2__clipb16__gru512__msp0p7__seed20260905,commit,C4,micro,622,,,,,,,,,,,0.37524115755626963,0.35466237942122153,2.583199356913171
r2__clipb16__gru512__msp0p8__seed20260903,commit,C4,micro,622,,,,,,,,,,,0.36495176848874555,0.3435691318327973,2.6292202572347136
r2__clipb16__gru512__msp0p8__seed20260904,commit,C4,micro,622,,,,,,,,,,,0.035691318327974286,0.026205787781350486,3.896503215434058
r2__clipb16__gru512__msp0p8__seed20260905,commit,C4,micro,622,,,,,,,,,,,0.33649517684887453,0.31607717041800654,2.740554662379407
r2__clipb16__gru512__msp0p9__seed20260903,commit,C4,micro,622,,,,,,,,,,,0.32524115755627003,0.29983922829582016,2.806672025723458
r2__clipb16__gru512__msp0p9__seed20260904,commit,C4,micro,622,,,,,,,,,,,0.001446945337620579,0.0006430868167202572,3.9977893890674974
r2__clipb16__gru512__msp0p9__seed20260905,commit,C4,micro,622,,,,,,,,,,,0.28376205787781383,0.25964630225080443,2.968046623794197
r2__clipb16__gru512__patience__seed20260903,postproc,C4,micro,622,,,,,,,,,,,0.41093247588424353,0.4180064308681662,2.406350482315102
r2__clipb16__gru512__patience__seed20260904,postproc,C4,micro,622,,,,,,,,,,,0.3517684887459803,0.3570739549839226,2.7148311897105977
r2__clipb16__gru512__patience__seed20260905,postproc,C4,micro,622,,,,,,,,,,,0.41511254019292526,0.42138263665594783,2.427853697749186
r2__clipb16__gru512__ringel__seed20260903,commit,C4,micro,622,,,,,,,,,,,0.10964630225080385,0.0,3.9999999999999734
r2__clipb16__gru512__ringel__seed20260904,commit,C4,micro,622,,,,,,,,,,,0.09083601286173633,0.0,3.9999999999999734
r2__clipb16__gru512__ringel__seed20260905,commit,C4,micro,622,,,,,,,,,,,0.11254019292604503,0.0,3.9999999999999734
r2__clipb16__gru512__seed20260903,prefix,C4,micro,622,,,,,,,,,,,0.412057877813504,0.4189710610932467,2.415594855305456
r2__clipb16__gru512__seed20260904,prefix,C4,micro,622,,,,,,,,,,,0.3456591639871381,0.3520900321543404,2.821141479099664
r2__clipb16__gru512__seed20260905,prefix,C4,micro,622,,,,,,,,,,,0.4165594855305459,0.42057877813504746,2.447548231511243
r2__clipb16__gru512__teaser__seed20260903,commit,C4,micro,622,,,,,,,,,,,0.39276527331189653,0.3836012861736329,2.4686495176848764
r2__clipb16__gru512__teaser__seed20260904,commit,C4,micro,622,,,,,,,,,,,0.3392282958199355,0.29501607717041756,2.820538585208979
r2__clipb16__gru512__teaser__seed20260905,commit,C4,micro,622,,,,,,,,,,,0.4146302250803851,0.40627009646302165,2.3772106109324658
r2__clipb16__mean__seed20260903,clip,C4,micro,622,,,,,,,,,,,0.3953376205787777,0.38971061093247533,2.487540192926034
r2__clipb16__mean__seed20260904,clip,C4,micro,622,,,,,,,,,,,0.38954983922829534,0.3946945337620574,2.4646302250803744
r2__clipb16__mean__seed20260905,clip,C4,micro,622,,,,,,,,,,,0.3657556270096459,0.3705787781350478,2.584204180064296
r2__r18__gru128__ringel__seed20260903,commit,C4,micro,622,,,,,,,,,,,0.09839228295819942,0.0,3.9999999999999734
r2__r18__gru128__ringel__seed20260904,commit,C4,micro,622,,,,,,,,,,,0.0779742765273312,0.0,3.9999999999999734
r2__r18__gru128__ringel__seed20260905,commit,C4,micro,622,,,,,,,,,,,0.10176848874598078,0.0,3.9999999999999734
r2__r18__gru128__seed20260903,prefix,C4,micro,622,,,,,,,,,,,0.34999999999999937,0.3633440514469448,2.7855707395498257
r2__r18__gru128__seed20260904,prefix,C4,micro,622,,,,,,,,,,,0.32025723472668777,0.32491961414790965,3.0052250803858374
r2__r18__gru128__seed20260905,prefix,C4,micro,622,,,,,,,,,,,0.3575562700964625,0.36591639871382586,2.765072347266868
r2__r18__gru128__teaser__seed20260903,commit,C4,micro,622,,,,,,,,,,,0.3508038585209,0.3001607717041795,2.799035369774896
r2__r18__gru128__teaser__seed20260904,commit,C4,micro,622,,,,,,,,,,,0.34051446945337616,0.3344051446945337,2.6635852090032013
r2__r18__gru128__teaser__seed20260905,commit,C4,micro,622,,,,,,,,,,,0.3612540192926042,0.3548231511254017,2.5844051446945207
r2__r18__gru512__ema__seed20260903,postproc,C4,micro,622,,,,,,,,,,,0.3802250803858515,0.3840836012861729,2.6185691318327855
r2__r18__gru512__ema__seed20260904,postproc,C4,micro,622,,,,,,,,,,,0.35337620578778084,0.360932475884244,2.668006430868154
r2__r18__gru512__ema__seed20260905,postproc,C4,micro,622,,,,,,,,,,,0.33794212218649483,0.3434083601286172,2.7773311897105972
r2__r18__gru512__hysteresis__seed20260903,postproc,C4,micro,622,,,,,,,,,,,0.3823151125401923,0.38440514469453324,2.6129421221864826
r2__r18__gru512__hysteresis__seed20260904,postproc,C4,micro,622,,,,,,,,,,,0.3527331189710606,0.3627009646302249,2.6595659163987015
r2__r18__gru512__hysteresis__seed20260905,postproc,C4,micro,622,,,,,,,,,,,0.347909967845659,0.35273311897106085,2.668207395498379
r2__r18__gru512__majority__seed20260903,postproc,C4,micro,622,,,,,,,,,,,0.37974276527331113,0.38086816720257155,2.6772508038585086
r2__r18__gru512__majority__seed20260904,postproc,C4,micro,622,,,,,,,,,,,0.3520900321543402,0.360932475884244,2.6947347266880897
r2__r18__gru512__majority__seed20260905,postproc,C4,micro,622,,,,,,,,,,,0.3336012861736333,0.3432475884244368,2.826768488745966
r2__r18__gru512__margin0p1__seed20260903,commit,C4,micro,622,,,,,,,,,,,0.3856913183279737,0.38456591639871335,2.4652331189710495
r2__r18__gru512__margin0p1__seed20260904,commit,C4,micro,622,,,,,,,,,,,0.3713826366559481,0.37073954983922786,2.51748392282957
r2__r18__gru512__margin0p1__seed20260905,commit,C4,micro,622,,,,,,,,,,,0.32218649517684883,0.30530546623794225,2.7847668810289234
r2__r18__gru512__margin0p2__seed20260903,commit,C4,micro,622,,,,,,,,,,,0.3779742765273307,0.3729903536977488,2.5116559485530425
r2__r18__gru512__margin0p2__seed20260904,commit,C4,micro,622,,,,,,,,,,,0.3676848874598067,0.36479099678456556,2.5422025723472546
r2__r18__gru512__margin0p2__seed20260905,commit,C4,micro,622,,,,,,,,,,,0.27636655948553096,0.245819935691319,3.026125401929243
r2__r18__gru512__margin0p4__seed20260903,commit,C4,micro,622,,,,,,,,,,,0.3752411575562696,0.35836012861736305,2.5739549839228166
r2__r18__gru512__margin0p4__seed20260904,commit,C4,micro,622,,,,,,,,,,,0.3562700964630222,0.3495176848874596,2.604903536977479
r2__r18__gru512__margin0p4__seed20260905,commit,C4,micro,622,,,,,,,,,,,0.1456591639871382,0.12090032154340828,3.522106109324738
r2__r18__gru512__margin0p6__seed20260903,commit,C4,micro,622,,,,,,,,,,,0.34598070739549813,0.3170418006430868,2.737942122186481
r2__r18__gru512__margin0p6__seed20260904,commit,C4,micro,622,,,,,,,,,,,0.3477491961414788,0.3344051446945337,2.6682073954983787
r2__r18__gru512__margin0p6__seed20260905,commit,C4,micro,622,,,,,,,,,,,0.054501607717041774,0.04389067524115755,3.8265675241157306
r2__r18__gru512__msp0p5__seed20260903,commit,C4,micro,622,,,,,,,,,,,0.38102893890675194,0.3774919614147905,2.49256430868166
r2__r18__gru512__msp0p5__seed20260904,commit,C4,micro,622,,,,,,,,,,,0.37266881028938864,0.37122186495176807,2.5166800643086695
r2__r18__gru512__msp0p5__seed20260905,commit,C4,micro,622,,,,,,,,,,,0.22877813504823202,0.2006430868167205,3.201969453376186
r2__r18__gru512__msp0p6__seed20260903,commit,C4,micro,622,,,,,,,,,,,0.3749196141479095,0.3651125401929257,2.546020900321531
r2__r18__gru512__msp0p6__seed20260904,commit,C4,micro,622,,,,,,,,,,,0.3618971061093244,0.3569131832797425,2.574758842443717
r2__r18__gru512__msp0p6__seed20260905,commit,C4,micro,622,,,,,,,,,,,0.13054662379421214,0.1072347266881028,3.5759646302250587
r2__r18__gru512__msp0p7__seed20260903,commit,C4,micro,622,,,,,,,,,,,0.360771704180064,0.34035369774919594,2.6459003215433947
r2__r18__gru512__msp0p7__seed20260904,commit,C4,micro,622,,,,,,,,,,,0.34774919614147887,0.34099678456591626,2.6384646302250667
r2__r18__gru512__msp0p7__seed20260905,commit,C4,micro,622,,,,,,,,,,,0.06463022508038582,0.04967845659163986,3.802853697749171
r2__r18__gru512__msp0p8__seed20260903,commit,C4,micro,622,,,,,,,,,,,0.3340836012861735,0.30305466237942136,2.794212218649503
r2__r18__gru512__msp0p8__seed20260904,commit,C4,micro,622,,,,,,,,,,,0.34726688102893866,0.33038585209003213,2.6854903536977357
r2__r18__gru512__msp0p8__seed20260905,commit,C4,micro,622,,,,,,,,,,,0.021221864951768494,0.018810289389067526,3.9256430868166943
r2__r18__gru512__msp0p9__seed20260903,commit,C4,micro,622,,,,,,,,,,,0.2972668810289391,0.2599678456591646,2.9674437299035197
r2__r18__gru512__msp0p9__seed20260904,commit,C4,micro,622,,,,,,,,,,,0.32250803858520904,0.3003215434083604,2.8044614147909823
r2__r18__gru512__msp0p9__seed20260905,commit,C4,micro,622,,,,,,,,,,,0.006430868167202572,0.005305466237942122,3.979099678456565
r2__r18__gru512__patience__seed20260903,postproc,C4,micro,622,,,,,,,,,,,0.3799035369774913,0.3842443729903531,2.601487138263653
r2__r18__gru512__patience__seed20260904,postproc,C4,micro,622,,,,,,,,,,,0.35466237942122136,0.36302250803858493,2.6995578778134917
r2__r18__gru512__patience__seed20260905,postproc,C4,micro,622,,,,,,,,,,,0.33360128617363305,0.3451768488745978,2.8106913183279594
r2__r18__gru512__ringel__seed20260903,commit,C4,micro,622,,,,,,,,,,,0.10385852090032165,0.0,3.9999999999999734
r2__r18__gru512__ringel__seed20260904,commit,C4,micro,622,,,,,,,,,,,0.10016077170418014,0.0,3.9999999999999734
r2__r18__gru512__ringel__seed20260905,commit,C4,micro,622,,,,,,,,,,,0.09469453376205793,0.0,3.9999999999999734
r2__r18__gru512__seed20260903,prefix,C4,micro,622,,,,,,,,,,,0.37974276527331113,0.38086816720257155,2.6772508038585086
r2__r18__gru512__seed20260904,prefix,C4,micro,622,,,,,,,,,,,0.3520900321543402,0.360932475884244,2.6947347266880897
r2__r18__gru512__seed20260905,prefix,C4,micro,622,,,,,,,,,,,0.3297427652733116,0.34019292604501583,2.92544212218648
r2__r18__gru512__teaser__seed20260903,commit,C4,micro,622,,,,,,,,,,,0.3718649517684883,0.3554662379421219,2.5825964630224956
r2__r18__gru512__teaser__seed20260904,commit,C4,micro,622,,,,,,,,,,,0.33311897106109317,0.3212218649517685,2.720056270096449
r2__r18__gru512__teaser__seed20260905,commit,C4,micro,622,,,,,,,,,,,0.3593247588424434,0.3565916398713823,2.577572347266868
r2__r18__mean__seed20260903,clip,C4,micro,622,,,,,,,,,,,0.3463022508038582,0.34308681672025704,2.6609726688102757
r2__r18__mean__seed20260904,clip,C4,micro,622,,,,,,,,,,,0.3485530546623791,0.3498392282958196,2.61957395498391
r2__r18__mean__seed20260905,clip,C4,micro,622,,,,,,,,,,,0.3435691318327973,0.3472668810289387,2.6716237942122047
clip__r18mean__seed20260903,clip,21.5,macro,742,14.714335196713389,0.336462629104007,14.15333944022254,0.560995756490854,1.332337334589934,1.356789628396402,1.0674758279890095,1.0866709256598555,0.32242896527356646,1.375395172168497,,,
clip__r18mean__seed20260904,clip,21.5,macro,742,15.130925826772586,0.32103224859252616,14.79547779154638,0.3354480352262113,1.6606405551131236,1.681709469056168,1.2217797906728425,1.2404234547446793,0.3035321338064774,1.7044931486654702,,,
clip__r18mean__seed20260905,clip,21.5,macro,742,15.034733022871697,0.33083598981231216,14.72629448180305,0.3084385410686419,1.9577882206947357,1.9813594811288695,1.3706059977252079,1.3897270662080736,0.3137876739091079,1.9577882206947357,,,
commit__margin0p1__prefix__gru512__seed20260903,commit,21.5,macro,742,15.080599231321502,0.3054280066450818,15.080599231321502,0.0,0.48227854350618876,0.5142724884354513,0.37394964421278176,0.4005774527050534,0.289325311112248,0.48227854350618876,,,
commit__margin0p1__prefix__gru512__seed20260904,commit,21.5,macro,742,14.758526578801467,0.31918775677909494,14.758526578801467,0.0,0.379285693078232,0.4058765314668763,0.28665696516813916,0.3089479136111282,0.2984676612415477,0.379285693078232,,,
commit__margin0p1__prefix__gru512__seed20260905,commit,21.5,macro,742,15.134910617132313,0.29694768583501324,15.134910617132313,0.0,0.06494700415290679,0.07875481879932736,0.067150519679097,0.08180505360866679,0.30032822914256246,0.06494700415290679,,,
commit__margin0p2__prefix__gru512__seed20260903,commit,21.5,macro,742,15.419680632821468,0.30912379477427526,15.419680632821468,0.0,1.830471254668684,1.885443818592212,1.3150150291439036,1.3596569794664541,0.2758742243749853,1.830471254668684,,,
commit__margin0p2__prefix__gru512__seed20260904,commit,21.5,macro,742,15.026234550941652,0.3238525191998187,15.026234550941652,0.0,1.5101433051877517,1.5539298351465045,1.1035248921140741,1.1409279362697387,0.29104111579296404,1.5101433051877517,,,
commit__margin0p2__prefix__gru512__seed20260905,commit,21.5,macro,742,15.295584188048087,0.29251887083075057,15.295584188048087,0.0,0.28969040755762987,0.31562620044416595,0.25244948508849363,0.2762009797712737,0.2958305587553381,0.28969040755762987,,,
commit__margin0p4__prefix__gru512__seed20260903,commit,21.5,macro,742,17.299711812609328,0.21705324460645917,17.299711812609328,0.0,2.1485814344482597,2.206217883910699,1.816993039837736,1.8688998440034212,0.20177254222865307,2.1485814344482597,,,
commit__margin0p4__prefix__gru512__seed20260904,commit,21.5,macro,742,16.731193176687878,0.24816185012384914,16.731193176687878,0.0,2.28348134118056,2.3407062854486007,1.7443489771102139,1.7973966683348088,0.22002592313963512,2.28348134118056,,,
commit__margin0p4__prefix__gru512__seed20260905,commit,21.5,macro,742,15.656158932010207,0.2880932374971476,15.656158932010207,0.0,1.2154521266830574,1.260066600613636,1.0736301417317473,1.1132349871900127,0.28034411287474725,1.370178765610397,,,
commit__margin0p6__prefix__gru512__seed20260903,commit,21.5,macro,742,18.790844140737743,0.14537303275087404,18.790844140737743,0.0,2.8641099177931464,2.933373671799451,2.548847347569775,2.606344967818676,0.13101233425201217,3.3930354696403677,,,
commit__margin0p6__prefix__gru512__seed20260904,commit,21.5,macro,742,18.56441671434027,0.15947414241549476,18.56441671434027,0.0,3.0921048942754927,3.1590918722740304,2.6098161687647927,2.670791482888713,0.13528618071094403,3.173871546561811,,,
commit__margin0p6__prefix__gru512__seed20260905,commit,21.5,macro,742,16.686801010104144,0.24709649899694242,16.686801010104144,0.0,2.020974560811542,2.075367893116433,1.6812922363540523,1.73351074069262,0.23061308001016753,2.020974560811542,,,
commit__msp0p5__prefix__gru512__seed20260903,commit,21.5,macro,742,15.93380381089189,0.2929804834014851,15.93380381089189,0.0,2.5014778988521993,2.559598944128607,1.7710754049648765,1.81933183939835,0.2610677928358103,2.5014778988521993,,,
commit__msp0p5__prefix__gru512__seed20260904,commit,21.5,macro,742,15.636530678735099,0.2918354513818362,15.636530678735099,0.0,1.4083034857437016,1.4511230831587882,1.1855407259695234,1.2254778396567187,0.267079349767217,1.5057457544592172,,,
commit__msp0p5__prefix__gru512__seed20260905,commit,21.5,macro,742,15.561893321856779,0.28269035285112043,15.561893321856779,0.0,0.4943073109732117,0.5188981226669789,0.36481086577616695,0.3877391385235356,0.29024828321134893,0.4943073109732117,,,
commit__msp0p6__prefix__gru512__seed20260903,commit,21.5,macro,742,17.441630977662363,0.21155018945744825,17.441630977662363,0.0,2.3160463824403776,2.374619868436441,1.9486476577978216,1.999295289667485,0.19713714541627508,2.3160463824403776,,,
commit__msp0p6__prefix__gru512__seed20260904,commit,21.5,macro,742,16.827225730634783,0.2394379711762113,16.827225730634783,0.0,1.984405850873428,2.037553442014717,1.7053454905833787,1.7549242456142442,0.21908207335006494,1.984405850873428,,,
commit__msp0p6__prefix__gru512__seed20260905,commit,21.5,macro,742,15.640132044386085,0.28463251644424653,15.640132044386085,0.0,0.9125139712851303,0.954466611524743,0.8417436125008927,0.8797367573173325,0.2838249781223533,1.0714037907461147,,,
commit__msp0p7__prefix__gru512__seed20260903,commit,21.5,macro,742,18.381959408608868,0.16848683992522212,18.381959408608868,0.0,2.9938627089507523,3.0565885578365437,2.2163961564823698,2.268755179583948,0.1483508632856383,2.9938627089507523,,,
commit__msp0p7__prefix__gru512__seed20260904,commit,21.5,macro,742,18.035271282610083,0.18992076423198068,18.035271282610083,0.0,3.2569778038702553,3.3271833093852177,2.6149712031158407,2.674873763825168,0.16061557952733613,3.2569778038702553,,,
commit__msp0p7__prefix__gru512__seed20260905,commit,21.5,macro,742,16.282318555638437,0.26634746863951575,16.282318555638437,0.0,1.9102457927868222,1.961670849169117,1.5888344959557588,1.6351956636951932,0.25313555400472915,2.071877761566636,,,
commit__msp0p8__prefix__gru512__seed20260903,commit,21.5,macro,742,19.512063641469553,0.10720940371361665,19.512063641469553,0.0,2.9574441264420614,3.02361827613365,2.430804462851533,2.49308585825447,0.09811681748592653,2.9574441264420614,,,
commit__msp0p8__prefix__gru512__seed20260904,commit,21.5,macro,742,19.619683935434985,0.1028249953505674,19.619683935434985,0.0,3.2134339938022576,3.283639904260639,2.690570595458345,2.7543440243308295,0.0875494446541236,3.361448840912313,,,
commit__msp0p8__prefix__gru512__seed20260905,commit,21.5,macro,742,17.19757285597732,0.22628322441848728,17.19757285597732,0.0,2.486539523293189,2.5464488253252964,2.1202229831599086,2.1775235483184456,0.20869582053782498,2.6061175045122393,,,
commit__msp0p9__prefix__gru512__seed20260903,commit,21.5,macro,742,20.518292476443015,0.05462014134275612,20.518292476443015,0.0,3.5266389023667086,3.598239797293659,2.6990172267210695,2.7655959492695934,0.04726093466545951,3.5266389023667086,,,
commit__msp0p9__prefix__gru512__seed20260904,commit,21.5,macro,742,20.739803813309933,0.04212014134275614,20.739803813309933,0.0,3.4517180508948595,3.519837108501122,2.608454709153899,2.6716641593727175,0.034889657640462896,3.4517180508948595,,,
commit__msp0p9__prefix__gru512__seed20260905,commit,21.5,macro,742,18.80106650238678,0.14925557864549222,18.80106650238678,0.0,3.4173693733503607,3.4819682158764067,2.4948359874565913,2.5537314305081953,0.13181087008794926,3.4173693733503607,,,
postproc__ema0p2__prefix__gru512__seed20260904,postproc,21.5,macro,742,16.110819560181458,0.3295579752953005,14.382734976158638,1.728084584022821,5.147246178795921,5.195079214403905,3.823881318918026,3.8620717866151897,0.29486179917400585,5.095793330549365,,,
postproc__ema0p2__prefix__gru512__seed20260905,postproc,21.5,macro,742,16.847201661942325,0.2888060664910897,15.103275523651758,1.7439261382905398,5.389540844526477,5.435744999514333,3.941109000197227,3.980454339537656,0.2984763323061819,5.8098112843533425,,,
postproc__ema0p7__prefix__gru512__seed20260903,postproc,21.5,macro,742,17.60461594312893,0.3242496766801101,14.735092962990324,2.869522980138559,9.486467413769873,9.560941674254627,6.651312071811861,6.713777272242263,0.29978452230555963,9.799115151888573,,,
postproc__hysteresis0p05__prefix__gru512__seed20260904,postproc,21.5,macro,742,16.716250656241854,0.31931591266581594,14.400626311393676,2.31562434484815,6.518756804755221,6.575566593222134,4.883450686871794,4.9325534943516365,0.2987585290378978,6.715546635865556,,,
postproc__hysteresis0p05__prefix__gru512__seed20260905,postproc,21.5,macro,742,17.1700756158596,0.2947749286096043,15.11221782972046,2.057857786139093,6.8110832574404725,6.870769137562811,4.9278702934488905,4.980879382025339,0.29436982811172824,6.834868767916002,,,
postproc__hysteresis0p2__prefix__gru512__seed20260903,postproc,21.5,macro,742,15.98259857961808,0.3292999198854775,14.671610859749062,1.3109877198690199,4.745056900406427,4.796282965316878,3.4167966409535526,3.4551123937339465,0.3003165345771224,5.147332558272875,,,
postproc__majority2__prefix__gru512__seed20260903,postproc,21.5,macro,742,17.700083971708807,0.33227002351748924,14.74378733448928,2.956296637219464,10.063771151955217,10.141880799167824,6.935232665816328,7.000622219961644,0.29979565594904445,10.197786373351379,,,
postproc__majority2__prefix__gru512__seed20260904,postproc,21.5,macro,742,17.320995739446886,0.323210264076683,14.416497700809883,2.9044980386369827,8.570323176489165,8.63713888414827,5.90335595120815,5.959601790129788,0.29591642100722504,8.443350200642495,,,
postproc__majority9__prefix__gru512__seed20260905,postproc,21.5,macro,742,17.085147306704112,0.2890561239252592,15.125055224004337,1.9600920826997343,6.226659192187056,6.275401042724159,4.423373827733794,4.465727261194766,0.2972028332847196,6.311072203790565,,,
postproc__patience2__prefix__gru512__seed20260903,postproc,21.5,macro,742,17.5120111517319,0.32790986513711834,14.738402690691723,2.7736084610401313,9.33815532173602,9.411066414702791,6.500394431620915,6.561192693437103,0.3003624559721671,9.544878775399097,,,
postproc__patience2__prefix__gru512__seed20260904,postproc,21.5,macro,742,17.143701270733956,0.31678768589209083,14.402873807507655,2.7408274632262764,7.748522517538972,7.810459331072932,5.469330795667518,5.521807695321615,0.2955426486902343,7.926059531988837,,,
postproc__patience6__prefix__gru512__seed20260905,postproc,21.5,macro,742,16.8832690680551,0.2868093630300883,15.131960249014558,1.7513088190405095,5.403137320309273,5.450942036056255,4.109716426100805,4.150855519390377,0.30075237827667956,5.856420240357505,,,
prefix__gru128__seed20260903,prefix,21.5,macro,742,17.386715253239093,0.32219689305321636,15.016160182115028,2.3705550711240337,8.733630008711744,8.803475068776459,5.838036440940526,5.894005916977607,0.2957506684598407,8.628095373684067,,,
prefix__gru128__seed20260904,prefix,21.5,macro,742,17.526672395715153,0.3201245952853086,14.853162620669197,2.673509775045935,9.088183904633649,9.158913825813196,6.549258222895735,6.607899194169559,0.29924444473585965,9.18648850400318,,,
prefix__gru128__seed20260905,prefix,21.5,macro,742,17.080924380414515,0.3247973525107178,14.366598490692224,2.7143258897222733,7.894360713147573,7.9601734280026895,5.627734235166661,5.683681655438235,0.31266618641741106,8.337824102515482,,,
prefix__gru512__seed20260903,prefix,21.5,macro,742,17.700083971708807,0.33227002351748924,14.74378733448928,2.956296637219464,10.063771151955217,10.141880799167824,6.935232665816328,7.000622219961644,0.29979565594904445,10.197786373351379,,,
prefix__gru512__seed20260904,prefix,21.5,macro,742,17.320995739446886,0.323210264076683,14.416497700809883,2.9044980386369827,8.570323176489165,8.63713888414827,5.90335595120815,5.959601790129788,0.29591642100722504,8.443350200642495,,,
prefix__gru512__seed20260905,prefix,21.5,macro,742,17.36300161339877,0.2868780196539803,15.125238416461437,2.2377631969372853,7.079242384651486,7.139088299919275,5.37880646631367,5.432858245390631,0.2962071443734749,7.516185504047599,,,
r2__clipb16__gru128__ringel__seed20260903,commit,21.5,macro,742,17.072863605262935,0.380828937181685,17.072863605262935,0.0,9.875000000000014,9.99999999999998,9.87500000000003,10.000000000000076,0.2632350756374485,9.875000000000014,,,
r2__clipb16__gru128__ringel__seed20260904,commit,21.5,macro,742,17.0776590815016,0.3804164230966385,17.0776590815016,0.0,9.875000000000009,9.999999999999979,9.87500000000004,10.000000000000078,0.25899585993766217,9.875000000000009,,,
r2__clipb16__gru128__ringel__seed20260905,commit,21.5,macro,742,17.49673496883574,0.34436688440122876,17.49673496883574,0.0,9.875000000000018,9.999999999999988,9.87500000000004,10.000000000000085,0.24103204231430037,9.875000000000018,,,
r2__clipb16__gru128__seed20260903,prefix,21.5,macro,742,15.67823792780528,0.3542322902590544,13.516669674974521,2.161568252830763,5.065128780503899,5.1092735984810655,3.7318478094816174,3.773907436291963,0.34137245343280814,5.152153347684582,,,
r2__clipb16__gru128__seed20260904,prefix,21.5,macro,742,15.534376408009178,0.39115506536079875,13.416968343506616,2.1174080645025772,6.248699121438737,6.294743649358467,4.514496621546454,4.556264312119719,0.36123537071672396,5.948814229840484,,,
r2__clipb16__gru128__seed20260905,prefix,21.5,macro,742,15.697395796718562,0.36489690190021934,13.778091342050647,1.9193044546679126,5.597962539380034,5.64796172028946,4.0989402810551905,4.141166707987509,0.3358521701361068,5.748051725296818,,,
r2__clipb16__gru128__teaser__seed20260903,commit,21.5,macro,742,13.636056919372649,0.37044278652991625,13.636056919372649,0.0,0.27150435485052343,0.2817870057665293,0.21427959377372072,0.22452198525370543,0.33897007896398734,0.27150435485052343,,,
r2__clipb16__gru128__teaser__seed20260904,commit,21.5,macro,742,13.44653814691128,0.3817168242558812,13.44653814691128,0.0,0.40199922733786636,0.5269992273378676,0.413712198722156,0.5387121987221567,0.35520974030458136,0.40199922733786636,,,
r2__clipb16__gru128__teaser__seed20260905,commit,21.5,macro,742,14.767461667101463,0.3225879222402387,14.767461667101463,0.0,0.6296019821701837,0.7546019821701861,0.4965249973264726,0.6215249973264725,0.3090908634097631,0.6296019821701837,,,
r2__clipb16__gru512__ema__seed20260903,postproc,21.5,macro,742,14.823764927582609,0.347770403954452,14.008859819562371,0.8149051080202359,2.3027509054744115,2.330839125970559,1.6618417364762894,1.6843493563629044,0.34794324780089525,2.4375769903671904,,,
r2__clipb16__gru512__ema__seed20260904,postproc,21.5,macro,742,15.420772487251133,0.3543775887986174,13.810915702167014,1.609856785084112,4.345338687025311,4.384064701579885,3.1205055136331765,3.15605604154893,0.3337198071364058,4.337819108977927,,,
r2__clipb16__gru512__ema__seed20260905,postproc,21.5,macro,742,15.357996841635966,0.33389789576106554,13.80981262245884,1.5481842191771138,3.105145655786892,3.1361737963901977,2.4430371509470685,2.4719488674737633,0.33738279110758773,3.3234087083731545,,,
r2__clipb16__gru512__hysteresis__seed20260903,postproc,21.5,macro,742,14.805584948040114,0.34847711773537077,14.01167757301512,0.7939073750249916,2.2895132527939617,2.3177980109869134,1.63004246580796,1.6520788304132414,0.34833928740485565,2.4256755990865853,,,
r2__clipb16__gru512__hysteresis__seed20260904,postproc,21.5,macro,742,14.872911128669033,0.3537224746049019,13.773772300282886,1.099138828386147,2.7647220713547886,2.798251378497072,2.010427415231408,2.038553150343737,0.3316122322127848,2.8690314064247975,,,
r2__clipb16__gru512__hysteresis__seed20260905,postproc,21.5,macro,742,14.752625446492203,0.3447482793927791,13.818901461663934,0.9337239848282628,1.9281124610911233,1.9529729065878818,1.403363384629279,1.4248857091209803,0.34056283938825116,1.9553617981413438,,,
r2__clipb16__gru512__majority__seed20260903,postproc,21.5,macro,742,14.813345736527628,0.3515653530294884,14.009199770489259,0.8041459660383713,2.4803377783034097,2.509175812736143,1.6579568302715308,1.6806273386478432,0.3508176057034264,2.3792065381149885,,,
r2__clipb16__gru512__majority__seed20260904,postproc,21.5,macro,742,15.555291086746063,0.35591763591286946,13.82554321809281,1.7297478686532475,4.797515173681184,4.8394551211760355,3.5810712104849824,3.6199908084251864,0.33753529063215093,4.755237422005252,,,
r2__clipb16__gru512__majority__seed20260905,postproc,21.5,macro,742,15.391963971236304,0.33389789576106554,13.822116961257572,1.5698470099787205,3.206874747319258,3.238526831157841,2.7038573616893955,2.7341859635075765,0.34084138906822414,3.8549762897017548,,,
r2__clipb16__gru512__margin0p1__seed20260903,commit,21.5,macro,742,13.876885320957916,0.35560221847308066,13.876885320957916,0.0,0.06280337120796621,0.06898713320399079,0.043773448886595186,0.049818806203235304,0.3563634513749201,0.06280337120796621,,,
r2__clipb16__gru512__margin0p1__seed20260904,commit,21.5,macro,742,13.653431350104514,0.37649252935643196,13.653431350104514,0.0,0.658766673781659,0.6944076729130622,0.6130404941651586,0.6478421502672049,0.33563850094023556,0.658766673781659,,,
r2__clipb16__gru512__margin0p1__seed20260905,commit,21.5,macro,742,13.499026269850058,0.37303664125611,13.499026269850058,0.0,0.051775227203911214,0.058983713102320444,0.04447971067457248,0.051027153483000756,0.3552986560023261,0.051775227203911214,,,
r2__clipb16__gru512__margin0p2__seed20260903,commit,21.5,macro,742,13.868015235186384,0.35731451577485585,13.868015235186384,0.0,0.14070887726670872,0.14950444279596903,0.12094740721893384,0.12958136746877724,0.35639979053581805,0.14070887726670872,,,
r2__clipb16__gru512__margin0p2__seed20260904,commit,21.5,macro,742,15.461904089425854,0.3104503675231931,15.461904089425854,0.0,2.05052742006151,2.0924373185203984,1.6064537556941445,1.6480063521806976,0.260816950728444,2.05052742006151,,,
r2__clipb16__gru512__margin0p2__seed20260905,commit,21.5,macro,742,13.621948169209535,0.3685349784001549,13.621948169209535,0.0,0.12332670567707876,0.13429688377079335,0.1451837701474829,0.15644974916120757,0.35225279811087723,0.12332670567707876,,,
r2__clipb16__gru512__margin0p4__seed20260903,commit,21.5,macro,742,13.872871076758692,0.36361760591550585,13.872871076758692,0.0,0.5243134568856781,0.5440169693221015,0.44462459248148334,0.4629828042672527,0.3529809444495287,0.5243134568856781,,,
r2__clipb16__gru512__margin0p4__seed20260904,commit,21.5,macro,742,17.72868341753649,0.19873148293043774,17.72868341753649,0.0,2.5230541892365874,2.5668161431695165,1.8523659143284235,1.8905972544610412,0.15108917358489965,2.5230541892365874,,,
r2__clipb16__gru512__margin0p4__seed20260905,commit,21.5,macro,742,14.112379139719378,0.3606303160298334,14.112379139719378,0.0,1.0146982050464075,1.042117196919418,0.6697437139781038,0.6919436242604943,0.3409463634210811,1.0146982050464075,,,
r2__clipb16__gru512__margin0p6__seed20260903,commit,21.5,macro,742,14.344094746769224,0.3494402522917783,14.344094746769224,0.0,1.021806070424606,1.0518591113965026,0.8112950665917992,0.8384959600916151,0.3350099645904669,1.021806070424606,,,
r2__clipb16__gru512__margin0p6__seed20260904,commit,21.5,macro,742,19.765292519181717,0.09390979046080684,19.765292519181717,0.0,3.027937903956938,3.0956697846478716,2.374121862053932,2.43608664885287,0.06991126004684578,3.027937903956938,,,
r2__clipb16__gru512__margin0p6__seed20260905,commit,21.5,macro,742,15.008797901890944,0.33407409578640124,15.008797901890944,0.0,2.0695736964311764,2.109327638915073,1.4489306033301235,1.481706535521996,0.3106404122836245,2.0695736964311764,,,
r2__clipb16__gru512__msp0p5__seed20260903,commit,21.5,macro,742,13.93502784997347,0.3528168027567136,13.93502784997347,0.0,0.05835637385161649,0.06456026168385763,0.07998006360126941,0.08713994527535548,0.3541503320103792,0.05835637385161649,,,
r2__clipb16__gru512__msp0p5__seed20260904,commit,21.5,macro,742,16.599247054982744,0.25762676898431164,16.599247054982744,0.0,2.4773147241708493,2.5251204510938248,2.042654402214829,2.087826823101733,0.21470316102327472,2.5390511556488264,,,
r2__clipb16__gru512__msp0p5__seed20260905,commit,21.5,macro,742,13.580782415306196,0.37083551099604783,13.580782415306196,0.0,0.14493191759564372,0.15547026758767518,0.12195400376557475,0.131560444667742,0.356155692602007,0.14493191759564372,,,
r2__clipb16__gru512__msp0p6__seed20260903,commit,21.5,macro,742,14.005121104147932,0.35411098366459676,14.005121104147932,0.0,0.3346613304968803,0.34895281437980874,0.31662279559059797,0.3324386100267409,0.3524702575469671,0.3346613304968803,,,
r2__clipb16__gru512__msp0p6__seed20260904,commit,21.5,macro,742,18.0395071818774,0.17980100507022007,18.0395071818774,0.0,2.2537626568261113,2.2984794652159573,1.867580196506204,1.9079176694084612,0.13815901492156965,2.488162343506325,,,
r2__clipb16__gru512__msp0p6__seed20260905,commit,21.5,macro,742,13.867092441990298,0.36441712403925636,13.867092441990298,0.0,0.554476163454207,0.577216728496942,0.4293222561740589,0.4479037575240923,0.34456454360500005,0.554476163454207,,,
r2__clipb16__gru512__msp0p7__seed20260903,commit,21.5,macro,742,14.09971857826728,0.3546942595637606,14.09971857826728,0.0,0.6361680596851035,0.6579709313328865,0.5405070445086911,0.5610534813821224,0.341872552641314,0.6361680596851035,,,
r2__clipb16__gru512__msp0p7__seed20260904,commit,21.5,macro,742,19.439589320568167,0.10739175303988885,19.439589320568167,0.0,2.3140697855388033,2.371890197790625,1.807922550703306,1.8656657463324176,0.08274141337356578,2.3140697855388033,,,
r2__clipb16__gru512__msp0p7__seed20260905,commit,21.5,macro,742,14.471798548094718,0.3483738777347428,14.471798548094718,0.0,1.3256933108610625,1.3588642825202657,0.9479798933208187,0.9751170772384116,0.3272043005375047,1.3256933108610625,,,
r2__clipb16__gru512__msp0p8__seed20260903,commit,21.5,macro,742,14.610082422641055,0.34269182854065233,14.610082422641055,0.0,1.3947129649996017,1.4324017256564638,1.0289063695177132,1.0613474996661214,0.3291268720795351,1.3947129649996017,,,
r2__clipb16__gru512__msp0p8__seed20260904,commit,21.5,macro,742,20.7718387681161,0.03969096334185846,20.7718387681161,0.0,3.154231326853893,3.2170165923857614,3.7888060762408,3.8572773420433935,0.032443724477742936,4.837572692176126,,,
r2__clipb16__gru512__msp0p8__seed20260905,commit,21.5,macro,742,15.42473757524313,0.31307648011699596,15.42473757524313,0.0,2.0949574286558854,2.1373469517305814,1.4504036394913031,1.4848767815447865,0.2882423818558982,2.0949574286558854,,,
r2__clipb16__gru512__msp0p9__seed20260903,commit,21.5,macro,742,15.637130268822046,0.3003125473167975,15.637130268822046,0.0,1.9774399752493175,2.0174465334053706,1.4149234658999268,1.4513823837933093,0.28714677671283334,1.9774399752493175,,,
r2__clipb16__gru512__msp0p9__seed20260904,commit,21.5,macro,742,21.450208333333514,0.0025,21.450208333333514,0.0,1.5833333333333335,1.6666666666666665,1.5499999999999998,1.6499999999999997,0.0020080321285140565,1.5833333333333335,,,
r2__clipb16__gru512__msp0p9__seed20260905,commit,21.5,macro,742,16.655625068324486,0.25049503933665795,16.655625068324486,0.0,2.1607949422710075,2.2083386282094963,1.4665072650144455,1.5080702680637772,0.22813177545951444,2.1607949422710075,,,
r2__clipb16__gru512__patience__seed20260903,postproc,21.5,macro,742,14.798002821488264,0.3515653530294884,14.009370884479079,0.7886319370091839,2.436696063023012,2.465237803563958,1.6373983909586576,1.6599258027446144,0.3508176057034264,2.335283102694078,,,
r2__clipb16__gru512__patience__seed20260904,postproc,21.5,macro,742,15.536519128779151,0.3511659156227448,13.811165436856033,1.7253536919231143,4.518053273634331,4.558869313257634,3.8334475290537338,3.8736974461565197,0.3432608317056037,5.251426101366506,,,
r2__clipb16__gru512__patience__seed20260905,postproc,21.5,macro,742,15.34145872623618,0.3347312290943989,13.811648861231836,1.529809865004334,3.1015335933085257,3.1324844875075875,2.4905835568862273,2.519968882347353,0.34119533637288946,3.4537801143221416,,,
r2__clipb16__gru512__ringel__seed20260903,commit,21.5,macro,742,17.435071909690922,0.3496712335749774,17.435071909690922,0.0,9.87500000000002,9.99999999999999,9.875000000000044,10.000000000000082,0.2489528773390955,9.87500000000002,,,
r2__clipb16__gru512__ringel__seed20260904,commit,21.5,macro,742,17.423946278747433,0.35062827709699795,17.423946278747433,0.0,9.875000000000007,9.999999999999972,9.875000000000039,10.000000000000082,0.2397525652378834,9.875000000000007,,,
r2__clipb16__gru512__ringel__seed20260905,commit,21.5,macro,742,17.429036235758605,0.35019043133259525,17.429036235758605,0.0,9.875000000000018,9.99999999999999,9.87500000000004,10.000000000000085,0.24610850926037736,9.875000000000018,,,
r2__clipb16__gru512__seed20260903,prefix,21.5,macro,742,14.8721502017291,0.3477704039544521,14.009842498483087,0.8623077032460099,2.4418808417665963,2.4710306371705366,1.8099682966065989,1.833769466307203,0.3504271329212084,2.6922958484251205,,,
r2__clipb16__gru512__seed20260904,prefix,21.5,macro,742,16.188717159962394,0.3513703424218056,13.864249009983967,2.3244681499784146,6.384088954605998,6.433900870524321,4.8546938627800325,4.904549554197347,0.3382384981469466,6.515001965021695,,,
r2__clipb16__gru512__seed20260905,prefix,21.5,macro,742,15.391963971236304,0.33389789576106554,13.822116961257572,1.5698470099787205,3.206874747319258,3.238526831157841,2.7038573616893955,2.7341859635075765,0.34084138906822414,3.8549762897017548,,,
r2__clipb16__gru512__teaser__seed20260903,commit,21.5,macro,742,14.757980528191421,0.32363647476440094,14.757980528191421,0.0,0.6679245155645736,0.6816078620788216,0.4574124620295658,0.4694565071261405,0.3180647455232097,0.6679245155645736,,,
r2__clipb16__gru512__teaser__seed20260904,commit,21.5,macro,742,14.17670569767374,0.35382237636829356,14.17670569767374,0.0,0.8023426683917315,0.9273426683917332,0.8361901550475161,0.9611901550475219,0.32042131859630507,0.8023426683917315,,,
r2__clipb16__gru512__teaser__seed20260905,commit,21.5,macro,742,14.158284924582864,0.34892217586794605,14.158284924582864,0.0,0.4588751212083998,0.47002994950389737,0.3073184679095821,0.3163616304988483,0.33865761556279816,0.4588751212083998,,,
r2__clipb16__mean__seed20260903,clip,21.5,macro,742,14.80017678605998,0.3277940248962262,14.30934578517227,0.4908310008877125,1.0608744971447535,1.07821686209683,0.7346573293189917,0.7503862562866024,0.33201204774176774,1.0331879474818793,,,
r2__clipb16__mean__seed20260904,clip,21.5,macro,742,13.92626648205089,0.3648864904210593,13.57082220035972,0.35544428169117576,0.7435902211412544,0.7559192155032931,0.6069054201449395,0.618644126955909,0.3546218156538631,0.7435902211412544,,,
r2__clipb16__mean__seed20260905,clip,21.5,macro,742,13.55639330885584,0.3831660861415833,13.309538334216457,0.24685497463938552,0.7685026716875372,0.7809394161723816,0.6170184719277509,0.6271690682772408,0.3576904153152871,0.8792959217582298,,,
r2__r18__gru128__ringel__seed20260903,commit,21.5,macro,742,18.128978257272536,0.2899803649658061,18.128978257272536,0.0,9.87500000000004,10.000000000000028,9.875000000000023,10.000000000000078,0.20684042677666548,9.87500000000004,,,
r2__r18__gru128__ringel__seed20260904,commit,21.5,macro,742,18.20367000671736,0.2835552682393716,18.20367000671736,0.0,9.87500000000003,10.00000000000002,9.87500000000002,10.00000000000006,0.19374642222586133,9.87500000000003,,,
r2__r18__gru128__ringel__seed20260905,commit,21.5,macro,742,17.935392364561217,0.30663291487645655,17.935392364561217,0.0,9.875000000000032,10.000000000000009,9.875000000000027,10.000000000000078,0.2150031634847948,9.875000000000032,,,
r2__r18__gru128__seed20260903,prefix,21.5,macro,742,17.86058022552644,0.3003678343441585,15.147755150703427,2.712825074822967,9.383457020555811,9.46015231965421,6.447911966845046,6.511072426356796,0.2751223537034593,9.429271431987981,,,
r2__r18__gru128__seed20260904,prefix,21.5,macro,742,18.329838126014668,0.29519370139400486,15.089100323214849,3.2407378027997606,10.760740120758687,10.843478283681721,7.109738785834186,7.178814048153345,0.2709318800035352,10.436736074865845,,,
r2__r18__gru128__seed20260905,prefix,21.5,macro,742,17.293696221412343,0.2940551143681184,14.986962934824996,2.3067332865873094,7.195525862128271,7.254623578795982,5.231330382937429,5.2825264764001085,0.2851149459365895,7.258404242746415,,,
r2__r18__gru128__teaser__seed20260903,commit,21.5,macro,742,15.432383582246418,0.29765233293712035,15.432383582246418,0.0,1.1150886576946741,1.2400886576946748,0.910404660824353,1.0354046608243563,0.2740452386076806,1.1150886576946741,,,
r2__r18__gru128__teaser__seed20260904,commit,21.5,macro,742,14.600599288745773,0.3220365950392414,14.600599288745773,0.0,0.07572456815508719,0.08909780396111631,0.08810062651732917,0.10288685013831712,0.2922575503176425,0.07572456815508719,,,
r2__r18__gru128__teaser__seed20260905,commit,21.5,macro,742,15.546594437599762,0.2822542820364146,15.546594437599762,0.0,0.40765192489748087,0.42468611896001396,0.2507051739853088,0.2678023022484095,0.2696218275314588,0.40765192489748087,,,
r2__r18__gru512__ema__seed20260903,postproc,21.5,macro,742,16.714450215177994,0.28479354972657495,15.221310294928209,1.4931399202497424,4.696424956195311,4.741319918006175,3.417915415699605,3.457845959315465,0.28077751455528877,4.909418141096034,,,
r2__r18__gru512__ema__seed20260904,postproc,21.5,macro,742,16.647410905343666,0.282281006563746,15.273970435582866,1.3734404697607705,4.309367326099211,4.352241641633649,3.0378688357408072,3.073020553528335,0.2712099687488125,4.5597523192686,,,
r2__r18__gru512__ema__seed20260905,postproc,21.5,macro,742,16.92529584106852,0.30629147726074585,14.888048148899463,2.0372476921690246,6.564213343954597,6.623763688827421,4.627472436185195,4.676254622257882,0.28474049266180573,6.40910753144686,,,
r2__r18__gru512__hysteresis__seed20260903,postproc,21.5,macro,742,16.63526758798567,0.2840868359456562,15.228168574658296,1.4070990133273436,4.37589639336572,4.41993810986413,3.372328390300307,3.4112963581527955,0.28234000348965616,4.521024274554576,,,
r2__r18__gru512__hysteresis__seed20260904,postproc,21.5,macro,742,16.69883633338678,0.28074095944949395,15.281919371314618,1.4169169620721227,4.398243006550077,4.439977477914721,3.058447424876367,3.0928592956437906,0.2699266272999135,4.693627173473763,,,
r2__r18__gru512__hysteresis__seed20260905,postproc,21.5,macro,742,15.592139974314744,0.31359519152729837,14.61139706868325,0.9807429056314977,2.6608717693907646,2.6927812164893616,2.2530317586847404,2.2810611897638493,0.3040644752910242,2.7325463774544416,,,
r2__r18__gru512__majority__seed20260903,postproc,21.5,macro,742,16.97122910817222,0.2883808903318906,15.220010414996926,1.7512186931752531,5.795870344890977,5.8450933636221665,4.121844894776455,4.165535825925613,0.28447127868055483,5.754132982640499,,,
r2__r18__gru512__majority__seed20260904,postproc,21.5,macro,742,16.748284068223164,0.28837330656401566,15.243591513600025,1.5046925546231051,5.022344739900498,5.067979329052916,3.3187580681465074,3.356477568492126,0.27098593622766765,4.91817888114327,,,
r2__r18__gru512__majority__seed20260905,postproc,21.5,macro,742,17.471580467352442,0.2993435861055127,14.92861064004058,2.542969827311822,8.042489234335443,8.110196540961327,5.8611747509669945,5.918369596320123,0.2847733403391597,8.359666947093276,,,
r2__r18__gru512__margin0p1__seed20260903,commit,21.5,macro,742,15.405836501824643,0.28367724787192294,15.405836501824643,0.0,0.01726374289000733,0.024644133828973784,0.02233620197739734,0.031805821834273745,0.28491364163710964,0.01726374289000733,,,
r2__r18__gru512__margin0p1__seed20260904,commit,21.5,macro,742,15.200749853768784,0.2931071061248683,15.200749853768784,0.0,0.008708882862728045,0.011776770509973122,0.0130887890200291,0.018319165465079307,0.29017742653472905,0.008708882862728045,,,
r2__r18__gru512__margin0p1__seed20260905,commit,21.5,macro,742,14.70124379917081,0.3227541047792682,14.70124379917081,0.0,0.4351828523486813,0.47408241007135826,0.4997096783917147,0.5373380923864922,0.29913627060809017,0.4351828523486813,,,
r2__r18__gru512__margin0p2__seed20260903,commit,21.5,macro,742,15.443250111112716,0.28246824710914636,15.443250111112716,0.0,0.057767285797168444,0.07049111971159519,0.06928382361065477,0.0833200940694223,0.2812472045266577,0.057767285797168444,,,
r2__r18__gru512__margin0p2__seed20260904,commit,21.5,macro,742,15.22473328576482,0.2922241923186136,15.22473328576482,0.0,0.025848033166269727,0.03472195029352534,0.0410582832282856,0.052315165321748146,0.2878110313384033,0.025848033166269727,,,
r2__r18__gru512__margin0p2__seed20260905,commit,21.5,macro,742,15.602204575467926,0.3035636506949731,15.602204575467926,0.0,2.071470230280382,2.128165428011711,1.5930086015367508,1.6438368460468593,0.26426518152937994,2.071470230280382,,,
r2__r18__gru512__margin0p4__seed20260903,commit,21.5,macro,742,15.349916973735331,0.28994993912532924,15.349916973735331,0.0,0.28915565625860495,0.31313225421257973,0.30547199883749404,0.3328222585602699,0.2851814691624385,0.28915565625860495,,,
r2__r18__gru512__margin0p4__seed20260904,commit,21.5,macro,742,15.219047257599644,0.29749053188401037,15.219047257599644,0.0,0.3868818694060502,0.4052014483761628,0.24701712351779032,0.2643199301152114,0.2834007719465635,0.3868818694060502,,,
r2__r18__gru512__margin0p4__seed20260905,commit,21.5,macro,742,18.112476988825644,0.18454894834032257,18.112476988825644,0.0,3.1443114867956274,3.216164439381058,2.4191047139215547,2.4826633289418067,0.14871391834144493,3.2285099708870817,,,
r2__r18__gru512__margin0p6__seed20260903,commit,21.5,macro,742,15.46784557642343,0.293322927403368,15.46784557642343,0.0,0.9351076577067627,0.9702215080079676,0.7415037384567306,0.7764249771805549,0.27409548479864565,0.9351076577067627,,,
r2__r18__gru512__margin0p6__seed20260904,commit,21.5,macro,742,15.439770611930339,0.29278343267185325,15.439770611930339,0.0,0.8013240784636803,0.830690958588703,0.5513345314093517,0.5782079255664703,0.27661936237623835,0.8013240784636803,,,
r2__r18__gru512__margin0p6__seed20260905,commit,21.5,macro,742,20.131157601095364,0.08102241264417408,20.131157601095364,0.0,4.605385852723173,4.692206970967561,3.671636158556693,3.7454348975430958,0.06069340419851882,4.605385852723173,,,
r2__r18__gru512__msp0p5__seed20260903,commit,21.5,macro,742,15.287139935222651,0.2903000616277753,15.287139935222651,0.0,0.09848864674542732,0.10887983087937822,0.06807462507474016,0.0772812222762509,0.2864689677880017,0.09848864674542732,,,
r2__r18__gru512__msp0p5__seed20260904,commit,21.5,macro,742,15.199117302315058,0.29323372567728284,15.199117302315058,0.0,0.01242150563770649,0.01636257775480029,0.01861089589414983,0.02326070333159619,0.28683075167633765,0.01242150563770649,,,
r2__r18__gru512__msp0p5__seed20260905,commit,21.5,macro,742,16.50650358820866,0.2699933231291558,16.50650358820866,0.0,3.0051114823213245,3.068197936002763,2.306090712197573,2.360340602693976,0.22533828307519058,3.0051114823213245,,,
r2__r18__gru512__msp0p6__seed20260903,commit,21.5,macro,742,15.387228743897262,0.2868160731961029,15.387228743897262,0.0,0.18748711330667772,0.20574671819821097,0.18428635221160977,0.20415686679948386,0.2822904107946801,0.18748711330667772,,,
r2__r18__gru512__msp0p6__seed20260904,commit,21.5,macro,742,15.175708115695864,0.2968524747269835,15.175708115695864,0.0,0.19550560385055046,0.20983882459149003,0.1529478326019703,0.1675794358895049,0.2859149223121343,0.19550560385055046,,,
r2__r18__gru512__msp0p6__seed20260905,commit,21.5,macro,742,18.500196246641426,0.1627792830630161,18.500196246641426,0.0,3.0713418998328774,3.1482237521436276,2.285334256803022,2.3546485686488756,0.13091047250475107,3.0713418998328774,,,
r2__r18__gru512__msp0p7__seed20260903,commit,21.5,macro,742,15.345077357315914,0.29263528977341974,15.345077357315914,0.0,0.46725768293470643,0.4946533693605196,0.41565122095968116,0.44580743399708994,0.28146249951975927,0.46725768293470643,,,
r2__r18__gru512__msp0p7__seed20260904,commit,21.5,macro,742,15.277633522156568,0.2959455253748045,15.277633522156568,0.0,0.47462220466754934,0.4967735572569991,0.3119195212968688,0.3329966319469543,0.2797371774614978,0.47462220466754934,,,
r2__r18__gru512__msp0p7__seed20260905,commit,21.5,macro,742,20.029098905197444,0.08589579309175949,20.029098905197444,0.0,4.375749302048168,4.459041513713308,3.4062204363511563,3.4794241330327282,0.06672678975839703,4.375749302048168,,,
r2__r18__gru512__msp0p8__seed20260903,commit,21.5,macro,742,15.711180442077808,0.28613591389932225,15.711180442077808,0.0,1.2689864266427424,1.306411721526522,0.9518062557218103,0.9891330511267084,0.2662680263349119,1.2689864266427424,,,
r2__r18__gru512__msp0p8__seed20260904,commit,21.5,macro,742,15.541940330872329,0.2873946647818426,15.541940330872329,0.0,0.768718597645745,0.7962923175324071,0.5512111258310289,0.5788217811441073,0.27316076441560194,0.768718597645745,,,
r2__r18__gru512__msp0p8__seed20260905,commit,21.5,macro,742,20.926714148998975,0.03245513753204459,20.926714148998975,0.0,3.8360523296152036,3.919328067460109,3.037157253659599,3.1084553200786513,0.02426604106193755,3.8360523296152036,,,
r2__r18__gru512__msp0p9__seed20260903,commit,21.5,macro,742,16.367178254743656,0.2602853978796676,16.367178254743656,0.0,1.7800242077764015,1.830230969720702,1.603877997731168,1.6535991903604523,0.24160632535036627,1.844155237681438,,,
r2__r18__gru512__msp0p9__seed20260904,commit,21.5,macro,742,15.966901445382971,0.2753922337587342,15.966901445382971,0.0,1.4082985053803918,1.444259944263648,1.0162139699811341,1.0495338993379957,0.25501142652983194,1.460045973736518,,,
r2__r18__gru512__msp0p9__seed20260905,commit,21.5,macro,742,21.402187500000178,0.005,21.402187500000178,0.0,1.9375000000000002,2.0416666666666665,1.8375,1.9249999999999998,0.004016064257028113,1.9375000000000002,,,
r2__r18__gru512__patience__seed20260903,postproc,21.5,macro,742,16.60039106669365,0.2839096263631792,15.223324655135356,1.3770664115582756,4.242364195010631,4.287233533445737,3.404859000025474,3.4455978891005667,0.28156959376320956,4.818245926852688,,,
r2__r18__gru512__patience__seed20260904,postproc,21.5,macro,742,16.750065063569615,0.28278825294055765,15.240478150757664,1.5095869128119181,4.703209868025061,4.74690863864044,3.398387869764229,3.4360506663849155,0.27315433470161443,5.146117420041229,,,
r2__r18__gru512__patience__seed20260905,postproc,21.5,macro,742,17.210301228643345,0.30548965780650433,14.90924137151685,2.3010598571264578,7.457957457028744,7.52287903075321,5.274388541185511,5.328601196886382,0.2866255125969848,7.408379366018715,,,
r2__r18__gru512__ringel__seed20260903,commit,21.5,macro,742,17.975979831688193,0.3031415198547821,17.975979831688193,0.0,9.875000000000032,10.00000000000001,9.87500000000004,10.000000000000083,0.2095501077069657,9.875000000000032,,,
r2__r18__gru512__ringel__seed20260904,commit,21.5,macro,742,18.100798333321087,0.292404444445501,18.100798333321087,0.0,9.87500000000004,10.00000000000002,9.875000000000039,10.000000000000085,0.20375084720989242,9.87500000000004,,,
r2__r18__gru512__ringel__seed20260905,commit,21.5,macro,742,18.026117605766906,0.29882859305231224,18.026117605766906,0.0,9.875000000000037,10.000000000000016,9.875000000000028,10.000000000000076,0.20873476546604938,9.875000000000037,,,
r2__r18__gru512__seed20260903,prefix,21.5,macro,742,16.97122910817222,0.2883808903318906,15.220010414996926,1.7512186931752531,5.795870344890977,5.8450933636221665,4.121844894776455,4.165535825925613,0.28447127868055483,5.754132982640499,,,
r2__r18__gru512__seed20260904,prefix,21.5,macro,742,16.748284068223164,0.28837330656401566,15.243591513600025,1.5046925546231051,5.022344739900498,5.067979329052916,3.3187580681465074,3.356477568492126,0.27098593622766765,4.91817888114327,,,
r2__r18__gru512__seed20260905,prefix,21.5,macro,742,17.75751683843807,0.30753618313041486,14.93645455314233,2.821062285295694,9.33075499127559,9.402803198804591,6.732856657259266,6.796259556801431,0.28392946816876696,9.431151598023176,,,
r2__r18__gru512__teaser__seed20260903,commit,21.5,macro,742,15.392757469870633,0.28648603640176834,15.392757469870633,0.0,0.18223314882773803,0.201658451290008,0.25470468880118274,0.2757785476522517,0.27713568676356215,0.18223314882773803,,,
r2__r18__gru512__teaser__seed20260904,commit,21.5,macro,742,15.85841741691782,0.2784185562865163,15.85841741691782,0.0,1.2370453380396167,1.2627056132964856,0.8273817045865851,0.8500348210074875,0.2606209383770377,1.2370453380396167,,,
r2__r18__gru512__teaser__seed20260905,commit,21.5,macro,742,14.896927657699782,0.3076616944292897,14.896927657699782,0.0,0.03787955452547227,0.04610918790730366,0.0464083621831017,0.05799840413569953,0.3015636588364341,0.03787955452547227,,,
r2__r18__mean__seed20260903,clip,21.5,macro,742,15.738747494142027,0.29689989022106544,15.059078676250598,0.6796688178914295,2.0953026740149507,2.1208522322740375,1.636095695398535,1.6570641447795187,0.2890423082378133,2.249075529259164,,,
r2__r18__mean__seed20260904,clip,21.5,macro,742,15.208271553599033,0.3226363980269601,14.601104881264252,0.607166672334773,1.9990122476038361,2.029531913465427,1.2642008223812704,1.2863644260766995,0.30642719045953115,1.9990122476038361,,,
r2__r18__mean__seed20260905,clip,21.5,macro,742,15.428064386686701,0.3014942182936033,14.93752573736515,0.4905386493215473,1.360523867823311,1.3900968613558067,0.9218115018838215,0.9428126089466663,0.2857838562143893,1.4635097395602417,,,
clip__r18mean__seed20260903,clip,21.5,micro,742,11.93935309973043,0.46361185983827813,11.338948787061977,0.6004043126684636,0.8779069767441801,0.8946220930232499,0.7078947368420968,0.7214285714285631,0.4392338177014585,0.9387681159420226,,,
clip__r18mean__seed20260904,clip,21.5,micro,742,12.10579514824795,0.45956873315364194,11.722708894878691,0.38308625336927216,1.0586510263929545,1.0740469208211072,0.798032407407398,0.8117283950617191,0.428005284015857,1.1187865497075942,,,
clip__r18mean__seed20260905,clip,21.5,micro,742,11.846024258760083,0.47439353099730797,11.457547169811304,0.3884770889487871,1.1498579545454468,1.1654829545454464,0.8310014727540392,0.844256259204702,0.448480845442542,1.1498579545454468,,,
commit__margin0p1__prefix__gru512__seed20260903,commit,21.5,micro,742,12.583221024258718,0.4204851752021588,12.583221024258718,0.0,0.29407051282051105,0.3213141025641009,0.2338842975206588,0.2557851239669397,0.3996036988111004,0.29407051282051105,,,
commit__margin0p1__prefix__gru512__seed20260904,commit,21.5,micro,742,12.006064690026925,0.4474393530997334,12.006064690026925,0.0,0.28162650602409445,0.30346385542168497,0.2223312401883805,0.24175824175823918,0.4207397622192914,0.28162650602409445,,,
commit__margin0p1__prefix__gru512__seed20260905,commit,21.5,micro,742,12.606300539083518,0.41509433962264386,12.606300539083518,0.0,0.07426948051948008,0.08522727272727222,0.06310096153846086,0.07491987179487095,0.4121532364597138,0.07426948051948008,,,
commit__margin0p2__prefix__gru512__seed20260903,commit,21.5,micro,742,12.956199460916402,0.42452830188679497,12.956199460916402,0.0,1.3746031746031664,1.4214285714285635,0.9261558219178,0.9627568493150607,0.3857331571994751,1.3746031746031664,,,
commit__margin0p2__prefix__gru512__seed20260904,commit,21.5,micro,742,12.261118598382723,0.4568733153638845,12.261118598382723,0.0,1.2780235988200501,1.3163716814159208,0.9004777070063598,0.9339171974522193,0.41479524438573767,1.2780235988200501,,,
commit__margin0p2__prefix__gru512__seed20260905,commit,21.5,micro,742,12.694575471698071,0.41509433962264386,12.694575471698071,0.0,0.2869318181818165,0.30844155844155663,0.22152665589660497,0.24111470113085376,0.40885072655218396,0.2869318181818165,,,
commit__margin0p4__prefix__gru512__seed20260903,commit,21.5,micro,742,15.15448113207539,0.32884097035040516,15.15448113207539,0.0,2.203381147540979,2.2571721311475357,1.6869588744588704,1.734848484848481,0.30515191545574705,2.203381147540979,,,
commit__margin0p4__prefix__gru512__seed20260904,commit,21.5,micro,742,14.480289757412333,0.36118598382749467,14.480289757412333,0.0,2.0648320895522305,2.1175373134328277,1.6149193548387022,1.6653225806451544,0.32760898282694995,2.0648320895522305,,,
commit__margin0p4__prefix__gru512__seed20260905,commit,21.5,micro,742,13.137129380053867,0.4123989218328864,13.137129380053867,0.0,1.2214052287581632,1.2606209150326728,0.9935092127303087,1.029313232830811,0.3943196829590527,1.2886807817589503,,,
commit__margin0p6__prefix__gru512__seed20260903,commit,21.5,micro,742,17.330357142857107,0.22371967654986477,17.330357142857107,0.0,2.8621987951807286,2.9277108433735015,2.4220257234726796,2.4774919614148034,0.20541611624834782,3.198224852071012,,,
commit__margin0p6__prefix__gru512__seed20260904,commit,21.5,micro,742,16.97658355795142,0.2412398921832879,16.97658355795142,0.0,2.749301675977659,2.8114525139664868,2.363888888888901,2.422222222222233,0.20805812417437158,2.8541666666666727,,,
commit__margin0p6__prefix__gru512__seed20260905,commit,21.5,micro,742,14.5010107816711,0.3571428571428585,14.5010107816711,0.0,1.902830188679238,1.9518867924528231,1.5012327416173492,1.5488165680473307,0.3348745046235156,1.902830188679238,,,
commit__msp0p5__prefix__gru512__seed20260903,commit,21.5,micro,742,13.503032345013423,0.4029649595687353,13.503032345013423,0.0,1.6546822742474834,1.7040133779264133,1.175044883303402,1.2154398563734206,0.36789960369881397,1.6546822742474834,,,
commit__msp0p5__prefix__gru512__seed20260904,commit,21.5,micro,742,12.94811320754713,0.4218328840970375,12.94811320754713,0.0,1.226837060702869,1.2651757188498336,1.002773037542653,1.03924914675767,0.38705416116248703,1.3563492063491984,,,
commit__msp0p5__prefix__gru512__seed20260905,commit,21.5,micro,742,13.009265498652244,0.4029649595687353,13.009265498652244,0.0,0.42934782608695415,0.44983277591973025,0.32520491803278345,0.34508196721311146,0.40290620871863025,0.42934782608695415,,,
commit__msp0p6__prefix__gru512__seed20260903,commit,21.5,micro,742,15.339959568733068,0.3207547169811328,15.339959568733068,0.0,2.295168067226886,2.348739495798315,1.7889933628318555,1.8351769911504405,0.29854689564068737,2.295168067226886,,,
commit__msp0p6__prefix__gru512__seed20260904,commit,21.5,micro,742,14.559973045822034,0.354447439353101,14.559973045822034,0.0,1.9201520912547465,1.9695817490494238,1.624747983870961,1.6723790322580585,0.32760898282694995,1.9201520912547465,,,
commit__msp0p6__prefix__gru512__seed20260905,commit,21.5,micro,742,13.094339622641469,0.4083557951482502,13.094339622641469,0.0,0.9158415841584111,0.9521452145214472,0.7606249999999927,0.7941666666666595,0.3963011889035706,0.9847861842105212,,,
commit__msp0p7__prefix__gru512__seed20260903,commit,21.5,micro,742,16.718497304582147,0.25606469002695376,16.718497304582147,0.0,2.826973684210531,2.8855263157894786,2.0828571428571534,2.1328571428571537,0.23117569352707948,2.826973684210531,,,
commit__msp0p7__prefix__gru512__seed20260904,commit,21.5,micro,742,16.258928571428488,0.2762803234501347,16.258928571428488,0.0,2.529878048780489,2.5926829268292697,2.1721311475409957,2.227459016393455,0.24174372523117452,2.529878048780489,,,
commit__msp0p7__prefix__gru512__seed20260905,commit,21.5,micro,742,13.965128032344962,0.38274932614555435,13.965128032344962,0.0,1.8138204225352021,1.859154929577456,1.4255952380952273,1.4674908424908326,0.3606340819022483,1.8842105263157798,,,
commit__msp0p8__prefix__gru512__seed20260903,commit,21.5,micro,742,18.400269541778986,0.1657681940700806,18.400269541778986,0.0,2.800813008130086,2.863821138211388,2.3510638297872437,2.4117021276595834,0.1552179656538964,2.800813008130086,,,
commit__msp0p8__prefix__gru512__seed20260904,commit,21.5,micro,742,18.42048517520216,0.168463611859838,18.42048517520216,0.0,3.220000000000005,3.2900000000000054,2.631485849056612,2.693396226415103,0.14002642007925978,3.3660714285714333,,,
commit__msp0p8__prefix__gru512__seed20260905,commit,21.5,micro,742,15.1880053908355,0.3261455525606477,15.1880053908355,0.0,2.146694214876029,2.2014462809917315,1.8804347826086916,1.9336956521739104,0.3038309114927351,2.307377049180323,,,
commit__msp0p9__prefix__gru512__seed20260903,commit,21.5,micro,742,19.90498652291112,0.08894878706199458,19.90498652291112,0.0,3.56818181818182,3.6401515151515165,2.6691810344827593,2.7349137931034484,0.07661822985468955,3.56818181818182,,,
commit__msp0p9__prefix__gru512__seed20260904,commit,21.5,micro,742,20.261792452830274,0.06873315363881405,20.261792452830274,0.0,3.485294117647058,3.553921568627449,2.6091954022988477,2.6724137931034453,0.05746367239101724,3.485294117647058,,,
commit__msp0p9__prefix__gru512__seed20260905,commit,21.5,micro,742,17.36556603773581,0.22776280323450088,17.36556603773581,0.0,3.347633136094682,3.409763313609476,2.408794788273626,2.4649837133550596,0.20277410832232406,3.347633136094682,,,
postproc__ema0p2__prefix__gru512__seed20260904,postproc,21.5,micro,742,13.981805929919084,0.4474393530997334,11.882243935309955,2.099561994609165,4.697289156626478,4.7387048192770775,3.4248405103667894,3.458133971291828,0.4141347424042317,4.757218844984775,,,
postproc__ema0p2__prefix__gru512__seed20260905,postproc,21.5,micro,742,14.851415094339556,0.3908355795148267,12.62129380053906,2.2301212938005395,4.488793103448256,4.529310344827564,3.2591210613598354,3.2931177446102486,0.3982826948480885,4.757277397260253,,,
postproc__ema0p7__prefix__gru512__seed20260903,postproc,21.5,micro,742,15.966475741239812,0.41105121293800767,12.564353099730436,3.4021226415094343,8.038114754098315,8.104098360655696,5.625826446280934,5.681404958677626,0.3996036988111004,8.459134615384563,,,
postproc__hysteresis0p05__prefix__gru512__seed20260904,postproc,21.5,micro,742,14.647405660377302,0.4447439353099759,11.913072776280305,2.734332884097035,6.0920454545454135,6.143939393939353,4.481466876971556,4.525630914826449,0.4187582562747735,6.263177710843334,,,
postproc__hysteresis0p05__prefix__gru512__seed20260905,postproc,21.5,micro,742,15.223719676549793,0.3935309973045842,12.653301886792425,2.570417789757411,5.551369863013672,5.601027397260247,4.21431552587642,4.259181969949875,0.3956406869220646,5.7602389078498,,,
postproc__hysteresis0p2__prefix__gru512__seed20260903,postproc,21.5,micro,742,13.976078167115842,0.4204851752021588,12.265667115902938,1.710411051212937,3.6065705128204932,3.6450320512820302,2.741279069767415,2.7711794019933276,0.3976221928665825,3.992436305732461,,,
postproc__majority2__prefix__gru512__seed20260903,postproc,21.5,micro,742,16.11708221024251,0.41374663072776513,12.571091644204829,3.545990566037736,8.489820846905486,8.5578175895765,5.9607438016528365,6.019008264462747,0.3996036988111004,8.964285714285658,,,
postproc__majority2__prefix__gru512__seed20260904,postproc,21.5,micro,742,15.309804582210186,0.44609164420485464,11.943227762803216,3.366576819407008,7.623489425981825,7.684290030211431,5.294187898089114,5.344745222929875,0.41479524438573767,7.581554878048732,,,
postproc__majority9__prefix__gru512__seed20260905,postproc,21.5,micro,742,14.998315363881337,0.3935309973045842,12.652459568733134,2.3458557951482484,4.9785958904109355,5.0214041095890165,3.567483388704285,3.6034053156145815,0.3976221928665825,4.993150684931484,,,
postproc__patience2__prefix__gru512__seed20260903,postproc,21.5,micro,742,15.81452156334224,0.4177897574124013,12.559973045822083,3.254548517520218,7.891532258064473,7.9556451612902785,5.384343853820545,5.4377076411959555,0.3976221928665825,7.998366013071852,,,
postproc__patience2__prefix__gru512__seed20260904,postproc,21.5,micro,742,15.142520215633363,0.439353099730461,11.929245283018846,3.2132749326145564,7.029907975460079,7.086656441717747,4.93102073365226,4.978468899521474,0.4141347424042317,7.09884615384611,,,
postproc__patience6__prefix__gru512__seed20260905,postproc,21.5,micro,742,14.834905660377293,0.389487870619948,12.640330188679215,2.1945754716981143,4.387543252595135,4.428200692041502,3.2837893864012933,3.31840796019897,0.3982826948480885,4.674657534246553,,,
prefix__gru128__seed20260903,prefix,21.5,micro,742,15.13409703504037,0.46091644204852067,12.010107816711585,3.123989218328839,7.6885964912280205,7.750730994151993,5.104813664596216,5.154114906832235,0.42536327608983315,7.5011295180722435,,,
prefix__gru128__seed20260904,prefix,21.5,micro,742,15.288072776280261,0.43800539083558226,12.190532345013452,3.0975404312668435,7.317692307692262,7.378461538461491,5.403219395866392,5.453497615262261,0.41545574636724364,7.55775075987837,,,
prefix__gru128__seed20260905,prefix,21.5,micro,742,14.743092991913683,0.46361185983827813,11.410714285714269,3.332378706199458,6.9255087209301855,6.984738372092973,4.8736762481088665,4.922844175491619,0.4365918097754346,7.079710144927486,,,
prefix__gru512__seed20260903,prefix,21.5,micro,742,16.11708221024251,0.41374663072776513,12.571091644204829,3.545990566037736,8.489820846905486,8.5578175895765,5.9607438016528365,6.019008264462747,0.3996036988111004,8.964285714285658,,,
prefix__gru512__seed20260904,prefix,21.5,micro,742,15.309804582210186,0.44609164420485464,11.943227762803216,3.366576819407008,7.623489425981825,7.684290030211431,5.294187898089114,5.344745222929875,0.41479524438573767,7.581554878048732,,,
prefix__gru512__seed20260905,prefix,21.5,micro,742,15.438679245282945,0.3935309973045842,12.670990566037716,2.7676886792452815,6.097602739725998,6.149828767123258,4.581803005008302,4.628130217028335,0.3956406869220646,6.396114864864833,,,
r2__clipb16__gru128__ringel__seed20260903,commit,21.5,micro,742,16.643194070080828,0.4177897574124013,16.643194070080828,0.0,9.87499999999987,9.999999999999892,9.875000000000096,9.999999999999899,0.2892998678996038,9.87499999999987,,,
r2__clipb16__gru128__ringel__seed20260904,commit,21.5,micro,742,17.191543126684586,0.3706199460916458,17.191543126684586,0.0,9.874999999999885,9.999999999999908,9.875000000000108,9.999999999999945,0.26023778071334125,9.874999999999885,,,
r2__clipb16__gru128__ringel__seed20260905,commit,21.5,micro,742,16.799865229110466,0.404312668463614,16.799865229110466,0.0,9.874999999999867,9.999999999999895,9.8750000000001,9.999999999999911,0.2813738441215322,9.874999999999867,,,
r2__clipb16__gru128__seed20260903,prefix,21.5,micro,742,15.053234501347648,0.3935309973045842,12.640161725067346,2.4130727762803215,5.118150684931481,5.164383561643809,3.572559931506819,3.6121575342465406,0.3857331571994751,5.172145328719698,,,
r2__clipb16__gru128__seed20260904,prefix,21.5,micro,742,15.956367924528223,0.3679245283018883,13.641004043126635,2.315363881401616,6.432692307692279,6.482600732600709,4.480504587155928,4.522935779816484,0.35997357992074236,6.249060150375916,,,
r2__clipb16__gru128__seed20260905,prefix,21.5,micro,742,14.829009433962199,0.404312668463614,12.70097708894875,2.1280323450134766,5.000416666666639,5.044999999999972,3.524915540540507,3.5616554054053706,0.39101717305152284,4.940235690235665,,,
r2__clipb16__gru128__teaser__seed20260903,commit,21.5,micro,742,12.226583557951452,0.4353099730458248,12.226583557951452,0.0,0.1969814241486056,0.20743034055727427,0.16461965134706627,0.1747226624405686,0.4167767503302556,0.1969814241486056,,,
r2__clipb16__gru128__teaser__seed20260904,commit,21.5,micro,742,13.223719676549845,0.3935309973045842,13.223719676549845,0.0,0.46917808219178087,0.5941780821917754,0.4115120274914062,0.5365120274914024,0.38441215323646316,0.46917808219178087,,,
r2__clipb16__gru128__teaser__seed20260905,commit,21.5,micro,742,12.903638814016157,0.4123989218328864,12.903638814016157,0.0,0.6552287581699325,0.7802287581699313,0.5059719934102102,0.6309719934102066,0.40092470277411235,0.6552287581699325,,,
r2__clipb16__gru512__ema__seed20260903,postproc,21.5,micro,742,13.805761455525548,0.39622641509434164,12.955694070080817,0.8500673854447443,2.0812074829931864,2.1062925170067923,1.462809917355357,1.4838842975206454,0.3996036988111004,2.1585884353741385,,,
r2__clipb16__gru512__ema__seed20260904,postproc,21.5,micro,742,15.506570080862447,0.3436657681940712,13.743429919137421,1.7631401617250686,4.060294117647045,4.096078431372537,2.736615678776275,2.7672084130018963,0.34544253632761107,4.03063241106718,,,
r2__clipb16__gru512__ema__seed20260905,postproc,21.5,micro,742,14.136118598382687,0.39622641509434164,12.416105121293771,1.7200134770889486,2.914965986394543,2.943877551020394,2.1252042483659914,2.149918300653572,0.4042272126816422,3.122874149659847,,,
r2__clipb16__gru512__hysteresis__seed20260903,postproc,21.5,micro,742,13.789083557951425,0.3975741239892204,12.957210242587559,0.8318733153638812,2.1050847457627,2.1305084745762604,1.4360561056105465,1.4566831683168169,0.4002642007926064,2.183050847457615,,,
r2__clipb16__gru512__hysteresis__seed20260904,postproc,21.5,micro,742,15.009265498652216,0.3436657681940712,13.650269541778925,1.3589959568733156,2.6132352941176396,2.6431372549019523,1.7416026871401047,1.7648752399232142,0.34412153236459914,2.6230314960629846,,,
r2__clipb16__gru512__hysteresis__seed20260905,postproc,21.5,micro,742,13.58237870619941,0.40161725067385656,12.376010781671129,1.2063679245283025,1.7856543624160988,1.807046979865762,1.2329545454545325,1.2512175324675199,0.40686922060766606,1.8216101694915168,,,
r2__clipb16__gru512__majority__seed20260903,postproc,21.5,micro,742,13.78419811320749,0.3975741239892204,12.951987870619902,0.8322102425876009,2.0927966101694806,2.117796610169481,1.4641393442622803,1.4848360655737558,0.40290620871863025,2.1655405405405292,,,
r2__clipb16__gru512__majority__seed20260904,postproc,21.5,micro,742,15.644036388140075,0.34636118598382865,13.76111859838271,1.8829177897574114,4.592898832684811,4.632295719844343,3.2205743879472486,3.2547080979284146,0.3507265521796588,4.654901960784299,,,
r2__clipb16__gru512__majority__seed20260905,postproc,21.5,micro,742,14.194070080862467,0.39622641509434164,12.427055256064662,1.7670148247978432,3.0612244897959036,3.0909863945578087,2.294105691056887,2.3199186991869682,0.4062087186261601,3.457070707070689,,,
r2__clipb16__gru512__margin0p1__seed20260903,commit,21.5,micro,742,12.766172506738503,0.4070080862533715,12.766172506738503,0.0,0.041390728476820966,0.047185430463575886,0.03971774193548345,0.04556451612903178,0.40951122853368993,0.041390728476820966,,,
r2__clipb16__gru512__margin0p1__seed20260904,commit,21.5,micro,742,13.552223719676496,0.3800539083557969,13.552223719676496,0.0,0.5877659574468062,0.6214539007092168,0.5270206766917264,0.5582706766917257,0.3513870541611648,0.5877659574468062,,,
r2__clipb16__gru512__margin0p1__seed20260905,commit,21.5,micro,742,12.039420485175173,0.4407008086253397,12.039420485175173,0.0,0.03287461773700285,0.03822629969418936,0.03508435582822044,0.04064417177914063,0.4306472919418809,0.03287461773700285,,,
r2__clipb16__gru512__margin0p2__seed20260903,commit,21.5,micro,742,12.690532345013436,0.4123989218328864,12.690532345013436,0.0,0.138480392156862,0.14787581699346322,0.13058213716108313,0.13995215311004638,0.4141347424042317,0.138480392156862,,,
r2__clipb16__gru512__margin0p2__seed20260904,commit,21.5,micro,742,15.216475741239814,0.3167115902964966,15.216475741239814,0.0,1.660106382978721,1.7010638297872316,1.3320938215102978,1.3712814645308935,0.28863936591809786,1.660106382978721,,,
r2__clipb16__gru512__margin0p2__seed20260905,commit,21.5,micro,742,12.144878706199432,0.43800539083558226,12.144878706199432,0.0,0.14153846153846067,0.15230769230769137,0.14076923076922918,0.15192307692307516,0.42932628797886896,0.14153846153846067,,,
r2__clipb16__gru512__margin0p4__seed20260903,commit,21.5,micro,742,12.866071428571383,0.4123989218328864,12.866071428571383,0.0,0.5641339869281015,0.58333333333333,0.4529220779220734,0.470779220779216,0.40686922060766606,0.5641339869281015,,,
r2__clipb16__gru512__margin0p4__seed20260904,commit,21.5,micro,742,17.534871967654954,0.20619946091644165,17.534871967654954,0.0,2.2704248366013116,2.316993464052293,1.70707547169812,1.7481132075471761,0.1750330250990746,2.2704248366013116,,,
r2__clipb16__gru512__margin0p4__seed20260905,commit,21.5,micro,742,12.690869272237158,0.42452830188679497,12.690869272237158,0.0,0.7496031746031702,0.7730158730158687,0.5284181240063538,0.5488871224165282,0.41545574636724364,0.7496031746031702,,,
r2__clipb16__gru512__margin0p6__seed20260903,commit,21.5,micro,742,13.419979784366527,0.39622641509434164,13.419979784366527,0.0,1.107568027210879,1.1343537414965932,0.821643717728048,0.8463855421686675,0.3837516512549572,1.107568027210879,,,
r2__clipb16__gru512__margin0p6__seed20260904,commit,21.5,micro,742,19.534535040431315,0.1024258760107816,19.534535040431315,0.0,2.310855263157897,2.368421052631581,1.794230769230771,1.8500000000000014,0.08586525759577271,2.310855263157897,,,
r2__clipb16__gru512__margin0p6__seed20260905,commit,21.5,micro,742,13.672169811320705,0.3948787061994629,13.672169811320705,0.0,1.676621160409549,1.7107508532423121,1.2102173913043373,1.2395652173912939,0.3797886393659214,1.676621160409549,,,
r2__clipb16__gru512__msp0p5__seed20260903,commit,21.5,micro,742,12.803571428571384,0.40566037735849275,12.803571428571384,0.0,0.06229235880398638,0.0689368770764116,0.09184083601286079,0.09967845659163878,0.41083223249670187,0.06229235880398638,,,
r2__clipb16__gru512__msp0p5__seed20260904,commit,21.5,micro,742,16.380222371967584,0.2628032345013474,16.380222371967584,0.0,2.018589743589746,2.064102564102567,1.6668956043956122,1.7101648351648444,0.24042272126816264,2.1186224489795937,,,
r2__clipb16__gru512__msp0p5__seed20260905,commit,21.5,micro,742,12.120956873315334,0.439353099730461,12.120956873315334,0.0,0.15260736196318925,0.1618098159509192,0.11676875957120844,0.12519142419601692,0.43130779392338686,0.15260736196318925,,,
r2__clipb16__gru512__msp0p6__seed20260903,commit,21.5,micro,742,12.937836927223673,0.404312668463614,12.937836927223673,0.0,0.32291666666666496,0.3366666666666649,0.3090503246753214,0.3242694805194772,0.40686922060766606,0.32291666666666496,,,
r2__clipb16__gru512__msp0p6__seed20260904,commit,21.5,micro,742,17.87163072776279,0.18733153638813982,17.87163072776279,0.0,2.1312949640287804,2.178057553956839,1.8206967213114824,1.863729508196728,0.16116248348744985,2.272321428571432,,,
r2__clipb16__gru512__msp0p6__seed20260905,commit,21.5,micro,742,12.412398921832848,0.4312668463611886,12.412398921832848,0.0,0.42812499999999737,0.4468749999999974,0.3400706436420683,0.3563579277864954,0.4207397622192914,0.42812499999999737,,,
r2__clipb16__gru512__msp0p7__seed20260903,commit,21.5,micro,742,13.121799191374615,0.4029649595687353,13.121799191374615,0.0,0.7086120401337755,0.7290969899665514,0.5566275167785182,0.5767617449664374,0.3936591809775467,0.7086120401337755,,,
r2__clipb16__gru512__msp0p7__seed20260904,commit,21.5,micro,742,19.332884097035087,0.1091644204851751,19.332884097035087,0.0,1.64814814814815,1.6975308641975324,1.289893617021278,1.3386524822695058,0.09313077939233805,1.64814814814815,,,
r2__clipb16__gru512__msp0p7__seed20260905,commit,21.5,micro,742,13.06671159029645,0.4123989218328864,13.06671159029645,0.0,1.0506535947712359,1.0792483660130658,0.7721807628523972,0.7968490878938567,0.3982826948480885,1.0506535947712359,,,
r2__clipb16__gru512__msp0p8__seed20260903,commit,21.5,micro,742,13.64386792452825,0.389487870619948,13.64386792452825,0.0,1.3295847750864982,1.3624567474048377,0.9487347294938839,0.9781849912739878,0.37846763540290945,1.3295847750864982,,,
r2__clipb16__gru512__msp0p8__seed20260904,commit,21.5,micro,742,20.584737196765598,0.04986522911051215,20.584737196765598,0.0,3.1452702702702697,3.202702702702701,2.7480769230769218,2.811538461538461,0.04293262879788641,3.638157894736841,,,
r2__clipb16__gru512__msp0p8__seed20260905,commit,21.5,micro,742,14.127190026954112,0.3706199460916458,14.127190026954112,0.0,1.606818181818175,1.6436363636363573,1.1391728624535236,1.170074349442372,0.3553500660502006,1.606818181818175,,,
r2__clipb16__gru512__msp0p9__seed20260903,commit,21.5,micro,742,14.644036388140089,0.34231805929919246,14.644036388140089,0.0,1.471948818897633,1.5078740157480273,1.1232741617356936,1.1577909270216902,0.3348745046235156,1.471948818897633,,,
r2__clipb16__gru512__msp0p9__seed20260904,commit,21.5,micro,742,21.419474393531132,0.004043126684636119,21.419474393531132,0.0,1.5833333333333335,1.6666666666666667,1.55,1.6500000000000001,0.0033025099075297227,1.5833333333333335,,,
r2__clipb16__gru512__msp0p9__seed20260905,commit,21.5,micro,742,15.418969002695333,0.3113207547169817,15.418969002695333,0.0,1.9669913419913387,2.0140692640692612,1.3693820224719093,1.4106741573033696,0.2939233817701456,1.9669913419913387,,,
r2__clipb16__gru512__patience__seed20260903,postproc,21.5,micro,742,13.758760107816654,0.3975741239892204,12.951650943396187,0.8071091644204851,2.0288135593220233,2.053389830508465,1.4340163934426085,1.454508196721297,0.40290620871863025,2.101773648648638,,,
r2__clipb16__gru512__patience__seed20260904,postproc,21.5,micro,742,15.601920485175114,0.3409703504043137,13.747641509433913,1.8542789757412395,4.202075098814215,4.240118577075087,3.201506591337079,3.235875706214667,0.3507265521796588,4.606445312499985,,,
r2__clipb16__gru512__patience__seed20260905,postproc,21.5,micro,742,14.098719676549806,0.3975741239892204,12.411893530997274,1.6868261455525604,2.8838983050847307,2.9127118644067655,2.0617862969004683,2.0860522022838284,0.40488771466314816,3.017006802721073,,,
r2__clipb16__gru512__ringel__seed20260903,commit,21.5,micro,742,16.925202156334198,0.3935309973045842,16.925202156334198,0.0,9.874999999999872,9.999999999999899,9.875000000000098,9.99999999999991,0.2820343461030382,9.874999999999872,,,
r2__clipb16__gru512__ringel__seed20260904,commit,21.5,micro,742,17.316880053908314,0.35983827493261594,17.316880053908314,0.0,9.874999999999892,9.999999999999911,9.875000000000112,9.99999999999996,0.25231175693526964,9.874999999999892,,,
r2__clipb16__gru512__ringel__seed20260905,commit,21.5,micro,742,16.627526954177863,0.41913746630728005,16.627526954177863,0.0,9.87499999999987,9.99999999999989,9.875000000000094,9.999999999999892,0.29524438573315753,9.87499999999987,,,
r2__clipb16__gru512__seed20260903,prefix,21.5,micro,742,13.893362533692661,0.39622641509434164,12.9595687331536,0.9337938005390838,2.3022959183673346,2.329081632653049,1.628489326765172,1.6510673234811002,0.4022457067371243,2.4421452702702573,,,
r2__clipb16__gru512__seed20260904,prefix,21.5,micro,742,16.186826145552473,0.3409703504043137,13.815700808625298,2.3711253369272254,5.917490118577055,5.96442687747034,4.227533460803033,4.272466539196914,0.34544253632761107,5.909999999999983,,,
r2__clipb16__gru512__seed20260905,prefix,21.5,micro,742,14.194070080862467,0.39622641509434164,12.427055256064662,1.7670148247978432,3.0612244897959036,3.0909863945578087,2.294105691056887,2.3199186991869682,0.4062087186261601,3.457070707070689,,,
r2__clipb16__gru512__teaser__seed20260903,commit,21.5,micro,742,13.077998652291058,0.4029649595687353,13.077998652291058,0.0,0.5999163879598631,0.6128762541805989,0.40547263681591655,0.4174958540630142,0.3982826948480885,0.5999163879598631,,,
r2__clipb16__gru512__teaser__seed20260904,commit,21.5,micro,742,13.453672506738473,0.38679245283019054,13.453672506738473,0.0,0.6972996515679402,0.8222996515679406,0.7006756756756707,0.8256756756756711,0.36657859973580204,0.6972996515679402,,,
r2__clipb16__gru512__teaser__seed20260905,commit,21.5,micro,742,12.35916442048514,0.4339622641509461,12.35916442048514,0.0,0.43633540372670543,0.44565217391304074,0.2755813953488341,0.28372093023255485,0.4260237780713391,0.43633540372670543,,,
r2__clipb16__mean__seed20260903,clip,21.5,micro,742,13.745114555256013,0.3814016172506756,13.192553908355752,0.5525606469002694,1.1674028268551186,1.1855123674911607,0.7457044673539452,0.7615979381443232,0.38441215323646316,1.12234042553191,,,
r2__clipb16__mean__seed20260904,clip,21.5,micro,742,13.581030997304527,0.3814016172506756,13.140835579514778,0.4401954177897573,0.7371908127208447,0.7499999999999964,0.544396551724133,0.5551724137930983,0.3830911492734512,0.7371908127208447,,,
r2__clipb16__mean__seed20260905,clip,21.5,micro,742,13.583221024258703,0.3814016172506756,13.297338274932567,0.2858827493261456,0.7429328621908095,0.7544169611307385,0.5881696428571384,0.5982142857142808,0.3698811096433319,0.8030035335689011,,,
r2__r18__gru128__ringel__seed20260903,commit,21.5,micro,742,17.003537735849026,0.38679245283019054,17.003537735849026,0.0,9.874999999999876,9.9999999999999,9.875000000000101,9.99999999999992,0.27476882430647254,9.874999999999876,,,
r2__r18__gru128__ringel__seed20260904,commit,21.5,micro,742,17.614555256064683,0.3342318059299201,17.614555256064683,0.0,9.87499999999991,9.999999999999924,9.875000000000089,9.999999999999966,0.23183619550858542,9.87499999999991,,,
r2__r18__gru128__ringel__seed20260905,commit,21.5,micro,742,16.784198113207506,0.40566037735849275,16.784198113207506,0.0,9.874999999999867,9.999999999999895,9.875000000000096,9.999999999999902,0.28665785997357995,9.874999999999867,,,
r2__r18__gru128__seed20260903,prefix,21.5,micro,742,16.43581536388134,0.3948787061994629,13.12735849056601,3.3084568733153614,8.675341296928282,8.745733788395858,5.981060606060557,6.039215686274456,0.37054161162483784,8.756034482758578,,,
r2__r18__gru128__seed20260904,prefix,21.5,micro,742,17.70805256064689,0.33692722371967754,14.109838274932574,3.5982142857142856,10.245499999999966,10.324999999999967,6.866564417177886,6.9330265848670445,0.3229854689564082,10.099479166666642,,,
r2__r18__gru128__seed20260905,prefix,21.5,micro,742,15.653638814016102,0.40026954177897783,12.875842318059272,2.7777964959568737,6.893939393939362,6.950336700336667,4.874130434782566,4.921304347826043,0.3797886393659214,7.035353535353503,,,
r2__r18__gru128__teaser__seed20260903,commit,21.5,micro,742,12.993092991913684,0.4164420485175226,12.993092991913684,0.0,1.0724110032362346,1.197411003236236,0.88055555555554,1.0055555555555458,0.38639365918098106,1.0724110032362346,,,
r2__r18__gru128__teaser__seed20260904,commit,21.5,micro,742,13.293463611859787,0.38274932614555435,13.293463611859787,0.0,0.05897887323943634,0.06954225352112645,0.07720588235294064,0.08915441176470523,0.3593130779392364,0.05897887323943634,,,
r2__r18__gru128__teaser__seed20260905,commit,21.5,micro,742,12.991408355795105,0.4029649595687353,12.991408355795105,0.0,0.3850334448160515,0.4021739130434762,0.2418384879725065,0.25859106529209386,0.38441215323646316,0.3850334448160515,,,
r2__r18__gru512__ema__seed20260903,postproc,21.5,micro,742,15.215464959568655,0.36388140161725213,13.392014824797808,1.8234501347708902,4.229166666666648,4.269444444444427,3.105958781361982,3.142473118279545,0.36856010568031994,4.415277777777759,,,
r2__r18__gru512__ema__seed20260904,postproc,21.5,micro,742,14.68530997304576,0.37466307277628197,13.012297843665735,1.673012129380054,3.3111510791366765,3.34442446043164,2.3808770343580283,2.410036166365263,0.3652575957727901,3.528776978417251,,,
r2__r18__gru512__ema__seed20260905,postproc,21.5,micro,742,15.949292452830111,0.3719676549865245,13.373146900269498,2.5761455525606465,6.5774456521738855,6.635869565217364,4.543843283582057,4.590485074626835,0.35402906208718865,6.511111111111088,,,
r2__r18__gru512__hysteresis__seed20260903,postproc,21.5,micro,742,15.144204851751939,0.3625336927223734,13.40852425876007,1.7356805929919135,3.968401486988831,4.006505576208162,2.9422043010752463,2.9762544802867157,0.36856010568031994,4.052161654135323,,,
r2__r18__gru512__hysteresis__seed20260904,postproc,21.5,micro,742,14.763140161724994,0.3719676549865245,13.04363207547166,1.7195080862533698,3.3885869565217246,3.422101449275348,2.39689781021896,2.4260948905109303,0.36195508586526026,3.6299818840579547,,,
r2__r18__gru512__hysteresis__seed20260905,postproc,21.5,micro,742,14.309467654986456,0.37870619946091816,13.15549191374659,1.153975741239892,2.512900355871877,2.5435943060498114,2.0535071942445895,2.0795863309352374,0.367239101717308,2.613879003558709,,,
r2__r18__gru512__majority__seed20260903,postproc,21.5,micro,742,15.476078167115825,0.3679245283018883,13.388308625336878,2.0877695417789752,5.127289377289358,5.170329670329649,3.65040106951869,3.68939393939391,0.37054161162483784,5.112037037037019,,,
r2__r18__gru512__majority__seed20260904,postproc,21.5,micro,742,14.848551212937936,0.3800539083557969,13.029986522911008,1.8185646900269545,3.9986702127659384,4.036347517730479,2.738245931283885,2.7707956600361463,0.3652575957727901,3.9446942446042983,,,
r2__r18__gru512__majority__seed20260905,postproc,21.5,micro,742,16.527459568733093,0.3625336927223734,13.458894878706161,3.0685646900269528,7.783921933085474,7.850371747211863,5.5849811676082535,5.6393596986816945,0.3507265521796588,8.046874999999966,,,
r2__r18__gru512__margin0p1__seed20260903,commit,21.5,micro,742,13.277291105121245,0.38274932614555435,13.277291105121245,0.0,0.01672535211267598,0.02376760563380271,0.021410034602075943,0.029844290657439182,0.3817701453104393,0.01672535211267598,,,
r2__r18__gru512__margin0p1__seed20260904,commit,21.5,micro,742,12.667115902964918,0.41105121293800767,12.667115902964918,0.0,0.01147540983606551,0.015573770491803194,0.012605042016806603,0.01722689075630236,0.39299867899604074,0.01147540983606551,,,
r2__r18__gru512__margin0p1__seed20260905,commit,21.5,micro,742,13.476246630727712,0.3800539083557969,13.476246630727712,0.0,0.3878546099290764,0.4210992907801399,0.39912683823529127,0.43106617647058537,0.3593130779392364,0.3878546099290764,,,
r2__r18__gru512__margin0p2__seed20260903,commit,21.5,micro,742,13.348551212937956,0.3800539083557969,13.348551212937956,0.0,0.05186170212765933,0.06382978723404226,0.06260945709281908,0.07486865148861581,0.3771466314398975,0.05186170212765933,,,
r2__r18__gru512__margin0p2__seed20260904,commit,21.5,micro,742,12.67469676549861,0.41105121293800767,12.67469676549861,0.0,0.029918032786885086,0.03770491803278668,0.037942664418212126,0.04637436762225926,0.3916776750330288,0.029918032786885086,,,
r2__r18__gru512__margin0p2__seed20260905,commit,21.5,micro,742,14.359838274932557,0.36388140161725213,14.359838274932557,0.0,1.877777777777771,1.9324074074074018,1.4546593186372678,1.5035070140280493,0.32959048877146785,1.877777777777771,,,
r2__r18__gru512__margin0p4__seed20260903,commit,21.5,micro,742,13.293969002695366,0.3854447439353118,13.293969002695366,0.0,0.2102272727272717,0.2316433566433555,0.2445840554592699,0.2681975736568436,0.3811096433289333,0.2102272727272717,,,
r2__r18__gru512__margin0p4__seed20260904,commit,21.5,micro,742,12.750336927223682,0.41105121293800767,12.750336927223682,0.0,0.21393442622950706,0.22786885245901511,0.15951972555746002,0.17281303602058168,0.38507265521796913,0.21393442622950706,,,
r2__r18__gru512__margin0p4__seed20260905,commit,21.5,micro,742,17.23837601078163,0.23045822102425828,17.23837601078163,0.0,3.008040935672521,3.076023391812872,2.352542372881366,2.414406779661029,0.1948480845442528,3.117732558139541,,,
r2__r18__gru512__margin0p6__seed20260903,commit,21.5,micro,742,13.571765498652237,0.3800539083557969,13.571765498652237,0.0,0.6391843971631178,0.6710992907801386,0.5790307971014452,0.610507246376807,0.36459709379128413,0.6391843971631178,,,
r2__r18__gru512__margin0p6__seed20260904,commit,21.5,micro,742,12.9725404312668,0.4070080862533715,12.9725404312668,0.0,0.5484271523178778,0.5720198675496659,0.41442807625649536,0.4363084922010364,0.3811096433289333,0.5484271523178778,,,
r2__r18__gru512__margin0p6__seed20260905,commit,21.5,micro,742,19.64117250673859,0.1078167115902964,19.64117250673859,0.0,4.259375000000004,4.337500000000003,3.333015267175576,3.398854961832064,0.08652575957727865,4.259375000000004,,,
r2__r18__gru512__msp0p5__seed20260903,commit,21.5,micro,742,13.123483827493216,0.3908355795148267,13.123483827493216,0.0,0.06767241379310311,0.0767241379310341,0.05711206896551672,0.06508620689655112,0.3830911492734512,0.06767241379310311,,,
r2__r18__gru512__msp0p5__seed20260904,commit,21.5,micro,742,12.668463611859796,0.41105121293800767,12.668463611859796,0.0,0.014754098360655658,0.018852459016393337,0.02062289562289543,0.024831649831649597,0.3923381770145348,0.014754098360655658,,,
r2__r18__gru512__msp0p5__seed20260905,commit,21.5,micro,742,15.417789757412315,0.32345013477089024,15.417789757412315,0.0,2.6958333333333266,2.755208333333327,2.0997679814385135,2.152552204176335,0.28467635402906205,2.6958333333333266,,,
r2__r18__gru512__msp0p6__seed20260903,commit,21.5,micro,742,13.318059299191326,0.38274932614555435,13.318059299191326,0.0,0.12323943661971774,0.1390845070422529,0.14401223776223662,0.16083916083915945,0.3778071334214035,0.12323943661971774,,,
r2__r18__gru512__msp0p6__seed20260904,commit,21.5,micro,742,12.656334231805895,0.41374663072776513,12.656334231805895,0.0,0.1254071661237778,0.1376221498371328,0.10783898305084645,0.1194915254237277,0.3896961690885109,0.1254071661237778,,,
r2__r18__gru512__msp0p6__seed20260905,commit,21.5,micro,742,17.601415094339593,0.21293800539083516,17.601415094339593,0.0,3.191455696202538,3.2610759493670964,2.372191011235963,2.4353932584269766,0.17635402906208647,3.191455696202538,,,
r2__r18__gru512__msp0p7__seed20260903,commit,21.5,micro,742,13.368598382749274,0.3840970350404331,13.368598382749274,0.0,0.3298245614035072,0.35350877192982294,0.32627865961199026,0.35185185185184903,0.37450462351387365,0.3298245614035072,,,
r2__r18__gru512__msp0p7__seed20260904,commit,21.5,micro,742,12.785545822102385,0.41105121293800767,12.785545822102385,0.0,0.2995901639344246,0.3163934426229491,0.21243523316062,0.2284110535405852,0.38243064729194526,0.2995901639344246,,,
r2__r18__gru512__msp0p7__seed20260905,commit,21.5,micro,742,19.47692048517525,0.11590296495956862,19.47692048517525,0.0,4.045058139534888,4.119186046511632,3.106896551724143,3.1724137931034533,0.09577278731836181,4.045058139534888,,,
r2__r18__gru512__msp0p8__seed20260903,commit,21.5,micro,742,13.751516172506687,0.37870619946091816,13.751516172506687,0.0,1.0395907473309567,1.0756227758007069,0.8281826568265626,0.8630073800737952,0.35799207397622446,1.0395907473309567,,,
r2__r18__gru512__msp0p8__seed20260904,commit,21.5,micro,742,13.022237196765452,0.40566037735849275,13.022237196765452,0.0,0.6013289036544819,0.6245847176079702,0.4608013937282189,0.48388501742159884,0.3791281373844154,0.6013289036544819,,,
r2__r18__gru512__msp0p8__seed20260905,commit,21.5,micro,742,20.65380727762813,0.04851752021563344,20.65380727762813,0.0,4.059027777777777,4.1388888888888875,3.0937500000000004,3.160714285714286,0.03698811096433289,4.059027777777777,,,
r2__r18__gru512__msp0p9__seed20260903,commit,21.5,micro,742,14.565532345013407,0.3490566037735861,14.565532345013407,0.0,1.6336872586872528,1.6805019305019249,1.415160642570274,1.460341365461841,0.3289299867899619,1.7115384615384548,,,
r2__r18__gru512__msp0p9__seed20260904,commit,21.5,micro,742,13.516677897574073,0.39218328840970546,13.516677897574073,0.0,1.1439003436426058,1.176116838487967,0.8965201465201396,0.9258241758241695,0.3606340819022483,1.2140410958904047,,,
r2__r18__gru512__msp0p9__seed20260905,commit,21.5,micro,742,21.341812668463742,0.008086253369272238,21.341812668463742,0.0,1.9374999999999998,2.0416666666666665,1.8375000000000006,1.9250000000000003,0.006605019815059444,1.9374999999999998,,,
r2__r18__gru512__patience__seed20260903,postproc,21.5,micro,742,15.154986522910974,0.3625336927223734,13.388814016172468,1.7661725067385448,3.9981412639405027,4.038104089219318,3.0787946428571176,3.1151785714285483,0.3698811096433319,4.352106227106206,,,
r2__r18__gru512__patience__seed20260904,postproc,21.5,micro,742,14.840128032344936,0.37331536388140324,13.02156334231802,1.8185646900269548,3.660198555956662,3.695848375451248,2.7619369369369138,2.7941441441441226,0.36657859973580204,4.134751773049626,,,
r2__r18__gru512__patience__seed20260905,postproc,21.5,micro,742,16.231637466307202,0.36522911051213086,13.428908355795103,2.8027291105121295,7.07518450184499,7.137453874538719,5.005660377358454,5.056603773584873,0.35006605019815284,7.118445692883867,,,
r2__r18__gru512__ringel__seed20260903,commit,21.5,micro,742,17.050539083557915,0.38274932614555435,17.050539083557915,0.0,9.87499999999988,9.999999999999902,9.875000000000101,9.999999999999924,0.27278731836195463,9.87499999999988,,,
r2__r18__gru512__ringel__seed20260904,commit,21.5,micro,742,16.925202156334205,0.3935309973045842,16.925202156334205,0.0,9.874999999999872,9.999999999999899,9.875000000000101,9.99999999999992,0.27476882430647254,9.874999999999872,,,
r2__r18__gru512__ringel__seed20260905,commit,21.5,micro,742,17.254211590296464,0.36522911051213086,17.254211590296464,0.0,9.874999999999888,9.99999999999991,9.875000000000108,9.999999999999948,0.2575957727873174,9.874999999999888,,,
r2__r18__gru512__seed20260903,prefix,21.5,micro,742,15.476078167115825,0.3679245283018883,13.388308625336878,2.0877695417789752,5.127289377289358,5.170329670329649,3.65040106951869,3.68939393939391,0.37054161162483784,5.112037037037019,,,
r2__r18__gru512__seed20260904,prefix,21.5,micro,742,14.848551212937936,0.3800539083557969,13.029986522911008,1.8185646900269545,3.9986702127659384,4.036347517730479,2.738245931283885,2.7707956600361463,0.3652575957727901,3.9446942446042983,,,
r2__r18__gru512__seed20260905,prefix,21.5,micro,742,16.802729110512068,0.3679245283018883,13.474056603773558,3.3286725067385436,8.73305860805857,8.803113553113516,6.390891840607172,6.451612903225763,0.34808454425363494,9.069945848375408,,,
r2__r18__gru512__teaser__seed20260903,commit,21.5,micro,742,13.300370619946039,0.3840970350404331,13.300370619946039,0.0,0.1521929824561397,0.17017543859649045,0.22377622377622183,0.2434440559440541,0.3778071334214035,0.1521929824561397,,,
r2__r18__gru512__teaser__seed20260904,commit,21.5,micro,742,13.256570080862486,0.40026954177897783,13.256570080862486,0.0,0.9053030303030258,0.926767676767672,0.6473613595706569,0.6663685152057193,0.3692206076618259,0.9053030303030258,,,
r2__r18__gru512__teaser__seed20260905,commit,21.5,micro,742,13.23096361185979,0.3854447439353118,13.23096361185979,0.0,0.04676573426573405,0.05594405594405567,0.04535398230088457,0.05663716814159244,0.3731836195508617,0.04676573426573405,,,
r2__r18__mean__seed20260903,clip,21.5,micro,742,14.056098382749266,0.3800539083557969,13.268530997304529,0.7875673854447438,1.9135638297872255,1.9379432624113384,1.280626134301261,1.299001814882023,0.36393659180977816,2.0008833922261395,,,
r2__r18__mean__seed20260904,clip,21.5,micro,742,13.8579851752021,0.3800539083557969,13.12601078167112,0.7319743935309975,1.3922872340425467,1.4157801418439646,0.9184283088235226,0.9356617647058758,0.3593130779392364,1.3922872340425467,,,
r2__r18__mean__seed20260905,clip,21.5,micro,742,13.641004043126623,0.3854447439353118,13.084905660377315,0.5560983827493262,1.1105769230769182,1.1319930069930018,0.8355263157894676,0.8516333938293946,0.36393659180977816,1.2530381944444386,,,
