system_id,family,round,backbone,model_kind,horizon,class_code,n,train_share,accuracy,error_area,retracted_area,rmscd,S_0,S_1,S_3,S_5,pred_share_0,pred_share_5,pred_share_10,confusion_to_0,confusion_to_1,confusion_to_2,confusion_to_3,confusion_to_4,pred_share_4
clip__r18mean__seed20260903,clip,R1,r18,mean,10.0,0,69,0.051094890510948905,0.15942028985507245,8.88768115942029,0.08514492753623189,8.972826086956522,0.08695652173913043,0.08695652173913043,0.08695652173913043,0.08695652173913043,0.06289308176100629,0.061096136567834684,0.0673854447439353,0.15942028985507245,0.07246376811594203,0.391304347826087,0.11594202898550725,0.2608695652173913,
clip__r18mean__seed20260903,clip,R1,r18,mean,10.0,1,176,0.17274939172749393,0.20454545454545456,8.001420454545455,0.13494318181818182,8.136363636363637,0.13636363636363635,0.14772727272727273,0.1875,0.19886363636363635,0.1275831087151842,0.1320754716981132,0.132973944294699,0.022727272727272728,0.20454545454545456,0.1534090909090909,0.11363636363636363,0.5056818181818182,
clip__r18mean__seed20260903,clip,R1,r18,mean,10.0,2,389,0.2846715328467153,0.4652956298200514,5.378213367609255,0.15938303341902313,5.537596401028278,0.41131105398457585,0.41645244215938304,0.43958868894601544,0.4524421593830334,0.25965858041329737,0.2587601078167116,0.25696316262353996,0.10539845758354756,0.13881748071979436,0.4652956298200514,0.11053984575835475,0.17994858611825193,
clip__r18mean__seed20260903,clip,R1,r18,mean,10.0,3,126,0.13138686131386862,0.07142857142857142,9.240079365079366,0.2718253968253968,9.511904761904763,0.03968253968253968,0.03968253968253968,0.03968253968253968,0.047619047619047616,0.07726864330637916,0.0880503144654088,0.08715184186882301,0.07936507936507936,0.10317460317460317,0.19047619047619047,0.07142857142857142,0.5555555555555556,
clip__r18mean__seed20260903,clip,R1,r18,mean,10.0,4,353,0.36009732360097324,0.7365439093484419,2.67457507082153,0.0906515580736544,2.765226628895184,0.6997167138810199,0.7110481586402266,0.7223796033994334,0.7252124645892352,0.472596585804133,0.46001796945193174,0.4555256064690027,0.025495750708215296,0.11331444759206799,0.0764872521246459,0.04815864022662889,0.7365439093484419,
clip__r18mean__seed20260904,clip,R1,r18,mean,10.0,0,69,0.051094890510948905,0.07246376811594203,9.393115942028986,0.1213768115942029,9.514492753623188,0.043478260869565216,0.043478260869565216,0.043478260869565216,0.043478260869565216,0.05750224618149147,0.07008086253369272,0.07008086253369272,0.07246376811594203,0.13043478260869565,0.37681159420289856,0.14492753623188406,0.2753623188405797,
clip__r18mean__seed20260904,clip,R1,r18,mean,10.0,1,176,0.17274939172749393,0.17045454545454544,8.559659090909092,0.13139204545454544,8.691051136363637,0.10795454545454546,0.10795454545454546,0.11931818181818182,0.125,0.1078167115902965,0.1078167115902965,0.11500449236298294,0.03409090909090909,0.17045454545454544,0.1534090909090909,0.11931818181818182,0.5227272727272727,
clip__r18mean__seed20260904,clip,R1,r18,mean,10.0,2,389,0.2846715328467153,0.42159383033419023,5.836118251928021,0.1564910025706941,5.992609254498714,0.37789203084832906,0.38303341902313626,0.39588688946015427,0.39845758354755784,0.2398921832884097,0.24348607367475292,0.24348607367475292,0.13881748071979436,0.11311053984575835,0.42159383033419023,0.13110539845758354,0.1953727506426735,
clip__r18mean__seed20260904,clip,R1,r18,mean,10.0,3,126,0.13138686131386862,0.06349206349206349,9.265873015873016,0.12103174603174603,9.386904761904763,0.047619047619047616,0.05555555555555555,0.06349206349206349,0.06349206349206349,0.09613656783468104,0.09703504043126684,0.09973045822102426,0.0873015873015873,0.1111111111111111,0.18253968253968253,0.06349206349206349,0.5555555555555556,
clip__r18mean__seed20260904,clip,R1,r18,mean,10.0,4,353,0.36009732360097324,0.7592067988668555,2.4642351274787537,0.12145892351274788,2.5856940509915014,0.7195467422096318,0.7223796033994334,0.7365439093484419,0.7422096317280453,0.49865229110512127,0.481581311769991,0.4716981132075472,0.0056657223796034,0.08781869688385269,0.08781869688385269,0.059490084985835696,0.7592067988668555,
clip__r18mean__seed20260905,clip,R1,r18,mean,10.0,0,69,0.051094890510948905,0.057971014492753624,9.498188405797102,0.0,9.498188405797102,0.043478260869565216,0.043478260869565216,0.043478260869565216,0.043478260869565216,0.05929919137466307,0.0646900269541779,0.06918238993710692,0.057971014492753624,0.13043478260869565,0.463768115942029,0.057971014492753624,0.2898550724637681,
clip__r18mean__seed20260905,clip,R1,r18,mean,10.0,1,176,0.17274939172749393,0.14204545454545456,8.6953125,0.036931818181818184,8.732244318181818,0.10227272727272728,0.10227272727272728,0.11363636363636363,0.13068181818181818,0.08984725965858041,0.10512129380053908,0.09883198562443846,0.03977272727272727,0.14204545454545456,0.14772727272727273,0.09090909090909091,0.5795454545454546,
clip__r18mean__seed20260905,clip,R1,r18,mean,10.0,2,389,0.2846715328467153,0.4832904884318766,5.277313624678663,0.12982005141388175,5.407133676092545,0.43444730077120824,0.43958868894601544,0.4524421593830334,0.45758354755784064,0.2632524707996406,0.2632524707996406,0.27044025157232704,0.12853470437017994,0.09254498714652956,0.4832904884318766,0.07712082262210797,0.2185089974293059,
clip__r18mean__seed20260905,clip,R1,r18,mean,10.0,3,126,0.13138686131386862,0.07936507936507936,9.282738095238095,0.16567460317460317,9.448412698412698,0.031746031746031744,0.03968253968253968,0.047619047619047616,0.05555555555555555,0.08176100628930817,0.07726864330637916,0.07816711590296496,0.07936507936507936,0.1111111111111111,0.1984126984126984,0.07936507936507936,0.5317460317460317,
clip__r18mean__seed20260905,clip,R1,r18,mean,10.0,4,353,0.36009732360097324,0.7478753541076487,2.4840651558073654,0.12889518413597734,2.612960339943343,0.7223796033994334,0.7223796033994334,0.7308781869688386,0.7450424929178471,0.5058400718778078,0.48966756513926324,0.4833782569631626,0.0169971671388102,0.07365439093484419,0.08498583569405099,0.0764872521246459,0.7478753541076487,
prefix__gru128__seed20260903,prefix,R1,r18,gru128,10.0,0,69,0.051094890510948905,0.057971014492753624,9.483695652173912,0.3858695652173913,9.869565217391305,0.0,0.0,0.0,0.014492753623188406,0.05211141060197664,0.05660377358490566,0.05660377358490566,0.057971014492753624,0.08695652173913043,0.5362318840579711,0.07246376811594203,0.2463768115942029,
prefix__gru128__seed20260903,prefix,R1,r18,gru128,10.0,1,176,0.17274939172749393,0.14204545454545456,8.443892045454545,0.9005681818181818,9.344460227272727,0.022727272727272728,0.028409090909090908,0.03977272727272727,0.056818181818181816,0.1096136567834681,0.11590296495956873,0.11859838274932614,0.028409090909090908,0.14204545454545456,0.20454545454545456,0.17613636363636365,0.44886363636363635,
prefix__gru128__seed20260903,prefix,R1,r18,gru128,10.0,2,389,0.2846715328467153,0.5012853470437018,4.979755784061696,1.150706940874036,6.130462724935732,0.3110539845758355,0.32904884318766064,0.35989717223650386,0.38046272493573263,0.31536388140161725,0.3243486073674753,0.32075471698113206,0.09768637532133675,0.14138817480719795,0.5012853470437018,0.12082262210796915,0.13881748071979436,
prefix__gru128__seed20260903,prefix,R1,r18,gru128,10.0,3,126,0.13138686131386862,0.07936507936507936,9.104166666666666,0.5158730158730159,9.620039682539682,0.023809523809523808,0.031746031746031744,0.031746031746031744,0.031746031746031744,0.10242587601078167,0.09613656783468104,0.1087151841868823,0.05555555555555555,0.15873015873015872,0.23809523809523808,0.07936507936507936,0.46825396825396826,
prefix__gru128__seed20260903,prefix,R1,r18,gru128,10.0,4,353,0.36009732360097324,0.6543909348441926,3.4040368271954673,1.2832861189801699,4.687322946175637,0.4702549575070821,0.48158640226628896,0.49291784702549574,0.5184135977337111,0.42048517520215634,0.40700808625336926,0.3953279424977538,0.025495750708215296,0.07365439093484419,0.1671388101983003,0.07932011331444759,0.6543909348441926,
prefix__gru128__seed20260904,prefix,R1,r18,gru128,10.0,0,69,0.051094890510948905,0.10144927536231885,8.844202898550725,0.6177536231884058,9.46195652173913,0.028985507246376812,0.028985507246376812,0.028985507246376812,0.043478260869565216,0.11230907457322552,0.11320754716981132,0.11141060197663971,0.10144927536231885,0.2028985507246377,0.4492753623188406,0.07246376811594203,0.17391304347826086,
prefix__gru128__seed20260904,prefix,R1,r18,gru128,10.0,1,176,0.17274939172749393,0.16477272727272727,8.289772727272727,1.1186079545454546,9.408380681818182,0.022727272727272728,0.022727272727272728,0.03409090909090909,0.045454545454545456,0.12039532794249776,0.12398921832884097,0.14106019766397124,0.0625,0.16477272727272727,0.22727272727272727,0.125,0.42045454545454547,
prefix__gru128__seed20260904,prefix,R1,r18,gru128,10.0,2,389,0.2846715328467153,0.4652956298200514,5.191838046272494,1.1352827763496145,6.327120822622108,0.3059125964010283,0.31876606683804626,0.3393316195372751,0.35732647814910024,0.28751123090745734,0.29829290206648695,0.3018867924528302,0.20308483290488433,0.13110539845758354,0.4652956298200514,0.08226221079691516,0.11825192802056556,
prefix__gru128__seed20260904,prefix,R1,r18,gru128,10.0,3,126,0.13138686131386862,0.10317460317460317,9.145833333333334,0.3621031746031746,9.507936507936508,0.03968253968253968,0.03968253968253968,0.03968253968253968,0.03968253968253968,0.07996406109613657,0.07367475292003593,0.07996406109613657,0.07936507936507936,0.16666666666666666,0.2222222222222222,0.10317460317460317,0.42857142857142855,
prefix__gru128__seed20260904,prefix,R1,r18,gru128,10.0,4,353,0.36009732360097324,0.6260623229461756,3.6915722379603397,1.2039660056657224,4.895538243626063,0.4475920679886686,0.45609065155807366,0.4702549575070821,0.4985835694050991,0.3998203054806828,0.3908355795148248,0.3656783468104223,0.04815864022662889,0.11898016997167139,0.15864022662889518,0.04815864022662889,0.6260623229461756,
prefix__gru128__seed20260905,prefix,R1,r18,gru128,10.0,0,69,0.051094890510948905,0.11594202898550725,8.840579710144928,0.6268115942028986,9.467391304347826,0.028985507246376812,0.028985507246376812,0.043478260869565216,0.043478260869565216,0.06199460916442048,0.07277628032345014,0.07367475292003593,0.11594202898550725,0.21739130434782608,0.42028985507246375,0.057971014492753624,0.18840579710144928,
prefix__gru128__seed20260905,prefix,R1,r18,gru128,10.0,1,176,0.17274939172749393,0.2215909090909091,7.878551136363637,1.0397727272727273,8.918323863636363,0.045454545454545456,0.0625,0.06818181818181818,0.09090909090909091,0.14016172506738545,0.13746630727762804,0.14285714285714285,0.022727272727272728,0.2215909090909091,0.19318181818181818,0.11363636363636363,0.44886363636363635,
prefix__gru128__seed20260905,prefix,R1,r18,gru128,10.0,2,389,0.2846715328467153,0.5141388174807198,4.832262210796915,1.2426092544987146,6.0748714652956295,0.3161953727506427,0.33161953727506427,0.37017994858611825,0.3856041131105398,0.29290206648697215,0.3045822102425876,0.3081761006289308,0.12339331619537275,0.12853470437017994,0.5141388174807198,0.10539845758354756,0.12853470437017994,
prefix__gru128__seed20260905,prefix,R1,r18,gru128,10.0,3,126,0.13138686131386862,0.09523809523809523,9.16468253968254,0.5396825396825397,9.704365079365079,0.015873015873015872,0.015873015873015872,0.015873015873015872,0.015873015873015872,0.08086253369272237,0.0853548966756514,0.08984725965858041,0.03968253968253968,0.16666666666666666,0.2857142857142857,0.09523809523809523,0.4126984126984127,
prefix__gru128__seed20260905,prefix,R1,r18,gru128,10.0,4,353,0.36009732360097324,0.6657223796033994,3.22485835694051,1.4461756373937678,4.671033994334278,0.47592067988668557,0.48441926345609065,0.5014164305949008,0.5155807365439093,0.42407906558849956,0.3998203054806828,0.38544474393531,0.04815864022662889,0.09631728045325778,0.12464589235127478,0.06515580736543909,0.6657223796033994,
prefix__gru512__seed20260903,prefix,R1,r18,gru512,10.0,0,69,0.051094890510948905,0.17391304347826086,8.284420289855072,0.8152173913043478,9.09963768115942,0.043478260869565216,0.057971014492753624,0.08695652173913043,0.08695652173913043,0.10062893081761007,0.1078167115902965,0.1069182389937107,0.17391304347826086,0.10144927536231885,0.391304347826087,0.13043478260869565,0.2028985507246377,
prefix__gru512__seed20260903,prefix,R1,r18,gru512,10.0,1,176,0.17274939172749393,0.13636363636363635,8.674005681818182,0.7954545454545454,9.469460227272727,0.028409090909090908,0.03409090909090909,0.03409090909090909,0.03409090909090909,0.09703504043126684,0.10062893081761007,0.10512129380053908,0.06818181818181818,0.13636363636363635,0.1590909090909091,0.17045454545454544,0.4659090909090909,
prefix__gru512__seed20260903,prefix,R1,r18,gru512,10.0,2,389,0.2846715328467153,0.4370179948586118,5.738110539845758,1.1674164524421593,6.905526992287918,0.2159383033419023,0.2416452442159383,0.27249357326478146,0.30077120822622105,0.2551662174303684,0.26504941599281223,0.2695417789757412,0.15681233933161953,0.10539845758354756,0.4370179948586118,0.16966580976863754,0.13110539845758354,
prefix__gru512__seed20260903,prefix,R1,r18,gru512,10.0,3,126,0.13138686131386862,0.15873015873015872,8.83531746031746,0.42658730158730157,9.261904761904763,0.06349206349206349,0.06349206349206349,0.06349206349206349,0.06349206349206349,0.1500449236298293,0.14375561545372867,0.14465408805031446,0.10317460317460317,0.12698412698412698,0.21428571428571427,0.15873015873015872,0.3968253968253968,
prefix__gru512__seed20260903,prefix,R1,r18,gru512,10.0,4,353,0.36009732360097324,0.6203966005665722,3.532932011331445,1.4939801699716715,5.026912181303116,0.42776203966005666,0.44192634560906513,0.46175637393767704,0.48441926345609065,0.3971248876909254,0.38274932614555257,0.37376460017969454,0.059490084985835696,0.0821529745042493,0.1359773371104816,0.10198300283286119,0.6203966005665722,
prefix__gru512__seed20260904,prefix,R1,r18,gru512,10.0,0,69,0.051094890510948905,0.13043478260869565,8.878623188405797,0.36231884057971014,9.240942028985508,0.028985507246376812,0.043478260869565216,0.057971014492753624,0.07246376811594203,0.05750224618149147,0.05750224618149147,0.06918238993710692,0.13043478260869565,0.18840579710144928,0.4057971014492754,0.13043478260869565,0.14492753623188406,
prefix__gru512__seed20260904,prefix,R1,r18,gru512,10.0,1,176,0.17274939172749393,0.18181818181818182,8.258522727272727,0.8529829545454546,9.111505681818182,0.0625,0.0625,0.0625,0.08522727272727272,0.12668463611859837,0.1320754716981132,0.13566936208445643,0.05113636363636364,0.18181818181818182,0.20454545454545456,0.18181818181818182,0.3806818181818182,
prefix__gru512__seed20260904,prefix,R1,r18,gru512,10.0,2,389,0.2846715328467153,0.5115681233933161,4.780205655526992,1.1532776349614395,5.933483290488432,0.3341902313624679,0.3444730077120823,0.37017994858611825,0.39331619537275064,0.3279424977538185,0.3288409703504043,0.3270440251572327,0.09768637532133675,0.11568123393316196,0.5115681233933161,0.15938303341902313,0.11568123393316196,
prefix__gru512__seed20260904,prefix,R1,r18,gru512,10.0,3,126,0.13138686131386862,0.16666666666666666,8.509920634920634,0.5446428571428571,9.054563492063492,0.06349206349206349,0.06349206349206349,0.06349206349206349,0.09523809523809523,0.1275831087151842,0.12578616352201258,0.13656783468104222,0.031746031746031744,0.15873015873015872,0.2698412698412698,0.16666666666666666,0.373015873015873,
prefix__gru512__seed20260904,prefix,R1,r18,gru512,10.0,4,353,0.36009732360097324,0.56657223796034,4.1497875354107645,1.3009915014164306,5.450779036827195,0.3937677053824363,0.40509915014164305,0.42492917847025496,0.4475920679886686,0.36028751123090746,0.3557951482479784,0.33153638814016173,0.04815864022662889,0.11614730878186968,0.18980169971671387,0.07932011331444759,0.56657223796034,
prefix__gru512__seed20260905,prefix,R1,r18,gru512,10.0,0,69,0.051094890510948905,0.07246376811594203,9.309782608695652,0.31521739130434784,9.625,0.0,0.014492753623188406,0.014492753623188406,0.043478260869565216,0.04582210242587601,0.04851752021563342,0.050314465408805034,0.07246376811594203,0.21739130434782608,0.3333333333333333,0.13043478260869565,0.2463768115942029,
prefix__gru512__seed20260905,prefix,R1,r18,gru512,10.0,1,176,0.17274939172749393,0.23863636363636365,7.639204545454546,0.7997159090909091,8.438920454545455,0.10227272727272728,0.10795454545454546,0.13068181818181818,0.14772727272727273,0.19047619047619047,0.17699910152740342,0.18508535489667566,0.028409090909090908,0.23863636363636365,0.13068181818181818,0.17613636363636365,0.42613636363636365,
prefix__gru512__seed20260905,prefix,R1,r18,gru512,10.0,2,389,0.2846715328467153,0.4190231362467866,5.827120822622108,0.9543701799485861,6.781491002570694,0.2544987146529563,0.2699228791773779,0.29562982005141386,0.3213367609254499,0.23180592991913745,0.23270440251572327,0.23360287511230907,0.08740359897172237,0.16452442159383032,0.4190231362467866,0.14138817480719795,0.18766066838046272,
prefix__gru512__seed20260905,prefix,R1,r18,gru512,10.0,3,126,0.13138686131386862,0.11904761904761904,8.808531746031745,0.4117063492063492,9.220238095238095,0.05555555555555555,0.05555555555555555,0.06349206349206349,0.07936507936507936,0.1275831087151842,0.1293800539083558,0.13656783468104222,0.05555555555555555,0.23015873015873015,0.18253968253968253,0.11904761904761904,0.4126984126984127,
prefix__gru512__seed20260905,prefix,R1,r18,gru512,10.0,4,353,0.36009732360097324,0.6288951841359773,3.6660764872521248,0.9826487252124646,4.648725212464589,0.49291784702549574,0.49291784702549574,0.509915014164306,0.5269121813031161,0.40431266846361186,0.4123989218328841,0.394429469901168,0.014164305949008499,0.15864022662889518,0.07932011331444759,0.11898016997167139,0.6288951841359773,
r2__clipb16__gru128__seed20260903,prefix,R2,clipb16,gru128,10.0,0,69,0.051094890510948905,0.43478260869565216,6.01268115942029,0.3333333333333333,6.346014492753623,0.3333333333333333,0.34782608695652173,0.34782608695652173,0.36231884057971014,0.15992812219227315,0.17160826594788858,0.1707097933513028,0.43478260869565216,0.14492753623188406,0.2608695652173913,0.043478260869565216,0.11594202898550725,
r2__clipb16__gru128__seed20260903,prefix,R2,clipb16,gru128,10.0,1,176,0.17274939172749393,0.32386363636363635,6.6022727272727275,0.6867897727272727,7.2890625,0.22727272727272727,0.23295454545454544,0.26136363636363635,0.2727272727272727,0.2192273135669362,0.2138364779874214,0.22371967654986524,0.07386363636363637,0.32386363636363635,0.06818181818181818,0.125,0.4090909090909091,
r2__clipb16__gru128__seed20260903,prefix,R2,clipb16,gru128,10.0,2,389,0.2846715328467153,0.27249357326478146,7.1160025706940875,0.6960154241645244,7.8120179948586115,0.17223650385604114,0.17994858611825193,0.21079691516709512,0.2185089974293059,0.14824797843665768,0.15723270440251572,0.14465408805031446,0.2853470437017995,0.18251928020565553,0.27249357326478146,0.10796915167095116,0.15167095115681234,
r2__clipb16__gru128__seed20260903,prefix,R2,clipb16,gru128,10.0,3,126,0.13138686131386862,0.09523809523809523,9.0,0.26587301587301587,9.265873015873016,0.06349206349206349,0.06349206349206349,0.06349206349206349,0.07142857142857142,0.10512129380053908,0.07726864330637916,0.08355795148247978,0.16666666666666666,0.29365079365079366,0.06349206349206349,0.09523809523809523,0.38095238095238093,
r2__clipb16__gru128__seed20260903,prefix,R2,clipb16,gru128,10.0,4,353,0.36009732360097324,0.660056657223796,3.508498583569405,1.0276203966005666,4.536118980169972,0.5014164305949008,0.5070821529745042,0.5184135977337111,0.5354107648725213,0.3674752920035939,0.38005390835579517,0.37735849056603776,0.042492917847025496,0.2096317280453258,0.04815864022662889,0.039660056657223795,0.660056657223796,
r2__clipb16__gru128__seed20260904,prefix,R2,clipb16,gru128,10.0,0,69,0.051094890510948905,0.5797101449275363,3.9003623188405796,0.7083333333333334,4.608695652173913,0.5217391304347826,0.5217391304347826,0.5362318840579711,0.5362318840579711,0.28751123090745734,0.2893081761006289,0.2893081761006289,0.5797101449275363,0.11594202898550725,0.10144927536231885,0.07246376811594203,0.13043478260869565,
r2__clipb16__gru128__seed20260904,prefix,R2,clipb16,gru128,10.0,1,176,0.17274939172749393,0.3125,6.977982954545454,0.9190340909090909,7.897017045454546,0.17045454545454544,0.17045454545454544,0.17613636363636365,0.20454545454545456,0.1734052111410602,0.15902964959568733,0.18508535489667566,0.10227272727272728,0.3125,0.06818181818181818,0.05113636363636364,0.4659090909090909,
r2__clipb16__gru128__seed20260904,prefix,R2,clipb16,gru128,10.0,2,389,0.2846715328467153,0.15681233933161953,8.334511568123393,0.7091902313624678,9.043701799485861,0.05398457583547558,0.06940874035989718,0.07455012853470437,0.09254498714652956,0.09074573225516622,0.09703504043126684,0.08176100628930817,0.5115681233933161,0.12082262210796915,0.15681233933161953,0.07197943444730077,0.13881748071979436,
r2__clipb16__gru128__seed20260904,prefix,R2,clipb16,gru128,10.0,3,126,0.13138686131386862,0.047619047619047616,9.646825396825397,0.10218253968253968,9.749007936507937,0.023809523809523808,0.023809523809523808,0.023809523809523808,0.023809523809523808,0.05840071877807727,0.053009883198562445,0.05211141060197664,0.25396825396825395,0.20634920634920634,0.023809523809523808,0.047619047619047616,0.46825396825396826,
r2__clipb16__gru128__seed20260904,prefix,R2,clipb16,gru128,10.0,4,353,0.36009732360097324,0.6572237960339944,3.5269121813031163,0.9277620396600567,4.454674220963173,0.5042492917847026,0.509915014164306,0.5240793201133145,0.546742209631728,0.389937106918239,0.40161725067385445,0.3917340521114106,0.09348441926345609,0.19830028328611898,0.0226628895184136,0.028328611898016998,0.6572237960339944,
r2__clipb16__gru128__seed20260905,prefix,R2,clipb16,gru128,10.0,0,69,0.051094890510948905,0.3333333333333333,6.269927536231884,0.7010869565217391,6.971014492753623,0.2753623188405797,0.2753623188405797,0.2898550724637681,0.30434782608695654,0.16352201257861634,0.1778975741239892,0.1725067385444744,0.3333333333333333,0.2028985507246377,0.2318840579710145,0.10144927536231885,0.13043478260869565,
r2__clipb16__gru128__seed20260905,prefix,R2,clipb16,gru128,10.0,1,176,0.17274939172749393,0.2897727272727273,7.154119318181818,0.7862215909090909,7.940340909090909,0.14204545454545456,0.1534090909090909,0.17045454545454544,0.19318181818181818,0.1940700808625337,0.19137466307277629,0.20035938903863432,0.0625,0.2897727272727273,0.0625,0.13636363636363635,0.44886363636363635,
r2__clipb16__gru128__seed20260905,prefix,R2,clipb16,gru128,10.0,2,389,0.2846715328467153,0.2416452442159383,7.538560411311054,0.6883033419023136,8.226863753213367,0.13881748071979436,0.14652956298200515,0.15424164524421594,0.17480719794344474,0.1320754716981132,0.1293800539083558,0.12219227313566937,0.3213367609254499,0.17994858611825193,0.2416452442159383,0.11568123393316196,0.14138817480719795,
r2__clipb16__gru128__seed20260905,prefix,R2,clipb16,gru128,10.0,3,126,0.13138686131386862,0.07142857142857142,9.141865079365079,0.38591269841269843,9.527777777777779,0.03968253968253968,0.03968253968253968,0.03968253968253968,0.047619047619047616,0.10332434860736747,0.0880503144654088,0.09703504043126684,0.14285714285714285,0.25396825396825395,0.03968253968253968,0.07142857142857142,0.49206349206349204,
r2__clipb16__gru128__seed20260905,prefix,R2,clipb16,gru128,10.0,4,353,0.36009732360097324,0.7053824362606232,2.945113314447592,0.8817280453257791,3.826841359773371,0.5779036827195467,0.5835694050991501,0.5949008498583569,0.6118980169971672,0.40700808625336926,0.4132973944294699,0.4079065588499551,0.042492917847025496,0.15864022662889518,0.028328611898016998,0.06515580736543909,0.7053824362606232,
r2__clipb16__gru512__seed20260903,prefix,R2,clipb16,gru512,10.0,0,69,0.051094890510948905,0.3333333333333333,6.619565217391305,0.08695652173913043,6.706521739130435,0.30434782608695654,0.3188405797101449,0.3333333333333333,0.3333333333333333,0.11859838274932614,0.11590296495956873,0.11590296495956873,0.3333333333333333,0.15942028985507245,0.2753623188405797,0.057971014492753624,0.17391304347826086,
r2__clipb16__gru512__seed20260903,prefix,R2,clipb16,gru512,10.0,1,176,0.17274939172749393,0.3693181818181818,6.365767045454546,0.24573863636363635,6.611505681818182,0.3181818181818182,0.3181818181818182,0.32386363636363635,0.32954545454545453,0.2407906558849955,0.24707996406109614,0.25336927223719674,0.028409090909090908,0.3693181818181818,0.0625,0.09659090909090909,0.4431818181818182,
r2__clipb16__gru512__seed20260903,prefix,R2,clipb16,gru512,10.0,2,389,0.2846715328467153,0.2442159383033419,7.451799485861183,0.397172236503856,7.848971722365039,0.1928020565552699,0.1953727506426735,0.20308483290488433,0.2133676092544987,0.14375561545372867,0.1275831087151842,0.13117699910152741,0.2133676092544987,0.21079691516709512,0.2442159383033419,0.12596401028277635,0.20565552699228792,
r2__clipb16__gru512__seed20260903,prefix,R2,clipb16,gru512,10.0,3,126,0.13138686131386862,0.0873015873015873,9.143849206349206,0.07539682539682539,9.219246031746032,0.06349206349206349,0.06349206349206349,0.07142857142857142,0.07936507936507936,0.10422282120395328,0.09074573225516622,0.08355795148247978,0.07936507936507936,0.30158730158730157,0.05555555555555555,0.0873015873015873,0.47619047619047616,
r2__clipb16__gru512__seed20260903,prefix,R2,clipb16,gru512,10.0,4,353,0.36009732360097324,0.660056657223796,3.3470254957507084,0.34242209631728043,3.689447592067989,0.5949008498583569,0.6090651558073654,0.623229461756374,0.6345609065155807,0.3926325247079964,0.41868823000898475,0.4159928122192273,0.0226628895184136,0.24362606232294617,0.039660056657223795,0.0339943342776204,0.660056657223796,
r2__clipb16__gru512__seed20260904,prefix,R2,clipb16,gru512,10.0,0,69,0.051094890510948905,0.4492753623188406,5.240942028985507,1.0108695652173914,6.2518115942028984,0.34782608695652173,0.34782608695652173,0.36231884057971014,0.36231884057971014,0.1985624438454627,0.20395327942497754,0.20664869721473494,0.4492753623188406,0.13043478260869565,0.10144927536231885,0.14492753623188406,0.17391304347826086,
r2__clipb16__gru512__seed20260904,prefix,R2,clipb16,gru512,10.0,1,176,0.17274939172749393,0.2215909090909091,7.620028409090909,0.7833806818181818,8.403409090909092,0.13068181818181818,0.13068181818181818,0.14204545454545456,0.1534090909090909,0.14465408805031446,0.14645103324348607,0.14465408805031446,0.06818181818181818,0.2215909090909091,0.03977272727272727,0.2840909090909091,0.38636363636363635,
r2__clipb16__gru512__seed20260904,prefix,R2,clipb16,gru512,10.0,2,389,0.2846715328467153,0.15938303341902313,8.28181233933162,0.5501285347043702,8.83194087403599,0.08483290488431877,0.09254498714652956,0.10539845758354756,0.11568123393316196,0.08715184186882301,0.0853548966756514,0.08355795148247978,0.34190231362467866,0.11053984575835475,0.15938303341902313,0.2544987146529563,0.13367609254498714,
r2__clipb16__gru512__seed20260904,prefix,R2,clipb16,gru512,10.0,3,126,0.13138686131386862,0.15079365079365079,8.475198412698413,0.49503968253968256,8.970238095238095,0.0873015873015873,0.0873015873015873,0.0873015873015873,0.09523809523809523,0.19946091644204852,0.19047619047619047,0.1949685534591195,0.18253968253968253,0.25396825396825395,0.023809523809523808,0.15079365079365079,0.3888888888888889,
r2__clipb16__gru512__seed20260904,prefix,R2,clipb16,gru512,10.0,4,353,0.36009732360097324,0.6543909348441926,3.4660056657223794,1.1019830028328612,4.567988668555241,0.49575070821529743,0.5014164305949008,0.5127478753541076,0.5325779036827195,0.3701707097933513,0.37376460017969454,0.3701707097933513,0.08781869688385269,0.10764872521246459,0.039660056657223795,0.11048158640226628,0.6543909348441926,
r2__clipb16__gru512__seed20260905,prefix,R2,clipb16,gru512,10.0,0,69,0.051094890510948905,0.2898550724637681,6.836956521739131,0.32608695652173914,7.163043478260869,0.2608695652173913,0.2753623188405797,0.2753623188405797,0.2898550724637681,0.10242587601078167,0.11410601976639713,0.1105121293800539,0.2898550724637681,0.21739130434782608,0.3333333333333333,0.014492753623188406,0.14492753623188406,
r2__clipb16__gru512__seed20260905,prefix,R2,clipb16,gru512,10.0,1,176,0.17274939172749393,0.3181818181818182,6.7492897727272725,0.421875,7.1711647727272725,0.2556818181818182,0.2556818181818182,0.26136363636363635,0.2784090909090909,0.22371967654986524,0.1985624438454627,0.22012578616352202,0.022727272727272728,0.3181818181818182,0.0625,0.11363636363636363,0.48295454545454547,
r2__clipb16__gru512__seed20260905,prefix,R2,clipb16,gru512,10.0,2,389,0.2846715328467153,0.2827763496143959,6.97879177377892,0.5774421593830334,7.556233933161954,0.2133676092544987,0.2185089974293059,0.2262210796915167,0.2442159383033419,0.1734052111410602,0.1554357592093441,0.14645103324348607,0.2159383033419023,0.18508997429305912,0.2827763496143959,0.12596401028277635,0.19023136246786632,
r2__clipb16__gru512__seed20260905,prefix,R2,clipb16,gru512,10.0,3,126,0.13138686131386862,0.07142857142857142,9.30952380952381,0.10912698412698413,9.418650793650794,0.05555555555555555,0.05555555555555555,0.05555555555555555,0.05555555555555555,0.09613656783468104,0.09164420485175202,0.08984725965858041,0.07936507936507936,0.30952380952380953,0.05555555555555555,0.07142857142857142,0.48412698412698413,
r2__clipb16__gru512__seed20260905,prefix,R2,clipb16,gru512,10.0,4,353,0.36009732360097324,0.7138810198300283,2.9291784702549575,0.4231586402266289,3.3523371104815864,0.6147308781869688,0.6203966005665722,0.6515580736543909,0.6628895184135978,0.40431266846361186,0.44025157232704404,0.4330637915543576,0.014164305949008499,0.17847025495750707,0.0339943342776204,0.059490084985835696,0.7138810198300283,
r2__clipb16__mean__seed20260903,clip,R2,clipb16,mean,10.0,0,69,0.051094890510948905,0.2898550724637681,7.148550724637682,0.028985507246376812,7.177536231884058,0.2608695652173913,0.2608695652173913,0.2753623188405797,0.2898550724637681,0.10601976639712489,0.11320754716981132,0.11500449236298294,0.2898550724637681,0.13043478260869565,0.2753623188405797,0.15942028985507245,0.14492753623188406,
r2__clipb16__mean__seed20260903,clip,R2,clipb16,mean,10.0,1,176,0.17274939172749393,0.36363636363636365,6.294034090909091,0.2294034090909091,6.5234375,0.3352272727272727,0.3352272727272727,0.3409090909090909,0.3465909090909091,0.2407906558849955,0.22911051212938005,0.22911051212938005,0.05113636363636364,0.36363636363636365,0.07386363636363637,0.13636363636363635,0.375,
r2__clipb16__mean__seed20260903,clip,R2,clipb16,mean,10.0,2,389,0.2846715328467153,0.2596401028277635,7.36021850899743,0.22268637532133675,7.582904884318766,0.2236503856041131,0.2236503856041131,0.23393316195372751,0.2390745501285347,0.14914645103324348,0.14914645103324348,0.14824797843665768,0.20822622107969152,0.18508997429305912,0.2596401028277635,0.18766066838046272,0.15938303341902313,
r2__clipb16__mean__seed20260903,clip,R2,clipb16,mean,10.0,3,126,0.13138686131386862,0.1111111111111111,8.91468253968254,0.08333333333333333,8.998015873015873,0.07936507936507936,0.0873015873015873,0.09523809523809523,0.10317460317460317,0.13926325247079965,0.132973944294699,0.1293800539083558,0.0873015873015873,0.2857142857142857,0.06349206349206349,0.1111111111111111,0.4523809523809524,
r2__clipb16__mean__seed20260903,clip,R2,clipb16,mean,10.0,4,353,0.36009732360097324,0.6402266288951841,3.7560198300283285,0.10127478753541076,3.8572946175637393,0.5694050991501416,0.5864022662889519,0.603399433427762,0.6175637393767706,0.36477987421383645,0.3755615453728661,0.3782569631626235,0.019830028328611898,0.2096317280453258,0.0679886685552408,0.06232294617563739,0.6402266288951841,
r2__clipb16__mean__seed20260904,clip,R2,clipb16,mean,10.0,0,69,0.051094890510948905,0.43478260869565216,5.634057971014493,0.15217391304347827,5.786231884057971,0.4057971014492754,0.4057971014492754,0.42028985507246375,0.42028985507246375,0.18598382749326145,0.1958670260557053,0.19047619047619047,0.43478260869565216,0.17391304347826086,0.15942028985507245,0.10144927536231885,0.13043478260869565,
r2__clipb16__mean__seed20260904,clip,R2,clipb16,mean,10.0,1,176,0.17274939172749393,0.32954545454545453,6.7819602272727275,0.078125,6.8600852272727275,0.30113636363636365,0.30113636363636365,0.3125,0.3125,0.18957771787960467,0.1985624438454627,0.21024258760107817,0.0625,0.32954545454545453,0.0625,0.14772727272727273,0.3977272727272727,
r2__clipb16__mean__seed20260904,clip,R2,clipb16,mean,10.0,2,389,0.2846715328467153,0.19023136246786632,8.019601542416453,0.20404884318766067,8.223650385604113,0.16452442159383032,0.16709511568123395,0.17480719794344474,0.17994858611825193,0.11230907457322552,0.09883198562443846,0.10062893081761007,0.33161953727506427,0.17994858611825193,0.19023136246786632,0.15167095115681234,0.14652956298200515,
r2__clipb16__mean__seed20260904,clip,R2,clipb16,mean,10.0,3,126,0.13138686131386862,0.09523809523809523,9.024801587301587,0.025793650793650792,9.050595238095237,0.0873015873015873,0.09523809523809523,0.09523809523809523,0.09523809523809523,0.1087151841868823,0.10332434860736747,0.1078167115902965,0.1746031746031746,0.23809523809523808,0.03968253968253968,0.09523809523809523,0.4523809523809524,
r2__clipb16__mean__seed20260904,clip,R2,clipb16,mean,10.0,4,353,0.36009732360097324,0.6855524079320113,3.1094192634560907,0.20609065155807366,3.3155099150141645,0.6373937677053825,0.6430594900849859,0.6657223796033994,0.6685552407932012,0.40341419586702604,0.40341419586702604,0.3908355795148248,0.056657223796033995,0.1813031161473088,0.031161473087818695,0.0453257790368272,0.6855524079320113,
r2__clipb16__mean__seed20260905,clip,R2,clipb16,mean,10.0,0,69,0.051094890510948905,0.5362318840579711,4.786231884057971,0.010869565217391304,4.797101449275362,0.5072463768115942,0.5072463768115942,0.5072463768115942,0.5217391304347826,0.22371967654986524,0.22641509433962265,0.23000898472596587,0.5362318840579711,0.14492753623188406,0.10144927536231885,0.13043478260869565,0.08695652173913043,
r2__clipb16__mean__seed20260905,clip,R2,clipb16,mean,10.0,1,176,0.17274939172749393,0.32386363636363635,6.8203125,0.12215909090909091,6.942471590909091,0.2840909090909091,0.2840909090909091,0.3068181818181818,0.3068181818181818,0.18957771787960467,0.19137466307277629,0.1940700808625337,0.056818181818181816,0.32386363636363635,0.045454545454545456,0.17613636363636365,0.3977272727272727,
r2__clipb16__mean__seed20260905,clip,R2,clipb16,mean,10.0,2,389,0.2846715328467153,0.16452442159383032,8.328084832904885,0.1108611825192802,8.438946015424165,0.13881748071979436,0.14138817480719795,0.15167095115681234,0.16452442159383032,0.08715184186882301,0.0853548966756514,0.08445642407906559,0.4190231362467866,0.12596401028277635,0.16452442159383032,0.13110539845758354,0.15938303341902313,
r2__clipb16__mean__seed20260905,clip,R2,clipb16,mean,10.0,3,126,0.13138686131386862,0.0873015873015873,9.107142857142858,0.08234126984126984,9.189484126984127,0.06349206349206349,0.07142857142857142,0.07936507936507936,0.07936507936507936,0.11320754716981132,0.1105121293800539,0.1078167115902965,0.18253968253968253,0.23015873015873015,0.047619047619047616,0.0873015873015873,0.4523809523809524,
r2__clipb16__mean__seed20260905,clip,R2,clipb16,mean,10.0,4,353,0.36009732360097324,0.6572237960339944,3.399787535410765,0.16076487252124647,3.560552407932011,0.6260623229461756,0.6288951841359773,0.6373937677053825,0.6458923512747875,0.3863432165318958,0.3863432165318958,0.3836477987421384,0.06515580736543909,0.20113314447592068,0.025495750708215296,0.05099150141643059,0.6572237960339944,
r2__r18__gru128__seed20260903,prefix,R2,r18,gru128,10.0,0,69,0.051094890510948905,0.10144927536231885,9.01086956521739,0.5344202898550725,9.545289855072463,0.028985507246376812,0.028985507246376812,0.028985507246376812,0.028985507246376812,0.08445642407906559,0.08984725965858041,0.09703504043126684,0.10144927536231885,0.15942028985507245,0.391304347826087,0.17391304347826086,0.17391304347826086,
r2__r18__gru128__seed20260903,prefix,R2,r18,gru128,10.0,1,176,0.17274939172749393,0.22727272727272727,7.699573863636363,1.1221590909090908,8.821732954545455,0.07386363636363637,0.08522727272727272,0.10227272727272728,0.10795454545454546,0.16442048517520216,0.1778975741239892,0.16891284815813118,0.056818181818181816,0.22727272727272727,0.14772727272727273,0.21022727272727273,0.35795454545454547,
r2__r18__gru128__seed20260903,prefix,R2,r18,gru128,10.0,2,389,0.2846715328467153,0.41131105398457585,6.004820051413882,0.9987146529562982,7.00353470437018,0.2236503856041131,0.2390745501285347,0.27249357326478146,0.2930591259640103,0.25965858041329737,0.2560646900269542,0.2578616352201258,0.15167095115681234,0.13881748071979436,0.41131105398457585,0.17737789203084833,0.12082262210796915,
r2__r18__gru128__seed20260903,prefix,R2,r18,gru128,10.0,3,126,0.13138686131386862,0.11904761904761904,8.8125,0.5882936507936508,9.40079365079365,0.023809523809523808,0.03968253968253968,0.047619047619047616,0.047619047619047616,0.14555256064690028,0.13836477987421383,0.1545372866127583,0.10317460317460317,0.2222222222222222,0.2222222222222222,0.11904761904761904,0.3333333333333333,
r2__r18__gru128__seed20260903,prefix,R2,r18,gru128,10.0,4,353,0.36009732360097324,0.5495750708215298,4.330382436260623,1.2103399433427762,5.540722379603399,0.3881019830028329,0.40793201133144474,0.4164305949008499,0.43342776203966005,0.34591194968553457,0.33782569631626236,0.3216531895777179,0.053824362606232294,0.1558073654390935,0.13031161473087818,0.11048158640226628,0.5495750708215298,
r2__r18__gru128__seed20260904,prefix,R2,r18,gru128,10.0,0,69,0.051094890510948905,0.21739130434782608,7.61231884057971,0.7952898550724637,8.407608695652174,0.11594202898550725,0.13043478260869565,0.14492753623188406,0.15942028985507245,0.17699910152740342,0.18508535489667566,0.1976639712488769,0.21739130434782608,0.15942028985507245,0.3333333333333333,0.14492753623188406,0.14492753623188406,
r2__r18__gru128__seed20260904,prefix,R2,r18,gru128,10.0,1,176,0.17274939172749393,0.20454545454545456,7.613636363636363,1.3309659090909092,8.944602272727273,0.056818181818181816,0.056818181818181816,0.07954545454545454,0.10795454545454546,0.15902964959568733,0.16891284815813118,0.16891284815813118,0.1534090909090909,0.20454545454545456,0.14772727272727273,0.17613636363636365,0.3181818181818182,
r2__r18__gru128__seed20260904,prefix,R2,r18,gru128,10.0,2,389,0.2846715328467153,0.31876606683804626,6.874678663239075,1.1616323907455013,8.036311053984576,0.13624678663239073,0.14395886889460155,0.16709511568123395,0.18251928020565553,0.21114106019766396,0.20305480682839172,0.215633423180593,0.3033419023136247,0.11311053984575835,0.31876606683804626,0.16709511568123395,0.09768637532133675,
r2__r18__gru128__seed20260904,prefix,R2,r18,gru128,10.0,3,126,0.13138686131386862,0.11904761904761904,8.762896825396826,0.6458333333333334,9.408730158730158,0.03968253968253968,0.03968253968253968,0.03968253968253968,0.047619047619047616,0.14106019766397124,0.1509433962264151,0.14555256064690028,0.1984126984126984,0.20634920634920634,0.1746031746031746,0.11904761904761904,0.30158730158730157,
r2__r18__gru128__seed20260904,prefix,R2,r18,gru128,10.0,4,353,0.36009732360097324,0.45609065155807366,5.093130311614731,1.651558073654391,6.7446883852691215,0.2719546742209632,0.2776203966005666,0.29461756373937675,0.31728045325779036,0.31176999101527403,0.2920035938903863,0.2722371967654987,0.09915014164305949,0.20113314447592068,0.1274787535410765,0.11614730878186968,0.45609065155807366,
r2__r18__gru128__seed20260905,prefix,R2,r18,gru128,10.0,0,69,0.051094890510948905,0.08695652173913043,8.784420289855072,0.5344202898550725,9.318840579710145,0.057971014492753624,0.057971014492753624,0.057971014492753624,0.07246376811594203,0.0853548966756514,0.08984725965858041,0.09074573225516622,0.08695652173913043,0.21739130434782608,0.2898550724637681,0.15942028985507245,0.2463768115942029,
r2__r18__gru128__seed20260905,prefix,R2,r18,gru128,10.0,1,176,0.17274939172749393,0.24431818181818182,7.551136363636363,0.6924715909090909,8.243607954545455,0.14772727272727273,0.1534090909090909,0.16477272727272727,0.17045454545454544,0.16981132075471697,0.1734052111410602,0.17430368373764601,0.03409090909090909,0.24431818181818182,0.14772727272727273,0.11931818181818182,0.45454545454545453,
r2__r18__gru128__seed20260905,prefix,R2,r18,gru128,10.0,2,389,0.2846715328467153,0.3856041131105398,6.195694087403599,0.9453727506426736,7.141066838046273,0.2133676092544987,0.2236503856041131,0.2647814910025707,0.2750642673521851,0.23090745732255166,0.22641509433962265,0.23270440251572327,0.14652956298200515,0.15681233933161953,0.3856041131105398,0.15681233933161953,0.15424164524421594,
r2__r18__gru128__seed20260905,prefix,R2,r18,gru128,10.0,3,126,0.13138686131386862,0.1349206349206349,8.985119047619047,0.2896825396825397,9.274801587301587,0.031746031746031744,0.031746031746031744,0.05555555555555555,0.07142857142857142,0.11769991015274034,0.1275831087151842,0.12219227313566937,0.10317460317460317,0.19047619047619047,0.19047619047619047,0.1349206349206349,0.38095238095238093,
r2__r18__gru128__seed20260905,prefix,R2,r18,gru128,10.0,4,353,0.36009732360097324,0.6175637393767706,3.8438385269121813,0.9012039660056658,4.745042492917847,0.45325779036827196,0.4702549575070821,0.5014164305949008,0.5155807365439093,0.39622641509433965,0.38274932614555257,0.38005390835579517,0.053824362606232294,0.14447592067988668,0.11048158640226628,0.07365439093484419,0.6175637393767706,
r2__r18__gru512__seed20260903,prefix,R2,r18,gru512,10.0,0,69,0.051094890510948905,0.07246376811594203,9.297101449275363,0.06884057971014493,9.365942028985508,0.043478260869565216,0.057971014492753624,0.057971014492753624,0.057971014492753624,0.05211141060197664,0.06199460916442048,0.05929919137466307,0.07246376811594203,0.17391304347826086,0.2608695652173913,0.2028985507246377,0.2898550724637681,
r2__r18__gru512__seed20260903,prefix,R2,r18,gru512,10.0,1,176,0.17274939172749393,0.29545454545454547,6.9289772727272725,0.6392045454545454,7.568181818181818,0.18181818181818182,0.19318181818181818,0.22727272727272727,0.25,0.18867924528301888,0.215633423180593,0.20485175202156333,0.028409090909090908,0.29545454545454547,0.09659090909090909,0.1534090909090909,0.42613636363636365,
r2__r18__gru512__seed20260903,prefix,R2,r18,gru512,10.0,2,389,0.2846715328467153,0.3110539845758355,6.821658097686376,0.919344473007712,7.7410025706940875,0.17737789203084833,0.18251928020565553,0.20051413881748073,0.2159383033419023,0.20754716981132076,0.19227313566936208,0.18867924528301888,0.09768637532133675,0.18766066838046272,0.3110539845758355,0.15424164524421594,0.2493573264781491,
r2__r18__gru512__seed20260903,prefix,R2,r18,gru512,10.0,3,126,0.13138686131386862,0.14285714285714285,8.903769841269842,0.2371031746031746,9.140873015873016,0.06349206349206349,0.06349206349206349,0.06349206349206349,0.07142857142857142,0.13746630727762804,0.11859838274932614,0.13387241689128482,0.0873015873015873,0.21428571428571427,0.15079365079365079,0.14285714285714285,0.40476190476190477,
r2__r18__gru512__seed20260903,prefix,R2,r18,gru512,10.0,4,353,0.36009732360097324,0.6147308781869688,3.8176345609065154,0.6242917847025495,4.441926345609065,0.5127478753541076,0.5184135977337111,0.5354107648725213,0.5524079320113314,0.4141958670260557,0.4115004492362983,0.4132973944294699,0.019830028328611898,0.1813031161473088,0.09915014164305949,0.08498583569405099,0.6147308781869688,
r2__r18__gru512__seed20260904,prefix,R2,r18,gru512,10.0,0,69,0.051094890510948905,0.08695652173913043,9.284420289855072,0.13405797101449277,9.418478260869565,0.043478260869565216,0.043478260869565216,0.043478260869565216,0.057971014492753624,0.06828391734052111,0.07547169811320754,0.07816711590296496,0.08695652173913043,0.15942028985507245,0.3333333333333333,0.18840579710144928,0.2318840579710145,
r2__r18__gru512__seed20260904,prefix,R2,r18,gru512,10.0,1,176,0.17274939172749393,0.18181818181818182,8.139914772727273,0.4971590909090909,8.637073863636363,0.10795454545454546,0.10795454545454546,0.11363636363636363,0.13068181818181818,0.14195867026055706,0.14375561545372867,0.13387241689128482,0.045454545454545456,0.18181818181818182,0.11363636363636363,0.17045454545454544,0.48863636363636365,
r2__r18__gru512__seed20260904,prefix,R2,r18,gru512,10.0,2,389,0.2846715328467153,0.3341902313624679,6.453727506426735,0.7866323907455013,7.240359897172237,0.2262210796915167,0.2442159383033419,0.2647814910025707,0.26735218508997427,0.22911051212938005,0.20305480682839172,0.20575022461814915,0.13367609254498714,0.11311053984575835,0.3341902313624679,0.18766066838046272,0.23136246786632392,
r2__r18__gru512__seed20260904,prefix,R2,r18,gru512,10.0,3,126,0.13138686131386862,0.14285714285714285,8.579365079365079,0.41964285714285715,8.999007936507937,0.0873015873015873,0.0873015873015873,0.0873015873015873,0.09523809523809523,0.14195867026055706,0.1509433962264151,0.1545372866127583,0.1111111111111111,0.14285714285714285,0.1746031746031746,0.14285714285714285,0.42857142857142855,
r2__r18__gru512__seed20260904,prefix,R2,r18,gru512,10.0,4,353,0.36009732360097324,0.6515580736543909,3.63314447592068,0.313385269121813,3.946529745042493,0.5580736543909348,0.5609065155807366,0.5920679886685553,0.6118980169971672,0.41868823000898475,0.42677448337825696,0.4276729559748428,0.019830028328611898,0.12464589235127478,0.09631728045325778,0.10764872521246459,0.6515580736543909,
r2__r18__gru512__seed20260905,prefix,R2,r18,gru512,10.0,0,69,0.051094890510948905,0.2028985507246377,7.715579710144928,0.6141304347826086,8.329710144927537,0.14492753623188406,0.14492753623188406,0.15942028985507245,0.15942028985507245,0.1752021563342318,0.1725067385444744,0.18598382749326145,0.2028985507246377,0.08695652173913043,0.42028985507246375,0.11594202898550725,0.17391304347826086,
r2__r18__gru512__seed20260905,prefix,R2,r18,gru512,10.0,1,176,0.17274939172749393,0.19318181818181818,8.083806818181818,0.9673295454545454,9.051136363636363,0.03409090909090909,0.05113636363636364,0.06818181818181818,0.08522727272727272,0.12039532794249776,0.1302785265049416,0.13117699910152741,0.13068181818181818,0.19318181818181818,0.13636363636363635,0.2215909090909091,0.3181818181818182,
r2__r18__gru512__seed20260905,prefix,R2,r18,gru512,10.0,2,389,0.2846715328467153,0.34190231362467866,6.610539845758355,1.0179948586118253,7.62853470437018,0.18251928020565553,0.18766066838046272,0.21079691516709512,0.23393316195372751,0.20934411500449238,0.21203953279424978,0.215633423180593,0.2879177377892031,0.08997429305912596,0.34190231362467866,0.19023136246786632,0.08997429305912596,
r2__r18__gru512__seed20260905,prefix,R2,r18,gru512,10.0,3,126,0.13138686131386862,0.14285714285714285,8.493055555555555,0.6170634920634921,9.110119047619047,0.07142857142857142,0.07142857142857142,0.07936507936507936,0.0873015873015873,0.16711590296495957,0.16621743036837378,0.16352201257861634,0.1984126984126984,0.15873015873015872,0.15079365079365079,0.14285714285714285,0.3492063492063492,
r2__r18__gru512__seed20260905,prefix,R2,r18,gru512,10.0,4,353,0.36009732360097324,0.5410764872521246,4.401912181303116,1.3505665722379603,5.752478753541077,0.35127478753541075,0.3626062322946176,0.3909348441926346,0.4192634560906516,0.3279424977538185,0.3189577717879605,0.3036837376460018,0.09348441926345609,0.14447592067988668,0.09915014164305949,0.12181303116147309,0.5410764872521246,
r2__r18__mean__seed20260903,clip,R2,r18,mean,10.0,0,69,0.051094890510948905,0.11594202898550725,8.519927536231885,0.32065217391304346,8.840579710144928,0.11594202898550725,0.11594202898550725,0.11594202898550725,0.11594202898550725,0.14195867026055706,0.13836477987421383,0.1347708894878706,0.11594202898550725,0.15942028985507245,0.36231884057971014,0.18840579710144928,0.17391304347826086,
r2__r18__mean__seed20260903,clip,R2,r18,mean,10.0,1,176,0.17274939172749393,0.20454545454545456,8.093039772727273,0.07883522727272728,8.171875,0.1590909090909091,0.16477272727272727,0.17045454545454544,0.1875,0.1509433962264151,0.16352201257861634,0.15902964959568733,0.08522727272727272,0.20454545454545456,0.13068181818181818,0.16477272727272727,0.4147727272727273,
r2__r18__mean__seed20260903,clip,R2,r18,mean,10.0,2,389,0.2846715328467153,0.3341902313624679,6.885282776349614,0.15616966580976863,7.041452442159383,0.2596401028277635,0.27249357326478146,0.2827763496143959,0.2982005141388175,0.17969451931716082,0.19137466307277629,0.20125786163522014,0.20051413881748073,0.15938303341902313,0.3341902313624679,0.15167095115681234,0.15424164524421594,
r2__r18__mean__seed20260903,clip,R2,r18,mean,10.0,3,126,0.13138686131386862,0.11904761904761904,8.614087301587302,0.2490079365079365,8.863095238095237,0.10317460317460317,0.10317460317460317,0.1111111111111111,0.11904761904761904,0.14106019766397124,0.14195867026055706,0.13656783468104222,0.20634920634920634,0.16666666666666666,0.12698412698412698,0.11904761904761904,0.38095238095238093,
r2__r18__mean__seed20260903,clip,R2,r18,mean,10.0,4,353,0.36009732360097324,0.6147308781869688,3.9543201133144477,0.12889518413597734,4.083215297450425,0.5779036827195467,0.5779036827195467,0.5807365439093485,0.5835694050991501,0.3863432165318958,0.36477987421383645,0.3683737646001797,0.06515580736543909,0.13314447592067988,0.08498583569405099,0.10198300283286119,0.6147308781869688,
r2__r18__mean__seed20260904,clip,R2,r18,mean,10.0,0,69,0.051094890510948905,0.30434782608695654,6.88768115942029,0.32608695652173914,7.213768115942029,0.21739130434782608,0.2318840579710145,0.2898550724637681,0.2898550724637681,0.20035938903863432,0.20035938903863432,0.20035938903863432,0.30434782608695654,0.10144927536231885,0.2318840579710145,0.10144927536231885,0.2608695652173913,
r2__r18__mean__seed20260904,clip,R2,r18,mean,10.0,1,176,0.17274939172749393,0.1590909090909091,8.546164772727273,0.07954545454545454,8.625710227272727,0.11931818181818182,0.11931818181818182,0.13636363636363635,0.13636363636363635,0.11141060197663971,0.11320754716981132,0.11680143755615453,0.10227272727272728,0.1590909090909091,0.13068181818181818,0.16477272727272727,0.4431818181818182,
r2__r18__mean__seed20260904,clip,R2,r18,mean,10.0,2,389,0.2846715328467153,0.29048843187660667,7.111182519280206,0.22975578406169667,7.340938303341902,0.23136246786632392,0.2390745501285347,0.2570694087403599,0.2699228791773779,0.16442048517520216,0.16621743036837378,0.16891284815813118,0.32904884318766064,0.10539845758354756,0.29048843187660667,0.12596401028277635,0.14910025706940874,
r2__r18__mean__seed20260904,clip,R2,r18,mean,10.0,3,126,0.13138686131386862,0.14285714285714285,8.63888888888889,0.14384920634920634,8.782738095238095,0.10317460317460317,0.1111111111111111,0.1111111111111111,0.1111111111111111,0.11769991015274034,0.11859838274932614,0.11949685534591195,0.1984126984126984,0.11904761904761904,0.11904761904761904,0.14285714285714285,0.42063492063492064,
r2__r18__mean__seed20260904,clip,R2,r18,mean,10.0,4,353,0.36009732360097324,0.6572237960339944,3.398371104815864,0.22060906515580736,3.6189801699716715,0.6062322946175638,0.6118980169971672,0.6317280453257791,0.6373937677053825,0.40610961365678344,0.40161725067385445,0.394429469901168,0.08781869688385269,0.11048158640226628,0.059490084985835696,0.08498583569405099,0.6572237960339944,
r2__r18__mean__seed20260905,clip,R2,r18,mean,10.0,0,69,0.051094890510948905,0.18840579710144928,8.115942028985508,0.2554347826086957,8.371376811594203,0.11594202898550725,0.11594202898550725,0.15942028985507245,0.17391304347826086,0.13926325247079965,0.13926325247079965,0.13836477987421383,0.18840579710144928,0.14492753623188406,0.37681159420289856,0.10144927536231885,0.18840579710144928,
r2__r18__mean__seed20260905,clip,R2,r18,mean,10.0,1,176,0.17274939172749393,0.22727272727272727,7.6399147727272725,0.23224431818181818,7.872159090909091,0.18181818181818182,0.19886363636363635,0.20454545454545456,0.2159090909090909,0.1509433962264151,0.15992812219227315,0.16442048517520216,0.07386363636363637,0.22727272727272727,0.10795454545454546,0.16477272727272727,0.42613636363636365,
r2__r18__mean__seed20260905,clip,R2,r18,mean,10.0,2,389,0.2846715328467153,0.30077120822622105,6.804948586118252,0.29370179948586117,7.098650385604113,0.2570694087403599,0.2699228791773779,0.2879177377892031,0.2930591259640103,0.1958670260557053,0.1931716082659479,0.19047619047619047,0.2262210796915167,0.15424164524421594,0.30077120822622105,0.15681233933161953,0.16195372750642673,
r2__r18__mean__seed20260905,clip,R2,r18,mean,10.0,3,126,0.13138686131386862,0.0873015873015873,9.19047619047619,0.06746031746031746,9.257936507936508,0.05555555555555555,0.05555555555555555,0.05555555555555555,0.07936507936507936,0.12398921832884097,0.12129380053908356,0.12578616352201258,0.1746031746031746,0.19047619047619047,0.14285714285714285,0.0873015873015873,0.40476190476190477,
r2__r18__mean__seed20260905,clip,R2,r18,mean,10.0,4,353,0.36009732360097324,0.6288951841359773,3.7326487252124645,0.1671388101983003,3.899787535410765,0.5807365439093485,0.5920679886685553,0.603399433427762,0.6090651558073654,0.389937106918239,0.3863432165318958,0.38095238095238093,0.05099150141643059,0.1388101983002833,0.0906515580736544,0.0906515580736544,0.6288951841359773,
trivial__majority,trivial,R1,none,trivial,10.0,0,69,0.051094890510948905,0.0,10.0,0.0,10.0,0.0,0.0,0.0,0.0,0.0,0.0,0.0,0.0,0.0,0.0,0.0,1.0,
trivial__majority,trivial,R1,none,trivial,10.0,1,176,0.17274939172749393,0.0,10.0,0.0,10.0,0.0,0.0,0.0,0.0,0.0,0.0,0.0,0.0,0.0,0.0,0.0,1.0,
trivial__majority,trivial,R1,none,trivial,10.0,2,389,0.2846715328467153,0.0,10.0,0.0,10.0,0.0,0.0,0.0,0.0,0.0,0.0,0.0,0.0,0.0,0.0,0.0,1.0,
trivial__majority,trivial,R1,none,trivial,10.0,3,126,0.13138686131386862,0.0,10.0,0.0,10.0,0.0,0.0,0.0,0.0,0.0,0.0,0.0,0.0,0.0,0.0,0.0,1.0,
trivial__majority,trivial,R1,none,trivial,10.0,4,353,0.36009732360097324,1.0,0.0,0.0,0.0,1.0,1.0,1.0,1.0,1.0,1.0,1.0,0.0,0.0,0.0,0.0,1.0,
trivial__random,trivial,R1,none,trivial,10.0,0,69,0.051094890510948905,0.2608695652173913,7.9728260869565215,1.9619565217391304,9.934782608695652,0.0,0.0,0.0,0.0,0.20754716981132076,0.20485175202156333,0.20664869721473494,0.2608695652173913,0.21739130434782608,0.13043478260869565,0.2608695652173913,0.13043478260869565,
trivial__random,trivial,R1,none,trivial,10.0,1,176,0.17274939172749393,0.2159090909090909,8.012784090909092,1.9488636363636365,9.961647727272727,0.0,0.0,0.0,0.0,0.16531895777178796,0.1778975741239892,0.21024258760107817,0.21022727272727273,0.2159090909090909,0.17613636363636365,0.19886363636363635,0.19886363636363635,
trivial__random,trivial,R1,none,trivial,10.0,2,389,0.2846715328467153,0.2159383033419023,7.969473007712082,1.9938946015424164,9.9633676092545,0.0,0.0,0.0,0.0,0.20035938903863432,0.2192273135669362,0.1949685534591195,0.2185089974293059,0.20308483290488433,0.2159383033419023,0.20565552699228792,0.15681233933161953,
trivial__random,trivial,R1,none,trivial,10.0,3,126,0.13138686131386862,0.15079365079365079,7.933531746031746,2.0456349206349205,9.979166666666666,0.0,0.0,0.0,0.0,0.20844564240790656,0.18867924528301888,0.20035938903863432,0.1984126984126984,0.23015873015873015,0.19047619047619047,0.15079365079365079,0.23015873015873015,
trivial__random,trivial,R1,none,trivial,10.0,4,353,0.36009732360097324,0.21246458923512748,8.042138810198301,1.9235127478753542,9.965651558073654,0.0,0.0,0.0,0.0,0.2183288409703504,0.20934411500449238,0.18778077268643306,0.18413597733711048,0.20679886685552407,0.1954674220963173,0.20113314447592068,0.21246458923512748,
clip__r18mean__seed20260903,clip,R1,r18,mean,4.0,0,80,0.051094890510948905,0.0875,3.575,0.075,3.65,0.0875,0.0875,0.0875,,0.07078313253012049,,,0.0875,0.1,0.4625,0.1,0.25,0.07153614457831325
clip__r18mean__seed20260903,clip,R1,r18,mean,4.0,1,210,0.17274939172749393,0.22380952380952382,3.191666666666667,0.034523809523809526,3.2261904761904763,0.15714285714285714,0.17142857142857143,0.21904761904761905,,0.12198795180722892,,,0.04285714285714286,0.22380952380952382,0.14761904761904762,0.10476190476190476,0.48095238095238096,0.1280120481927711
clip__r18mean__seed20260903,clip,R1,r18,mean,4.0,2,446,0.2846715328467153,0.4641255605381166,2.1345291479820627,0.07118834080717489,2.2057174887892375,0.4282511210762332,0.437219730941704,0.45964125560538116,,0.26581325301204817,,,0.11659192825112108,0.12556053811659193,0.4641255605381166,0.10538116591928251,0.18834080717488788,0.2680722891566265
clip__r18mean__seed20260903,clip,R1,r18,mean,4.0,3,154,0.13138686131386862,0.07792207792207792,3.7021103896103895,0.003246753246753247,3.705357142857143,0.05844155844155844,0.07142857142857142,0.07792207792207792,,0.07605421686746988,,,0.08441558441558442,0.09090909090909091,0.22727272727272727,0.07792207792207792,0.5194805194805194,0.08132530120481928
clip__r18mean__seed20260903,clip,R1,r18,mean,4.0,4,438,0.36009732360097324,0.7168949771689498,1.1287100456621004,0.023401826484018264,1.1521118721461188,0.6963470319634704,0.7077625570776256,0.7168949771689498,,0.46536144578313254,,,0.0319634703196347,0.10273972602739725,0.1050228310502283,0.04337899543378995,0.7168949771689498,0.4510542168674699
clip__r18mean__seed20260904,clip,R1,r18,mean,4.0,0,80,0.051094890510948905,0.05,3.7203125,0.0796875,3.8,0.05,0.05,0.05,,0.05798192771084337,,,0.05,0.1,0.4375,0.1625,0.25,0.06852409638554217
clip__r18mean__seed20260904,clip,R1,r18,mean,4.0,1,210,0.17274939172749393,0.13333333333333333,3.457738095238095,0.06369047619047619,3.5214285714285714,0.11428571428571428,0.11428571428571428,0.12380952380952381,,0.1091867469879518,,,0.0380952380952381,0.13333333333333333,0.16666666666666666,0.12380952380952381,0.5380952380952381,0.10768072289156627
clip__r18mean__seed20260904,clip,R1,r18,mean,4.0,2,446,0.2846715328467153,0.437219730941704,2.2435538116591927,0.04624439461883408,2.289798206278027,0.4147982062780269,0.4192825112107623,0.4327354260089686,,0.2575301204819277,,,0.12780269058295965,0.11434977578475336,0.437219730941704,0.11659192825112108,0.2040358744394619,0.2628012048192771
clip__r18mean__seed20260904,clip,R1,r18,mean,4.0,3,154,0.13138686131386862,0.05194805194805195,3.7256493506493507,0.08441558441558442,3.810064935064935,0.03896103896103896,0.045454545454545456,0.05194805194805195,,0.08960843373493976,,,0.08441558441558442,0.07792207792207792,0.24025974025974026,0.05194805194805195,0.5454545454545454,0.0911144578313253
clip__r18mean__seed20260904,clip,R1,r18,mean,4.0,4,438,0.36009732360097324,0.7214611872146118,1.101027397260274,0.03767123287671233,1.1386986301369864,0.7031963470319634,0.7100456621004566,0.7214611872146118,,0.48569277108433734,,,0.02054794520547945,0.1004566210045662,0.10730593607305935,0.0502283105022831,0.7214611872146118,0.46987951807228917
clip__r18mean__seed20260905,clip,R1,r18,mean,4.0,0,80,0.051094890510948905,0.0375,3.85,0.0,3.85,0.0375,0.0375,0.0375,,0.061746987951807226,,,0.0375,0.1625,0.475,0.05,0.275,0.0677710843373494
clip__r18mean__seed20260905,clip,R1,r18,mean,4.0,1,210,0.17274939172749393,0.14285714285714285,3.4148809523809525,0.06488095238095239,3.479761904761905,0.12380952380952381,0.12380952380952381,0.13333333333333333,,0.09713855421686747,,,0.05714285714285714,0.14285714285714285,0.13333333333333333,0.12380952380952381,0.5428571428571428,0.10466867469879518
clip__r18mean__seed20260905,clip,R1,r18,mean,4.0,2,446,0.2846715328467153,0.4820627802690583,2.06109865470852,0.04624439461883408,2.1073430493273544,0.45739910313901344,0.4641255605381166,0.4820627802690583,,0.26581325301204817,,,0.11883408071748879,0.09865470852017937,0.4820627802690583,0.08071748878923767,0.21973094170403587,0.26957831325301207
clip__r18mean__seed20260905,clip,R1,r18,mean,4.0,3,154,0.13138686131386862,0.07792207792207792,3.7248376623376624,0.01461038961038961,3.739448051948052,0.045454545454545456,0.06493506493506493,0.07142857142857142,,0.08283132530120482,,,0.07792207792207792,0.1038961038961039,0.24025974025974026,0.07792207792207792,0.5,0.08057228915662651
clip__r18mean__seed20260905,clip,R1,r18,mean,4.0,4,438,0.36009732360097324,0.7374429223744292,1.072203196347032,0.039098173515981736,1.1113013698630136,0.7146118721461188,0.7146118721461188,0.726027397260274,,0.4924698795180723,,,0.0228310502283105,0.0821917808219178,0.091324200913242,0.06621004566210045,0.7374429223744292,0.47740963855421686
prefix__gru128__seed20260903,prefix,R1,r18,gru128,4.0,0,80,0.051094890510948905,0.0375,3.7984375,0.1421875,3.940625,0.0125,0.0125,0.0125,,0.050451807228915665,,,0.0375,0.075,0.5875,0.05,0.25,0.05948795180722891
prefix__gru128__seed20260903,prefix,R1,r18,gru128,4.0,1,210,0.17274939172749393,0.1761904761904762,3.319642857142857,0.2494047619047619,3.5690476190476192,0.06190476190476191,0.08095238095238096,0.12380952380952381,,0.10692771084337349,,,0.04285714285714286,0.1761904761904762,0.22857142857142856,0.14285714285714285,0.4095238095238095,0.10090361445783133
prefix__gru128__seed20260903,prefix,R1,r18,gru128,4.0,2,446,0.2846715328467153,0.5224215246636771,1.8539798206278026,0.3094170403587444,2.163396860986547,0.4080717488789238,0.437219730941704,0.4820627802690583,,0.3313253012048193,,,0.09865470852017937,0.12556053811659193,0.5224215246636771,0.10538116591928251,0.14798206278026907,0.34262048192771083
prefix__gru128__seed20260903,prefix,R1,r18,gru128,4.0,3,154,0.13138686131386862,0.05844155844155844,3.637175324675325,0.15584415584415584,3.7930194805194803,0.03896103896103896,0.05194805194805195,0.05844155844155844,,0.09713855421686747,,,0.06493506493506493,0.09090909090909091,0.3051948051948052,0.05844155844155844,0.4805194805194805,0.09337349397590361
prefix__gru128__seed20260903,prefix,R1,r18,gru128,4.0,4,438,0.36009732360097324,0.6621004566210046,1.3724315068493151,0.2608447488584475,1.6332762557077625,0.5502283105022832,0.5684931506849316,0.6073059360730594,,0.4141566265060241,,,0.02968036529680365,0.04794520547945205,0.182648401826484,0.0776255707762557,0.6621004566210046,0.4036144578313253
prefix__gru128__seed20260904,prefix,R1,r18,gru128,4.0,0,80,0.051094890510948905,0.1125,3.565625,0.178125,3.74375,0.0375,0.05,0.075,,0.10692771084337349,,,0.1125,0.2125,0.45,0.0625,0.1625,0.10768072289156627
prefix__gru128__seed20260904,prefix,R1,r18,gru128,4.0,1,210,0.17274939172749393,0.18095238095238095,3.2976190476190474,0.3,3.5976190476190477,0.06666666666666667,0.08095238095238096,0.11428571428571428,,0.11897590361445783,,,0.06190476190476191,0.18095238095238095,0.24285714285714285,0.1,0.4142857142857143,0.12198795180722892
prefix__gru128__seed20260904,prefix,R1,r18,gru128,4.0,2,446,0.2846715328467153,0.5,1.9599215246636772,0.2945627802690583,2.254484304932735,0.3789237668161435,0.4125560538116592,0.45964125560538116,,0.3079819277108434,,,0.17488789237668162,0.12331838565022421,0.5,0.06053811659192825,0.1412556053811659,0.3253012048192771
prefix__gru128__seed20260904,prefix,R1,r18,gru128,4.0,3,154,0.13138686131386862,0.08441558441558442,3.669642857142857,0.12987012987012986,3.799512987012987,0.03896103896103896,0.03896103896103896,0.05844155844155844,,0.07454819277108433,,,0.09090909090909091,0.13636363636363635,0.2662337662337662,0.08441558441558442,0.42207792207792205,0.06626506024096386
prefix__gru128__seed20260904,prefix,R1,r18,gru128,4.0,4,438,0.36009732360097324,0.6278538812785388,1.4583333333333333,0.3087899543378995,1.7671232876712328,0.5182648401826484,0.5319634703196348,0.5799086757990868,,0.39156626506024095,,,0.06621004566210045,0.07077625570776255,0.18493150684931506,0.0502283105022831,0.6278538812785388,0.37876506024096385
prefix__gru128__seed20260905,prefix,R1,r18,gru128,4.0,0,80,0.051094890510948905,0.0875,3.5859375,0.1828125,3.76875,0.0375,0.05,0.0625,,0.06099397590361446,,,0.0875,0.1875,0.4375,0.0625,0.225,0.06475903614457831
prefix__gru128__seed20260905,prefix,R1,r18,gru128,4.0,1,210,0.17274939172749393,0.21428571428571427,3.1113095238095236,0.36488095238095236,3.4761904761904763,0.09047619047619047,0.11428571428571428,0.13333333333333333,,0.1355421686746988,,,0.03333333333333333,0.21428571428571427,0.2,0.1,0.4523809523809524,0.13328313253012047
prefix__gru128__seed20260905,prefix,R1,r18,gru128,4.0,2,446,0.2846715328467153,0.5381165919282511,1.8125,0.312780269058296,2.125280269058296,0.4013452914798206,0.4304932735426009,0.5067264573991032,,0.3072289156626506,,,0.11210762331838565,0.1031390134529148,0.5381165919282511,0.09192825112107623,0.1547085201793722,0.3245481927710843
prefix__gru128__seed20260905,prefix,R1,r18,gru128,4.0,3,154,0.13138686131386862,0.05194805194805195,3.7142857142857144,0.17126623376623376,3.885551948051948,0.01948051948051948,0.01948051948051948,0.032467532467532464,,0.07379518072289157,,,0.05844155844155844,0.16233766233766234,0.2987012987012987,0.05194805194805195,0.42857142857142855,0.07454819277108433
prefix__gru128__seed20260905,prefix,R1,r18,gru128,4.0,4,438,0.36009732360097324,0.6552511415525114,1.2813926940639269,0.2805365296803653,1.5619292237442923,0.5707762557077626,0.58675799086758,0.6301369863013698,,0.42243975903614456,,,0.02968036529680365,0.1050228310502283,0.1552511415525114,0.0547945205479452,0.6552511415525114,0.40286144578313254
prefix__gru512__seed20260903,prefix,R1,r18,gru512,4.0,0,80,0.051094890510948905,0.175,3.325,0.2203125,3.5453125,0.0625,0.0875,0.15,,0.10316265060240964,,,0.175,0.0875,0.3875,0.125,0.225,0.10542168674698796
prefix__gru512__seed20260903,prefix,R1,r18,gru512,4.0,1,210,0.17274939172749393,0.1380952380952381,3.419047619047619,0.27380952380952384,3.692857142857143,0.04285714285714286,0.05238095238095238,0.1,,0.09864457831325302,,,0.09047619047619047,0.1380952380952381,0.18571428571428572,0.1761904761904762,0.4095238095238095,0.09036144578313253
prefix__gru512__seed20260903,prefix,R1,r18,gru512,4.0,2,446,0.2846715328467153,0.4551569506726457,2.1760089686098656,0.3391255605381166,2.515134529147982,0.289237668161435,0.33183856502242154,0.4103139013452915,,0.2740963855421687,,,0.1681614349775785,0.09192825112107623,0.4551569506726457,0.1367713004484305,0.14798206278026907,0.2914156626506024
prefix__gru512__seed20260903,prefix,R1,r18,gru512,4.0,3,154,0.13138686131386862,0.09090909090909091,3.5430194805194803,0.1241883116883117,3.667207792207792,0.07792207792207792,0.07792207792207792,0.08441558441558442,,0.13704819277108435,,,0.09740259740259741,0.12337662337662338,0.2597402597402597,0.09090909090909091,0.42857142857142855,0.12424698795180723
prefix__gru512__seed20260903,prefix,R1,r18,gru512,4.0,4,438,0.36009732360097324,0.639269406392694,1.4492009132420092,0.2893835616438356,1.7385844748858448,0.5068493150684932,0.5319634703196348,0.5958904109589042,,0.3870481927710843,,,0.03881278538812785,0.0547945205479452,0.1689497716894977,0.09817351598173515,0.639269406392694,0.3885542168674699
prefix__gru512__seed20260904,prefix,R1,r18,gru512,4.0,0,80,0.051094890510948905,0.0875,3.61875,0.159375,3.778125,0.0375,0.05,0.0625,,0.05572289156626506,,,0.0875,0.175,0.4375,0.1375,0.1625,0.04743975903614458
prefix__gru512__seed20260904,prefix,R1,r18,gru512,4.0,1,210,0.17274939172749393,0.17142857142857143,3.281547619047619,0.25833333333333336,3.5398809523809525,0.08095238095238096,0.09047619047619047,0.12857142857142856,,0.12575301204819278,,,0.023809523809523808,0.17142857142857143,0.24285714285714285,0.1761904761904762,0.38571428571428573,0.12198795180722892
prefix__gru512__seed20260904,prefix,R1,r18,gru512,4.0,2,446,0.2846715328467153,0.5515695067264574,1.8181053811659194,0.28783632286995514,2.1059417040358746,0.4125560538116592,0.437219730941704,0.5044843049327354,,0.3433734939759036,,,0.08071748878923767,0.1031390134529148,0.5515695067264574,0.1210762331838565,0.14349775784753363,0.35918674698795183
prefix__gru512__seed20260904,prefix,R1,r18,gru512,4.0,3,154,0.13138686131386862,0.1038961038961039,3.4910714285714284,0.16233766233766234,3.653409090909091,0.07142857142857142,0.08441558441558442,0.08441558441558442,,0.12198795180722892,,,0.025974025974025976,0.15584415584415584,0.3246753246753247,0.1038961038961039,0.38961038961038963,0.11069277108433735
prefix__gru512__seed20260904,prefix,R1,r18,gru512,4.0,4,438,0.36009732360097324,0.5958904109589042,1.6652397260273972,0.2303082191780822,1.8955479452054795,0.4726027397260274,0.4954337899543379,0.5525114155251142,,0.35316265060240964,,,0.02511415525114155,0.0958904109589041,0.21689497716894976,0.06621004566210045,0.5958904109589042,0.36069277108433734
prefix__gru512__seed20260905,prefix,R1,r18,gru512,4.0,0,80,0.051094890510948905,0.05,3.78125,0.140625,3.921875,0.0,0.0125,0.025,,0.04442771084337349,,,0.05,0.25,0.3375,0.075,0.2875,0.043674698795180725
prefix__gru512__seed20260905,prefix,R1,r18,gru512,4.0,1,210,0.17274939172749393,0.2571428571428571,2.9422619047619047,0.30654761904761907,3.248809523809524,0.1523809523809524,0.15714285714285714,0.20476190476190476,,0.1905120481927711,,,0.01904761904761905,0.2571428571428571,0.12380952380952381,0.1761904761904762,0.4238095238095238,0.18072289156626506
prefix__gru512__seed20260905,prefix,R1,r18,gru512,4.0,2,446,0.2846715328467153,0.44170403587443946,2.226737668161435,0.25728699551569506,2.48402466367713,0.3183856502242152,0.35201793721973096,0.4080717488789238,,0.24623493975903615,,,0.07399103139013453,0.16367713004484305,0.44170403587443946,0.13004484304932734,0.1905829596412556,0.2522590361445783
prefix__gru512__seed20260905,prefix,R1,r18,gru512,4.0,3,154,0.13138686131386862,0.11038961038961038,3.564935064935065,0.09009740259740259,3.6550324675324677,0.06493506493506493,0.07142857142857142,0.09740259740259741,,0.11897590361445783,,,0.07792207792207792,0.21428571428571427,0.2012987012987013,0.11038961038961038,0.3961038961038961,0.11897590361445783
prefix__gru512__seed20260905,prefix,R1,r18,gru512,4.0,4,438,0.36009732360097324,0.636986301369863,1.4700342465753424,0.19577625570776255,1.6658105022831051,0.5388127853881278,0.5616438356164384,0.6050228310502284,,0.3998493975903614,,,0.01141552511415525,0.136986301369863,0.1232876712328767,0.091324200913242,0.636986301369863,0.40436746987951805
r2__clipb16__gru128__seed20260903,prefix,R2,clipb16,gru128,4.0,0,80,0.051094890510948905,0.35,2.4859375,0.1796875,2.665625,0.3,0.3375,0.3375,,0.1558734939759036,,,0.35,0.1375,0.35,0.05,0.1125,0.16265060240963855
r2__clipb16__gru128__seed20260903,prefix,R2,clipb16,gru128,4.0,1,210,0.17274939172749393,0.32857142857142857,2.5845238095238097,0.2636904761904762,2.8482142857142856,0.26666666666666666,0.2761904761904762,0.3,,0.2161144578313253,,,0.0761904761904762,0.32857142857142857,0.0761904761904762,0.13333333333333333,0.38571428571428573,0.21234939759036145
r2__clipb16__gru128__seed20260903,prefix,R2,clipb16,gru128,4.0,2,446,0.2846715328467153,0.32062780269058294,2.7135650224215246,0.2006726457399103,2.914237668161435,0.226457399103139,0.24439461883408073,0.29596412556053814,,0.16490963855421686,,,0.2713004484304933,0.16143497757847533,0.32062780269058294,0.10538116591928251,0.1412556053811659,0.1746987951807229
r2__clipb16__gru128__seed20260903,prefix,R2,clipb16,gru128,4.0,3,154,0.13138686131386862,0.07142857142857142,3.637987012987013,0.10146103896103896,3.739448051948052,0.06493506493506493,0.06493506493506493,0.06493506493506493,,0.10316265060240964,,,0.17532467532467533,0.2597402597402597,0.11688311688311688,0.07142857142857142,0.37662337662337664,0.08207831325301204
r2__clipb16__gru128__seed20260903,prefix,R2,clipb16,gru128,4.0,4,438,0.36009732360097324,0.634703196347032,1.4029680365296804,0.2508561643835616,1.653824200913242,0.545662100456621,0.5684931506849316,0.6027397260273972,,0.35993975903614456,,,0.0547945205479452,0.2054794520547945,0.06164383561643835,0.04337899543378995,0.634703196347032,0.3682228915662651
r2__clipb16__gru128__seed20260904,prefix,R2,clipb16,gru128,4.0,0,80,0.051094890510948905,0.5875,1.659375,0.2046875,1.8640625,0.5,0.525,0.55,,0.27936746987951805,,,0.5875,0.1125,0.1375,0.0625,0.1,0.28539156626506024
r2__clipb16__gru128__seed20260904,prefix,R2,clipb16,gru128,4.0,1,210,0.17274939172749393,0.319047619047619,2.6589285714285715,0.20833333333333334,2.8672619047619046,0.23809523809523808,0.2761904761904762,0.3,,0.1769578313253012,,,0.10952380952380952,0.319047619047619,0.07142857142857142,0.06666666666666667,0.43333333333333335,0.16490963855421686
r2__clipb16__gru128__seed20260904,prefix,R2,clipb16,gru128,4.0,2,446,0.2846715328467153,0.2085201793721973,3.1961883408071747,0.26317264573991034,3.459360986547085,0.08968609865470852,0.11434977578475336,0.15695067264573992,,0.11144578313253012,,,0.484304932735426,0.09417040358744394,0.2085201793721973,0.07623318385650224,0.1367713004484305,0.11295180722891567
r2__clipb16__gru128__seed20260904,prefix,R2,clipb16,gru128,4.0,3,154,0.13138686131386862,0.032467532467532464,3.8798701298701297,0.027597402597402596,3.9074675324675323,0.01948051948051948,0.01948051948051948,0.025974025974025976,,0.05421686746987952,,,0.2662337662337662,0.14935064935064934,0.07792207792207792,0.032467532467532464,0.474025974025974,0.05647590361445783
r2__clipb16__gru128__seed20260904,prefix,R2,clipb16,gru128,4.0,4,438,0.36009732360097324,0.6210045662100456,1.4991438356164384,0.2614155251141553,1.7605593607305936,0.5319634703196348,0.541095890410959,0.5730593607305936,,0.37801204819277107,,,0.1187214611872146,0.1780821917808219,0.04337899543378995,0.03881278538812785,0.6210045662100456,0.3802710843373494
r2__clipb16__gru128__seed20260905,prefix,R2,clipb16,gru128,4.0,0,80,0.051094890510948905,0.35,2.66875,0.23125,2.9,0.25,0.25,0.2875,,0.1566265060240964,,,0.35,0.1375,0.3,0.1,0.1125,0.16792168674698796
r2__clipb16__gru128__seed20260905,prefix,R2,clipb16,gru128,4.0,1,210,0.17274939172749393,0.2904761904761905,2.8714285714285714,0.2244047619047619,3.095833333333333,0.19047619047619047,0.21428571428571427,0.23809523809523808,,0.18674698795180722,,,0.0761904761904762,0.2904761904761905,0.06190476190476191,0.13333333333333333,0.4380952380952381,0.18674698795180722
r2__clipb16__gru128__seed20260905,prefix,R2,clipb16,gru128,4.0,2,446,0.2846715328467153,0.2623318385650224,2.8951793721973096,0.21440582959641255,3.1095852017937218,0.19282511210762332,0.2085201793721973,0.23542600896860988,,0.14683734939759036,,,0.29596412556053814,0.16143497757847533,0.2623318385650224,0.1210762331838565,0.1591928251121076,0.14156626506024098
r2__clipb16__gru128__seed20260905,prefix,R2,clipb16,gru128,4.0,3,154,0.13138686131386862,0.09090909090909091,3.6493506493506493,0.1525974025974026,3.801948051948052,0.03896103896103896,0.03896103896103896,0.05194805194805195,,0.10466867469879518,,,0.15584415584415584,0.22727272727272727,0.09090909090909091,0.09090909090909091,0.43506493506493504,0.09563253012048192
r2__clipb16__gru128__seed20260905,prefix,R2,clipb16,gru128,4.0,4,438,0.36009732360097324,0.6917808219178082,1.2097602739726028,0.1786529680365297,1.3884132420091324,0.6210045662100456,0.6415525114155252,0.6643835616438356,,0.40512048192771083,,,0.05251141552511415,0.15753424657534246,0.045662100456621,0.05251141552511415,0.6917808219178082,0.40813253012048195
r2__clipb16__gru512__seed20260903,prefix,R2,clipb16,gru512,4.0,0,80,0.051094890510948905,0.3375,2.690625,0.05,2.740625,0.2875,0.3,0.325,,0.11897590361445783,,,0.3375,0.175,0.275,0.0625,0.15,0.11521084337349398
r2__clipb16__gru512__seed20260903,prefix,R2,clipb16,gru512,4.0,1,210,0.17274939172749393,0.38095238095238093,2.447619047619048,0.06845238095238096,2.5160714285714287,0.36666666666666664,0.36666666666666664,0.37142857142857144,,0.24171686746987953,,,0.047619047619047616,0.38095238095238093,0.0761904761904762,0.0761904761904762,0.41904761904761906,0.24397590361445784
r2__clipb16__gru512__seed20260903,prefix,R2,clipb16,gru512,4.0,2,446,0.2846715328467153,0.289237668161435,2.834360986547085,0.12247757847533633,2.9568385650224216,0.2399103139013453,0.242152466367713,0.2757847533632287,,0.15286144578313254,,,0.20179372197309417,0.18834080717488788,0.289237668161435,0.12780269058295965,0.19282511210762332,0.15135542168674698
r2__clipb16__gru512__seed20260903,prefix,R2,clipb16,gru512,4.0,3,154,0.13138686131386862,0.07792207792207792,3.663961038961039,0.05844155844155844,3.7224025974025974,0.06493506493506493,0.06493506493506493,0.07142857142857142,,0.09864457831325302,,,0.11038961038961038,0.2987012987012987,0.07792207792207792,0.07792207792207792,0.43506493506493504,0.0783132530120482
r2__clipb16__gru512__seed20260903,prefix,R2,clipb16,gru512,4.0,4,438,0.36009732360097324,0.6689497716894978,1.3327625570776256,0.11187214611872145,1.4446347031963471,0.6095890410958904,0.6255707762557078,0.6529680365296804,,0.3878012048192771,,,0.02054794520547945,0.228310502283105,0.0502283105022831,0.0319634703196347,0.6689497716894978,0.411144578313253
r2__clipb16__gru512__seed20260904,prefix,R2,clipb16,gru512,4.0,0,80,0.051094890510948905,0.4375,2.16875,0.3859375,2.5546875,0.325,0.325,0.4125,,0.19126506024096385,,,0.4375,0.1125,0.1125,0.2,0.1375,0.20180722891566266
r2__clipb16__gru512__seed20260904,prefix,R2,clipb16,gru512,4.0,1,210,0.17274939172749393,0.23333333333333334,3.0148809523809526,0.24821428571428572,3.263095238095238,0.15714285714285714,0.1619047619047619,0.2,,0.1566265060240964,,,0.08095238095238096,0.23333333333333334,0.03333333333333333,0.3142857142857143,0.3380952380952381,0.16039156626506024
r2__clipb16__gru512__seed20260904,prefix,R2,clipb16,gru512,4.0,2,446,0.2846715328467153,0.17040358744394618,3.258968609865471,0.22309417040358745,3.4820627802690582,0.1031390134529148,0.11210762331838565,0.14349775784753363,,0.09036144578313253,,,0.3295964125560538,0.13004484304932734,0.17040358744394618,0.23766816143497757,0.13228699551569506,0.08960843373493976
r2__clipb16__gru512__seed20260904,prefix,R2,clipb16,gru512,4.0,3,154,0.13138686131386862,0.14285714285714285,3.4301948051948052,0.15422077922077923,3.5844155844155843,0.07792207792207792,0.09090909090909091,0.11688311688311688,,0.19653614457831325,,,0.19480519480519481,0.24675324675324675,0.06493506493506493,0.14285714285714285,0.35064935064935066,0.18900602409638553
r2__clipb16__gru512__seed20260904,prefix,R2,clipb16,gru512,4.0,4,438,0.36009732360097324,0.6438356164383562,1.3538812785388128,0.23687214611872145,1.5907534246575343,0.5616438356164384,0.58675799086758,0.6164383561643836,,0.36521084337349397,,,0.08904109589041095,0.13470319634703196,0.03881278538812785,0.09360730593607305,0.6438356164383562,0.35918674698795183
r2__clipb16__gru512__seed20260905,prefix,R2,clipb16,gru512,4.0,0,80,0.051094890510948905,0.325,2.8265625,0.0296875,2.85625,0.25,0.275,0.3,,0.09789156626506024,,,0.325,0.15,0.3125,0.0875,0.125,0.11370481927710843
r2__clipb16__gru512__seed20260905,prefix,R2,clipb16,gru512,4.0,1,210,0.17274939172749393,0.3380952380952381,2.6166666666666667,0.1529761904761905,2.7696428571428573,0.29523809523809524,0.3,0.319047619047619,,0.22515060240963855,,,0.02857142857142857,0.3380952380952381,0.09523809523809523,0.1,0.4380952380952381,0.19954819277108435
r2__clipb16__gru512__seed20260905,prefix,R2,clipb16,gru512,4.0,2,446,0.2846715328467153,0.3273542600896861,2.626681614349776,0.1992713004484305,2.825952914798206,0.2623318385650224,0.2757847533632287,0.3094170403587444,,0.18599397590361447,,,0.21300448430493274,0.15695067264573992,0.3273542600896861,0.12331838565022421,0.17937219730941703,0.17620481927710843
r2__clipb16__gru512__seed20260905,prefix,R2,clipb16,gru512,4.0,3,154,0.13138686131386862,0.07142857142857142,3.7175324675324677,0.017045454545454544,3.7345779220779223,0.06493506493506493,0.06493506493506493,0.06493506493506493,,0.09036144578313253,,,0.09740259740259741,0.2727272727272727,0.11038961038961038,0.07142857142857142,0.44805194805194803,0.08885542168674698
r2__clipb16__gru512__seed20260905,prefix,R2,clipb16,gru512,4.0,4,438,0.36009732360097324,0.7054794520547946,1.1957762557077625,0.10901826484018265,1.3047945205479452,0.6415525114155252,0.6529680365296804,0.6894977168949772,,0.4006024096385542,,,0.02054794520547945,0.1598173515981735,0.0593607305936073,0.0547945205479452,0.7054794520547946,0.42168674698795183
r2__clipb16__mean__seed20260903,clip,R2,clipb16,mean,4.0,0,80,0.051094890510948905,0.275,2.9578125,0.025,2.9828125,0.2375,0.2375,0.2625,,0.10617469879518072,,,0.275,0.1375,0.2625,0.1625,0.1625,0.11219879518072289
r2__clipb16__mean__seed20260903,clip,R2,clipb16,mean,4.0,1,210,0.17274939172749393,0.37142857142857144,2.4380952380952383,0.08154761904761905,2.5196428571428573,0.36666666666666664,0.36666666666666664,0.37142857142857144,,0.24171686746987953,,,0.05714285714285714,0.37142857142857144,0.08095238095238096,0.1380952380952381,0.3523809523809524,0.2311746987951807
r2__clipb16__mean__seed20260903,clip,R2,clipb16,mean,4.0,2,446,0.2846715328467153,0.26905829596412556,2.8814461883408073,0.07567264573991031,2.9571188340807173,0.24887892376681614,0.2533632286995516,0.2645739910313901,,0.1558734939759036,,,0.1860986547085202,0.18161434977578475,0.26905829596412556,0.19955156950672645,0.16367713004484305,0.1536144578313253
r2__clipb16__mean__seed20260903,clip,R2,clipb16,mean,4.0,3,154,0.13138686131386862,0.11038961038961038,3.582792207792208,0.028409090909090908,3.6112012987012987,0.07792207792207792,0.09090909090909091,0.1038961038961039,,0.13403614457831325,,,0.13636363636363635,0.2792207792207792,0.06493506493506493,0.11038961038961038,0.4090909090909091,0.13102409638554216
r2__clipb16__mean__seed20260903,clip,R2,clipb16,mean,4.0,4,438,0.36009732360097324,0.6187214611872146,1.5667808219178083,0.04908675799086758,1.6158675799086757,0.5684931506849316,0.5844748858447488,0.6095890410958904,,0.3621987951807229,,,0.02511415525114155,0.2146118721461187,0.0821917808219178,0.0593607305936073,0.6187214611872146,0.37198795180722893
r2__clipb16__mean__seed20260904,clip,R2,clipb16,mean,4.0,0,80,0.051094890510948905,0.4375,2.2375,0.0421875,2.2796875,0.425,0.425,0.4375,,0.18900602409638553,,,0.4375,0.1375,0.1875,0.0875,0.15,0.19728915662650603
r2__clipb16__mean__seed20260904,clip,R2,clipb16,mean,4.0,1,210,0.17274939172749393,0.3476190476190476,2.5892857142857144,0.05416666666666667,2.643452380952381,0.3238095238095238,0.32857142857142857,0.3476190476190476,,0.19352409638554216,,,0.08571428571428572,0.3476190476190476,0.05714285714285714,0.11904761904761904,0.3904761904761905,0.1980421686746988
r2__clipb16__mean__seed20260904,clip,R2,clipb16,mean,4.0,2,446,0.2846715328467153,0.21748878923766815,3.088004484304933,0.07455156950672645,3.162556053811659,0.2040358744394619,0.2062780269058296,0.21300448430493274,,0.12123493975903614,,,0.33856502242152464,0.14573991031390135,0.21748878923766815,0.1412556053811659,0.15695067264573992,0.11295180722891567
r2__clipb16__mean__seed20260904,clip,R2,clipb16,mean,4.0,3,154,0.13138686131386862,0.09740259740259741,3.6201298701298703,0.0,3.6201298701298703,0.08441558441558442,0.09090909090909091,0.09740259740259741,,0.1016566265060241,,,0.2077922077922078,0.22727272727272727,0.06493506493506493,0.09740259740259741,0.4025974025974026,0.09412650602409639
r2__clipb16__mean__seed20260904,clip,R2,clipb16,mean,4.0,4,438,0.36009732360097324,0.6894977168949772,1.2816780821917808,0.02711187214611872,1.3087899543378996,0.6529680365296804,0.6598173515981736,0.684931506849315,,0.39457831325301207,,,0.0593607305936073,0.18036529680365296,0.0365296803652968,0.03424657534246575,0.6894977168949772,0.39759036144578314
r2__clipb16__mean__seed20260905,clip,R2,clipb16,mean,4.0,0,80,0.051094890510948905,0.475,2.090625,0.009375,2.1,0.475,0.475,0.475,,0.22213855421686746,,,0.475,0.1375,0.1375,0.1375,0.1125,0.22665662650602408
r2__clipb16__mean__seed20260905,clip,R2,clipb16,mean,4.0,1,210,0.17274939172749393,0.3476190476190476,2.594047619047619,0.05773809523809524,2.6517857142857144,0.3238095238095238,0.3238095238095238,0.3476190476190476,,0.1927710843373494,,,0.07142857142857142,0.3476190476190476,0.05238095238095238,0.17142857142857143,0.35714285714285715,0.19201807228915663
r2__clipb16__mean__seed20260905,clip,R2,clipb16,mean,4.0,2,446,0.2846715328467153,0.17040358744394618,3.3018497757847536,0.05717488789237668,3.35902466367713,0.1547085201793722,0.15695067264573992,0.16591928251121077,,0.0963855421686747,,,0.4192825112107623,0.11434977578475336,0.17040358744394618,0.14349775784753363,0.15246636771300448,0.08960843373493976
r2__clipb16__mean__seed20260905,clip,R2,clipb16,mean,4.0,3,154,0.13138686131386862,0.09090909090909091,3.6055194805194803,0.06412337662337662,3.669642857142857,0.07142857142857142,0.07792207792207792,0.08441558441558442,,0.10692771084337349,,,0.2012987012987013,0.22077922077922077,0.07142857142857142,0.09090909090909091,0.4155844155844156,0.1091867469879518
r2__clipb16__mean__seed20260905,clip,R2,clipb16,mean,4.0,4,438,0.36009732360097324,0.6666666666666666,1.3424657534246576,0.031107305936073058,1.3735730593607305,0.6461187214611872,0.6529680365296804,0.6621004566210046,,0.3817771084337349,,,0.0684931506849315,0.1963470319634703,0.0228310502283105,0.045662100456621,0.6666666666666666,0.3825301204819277
r2__r18__gru128__seed20260903,prefix,R2,r18,gru128,4.0,0,80,0.051094890510948905,0.0875,3.6421875,0.1609375,3.803125,0.0375,0.0375,0.05,,0.08960843373493976,,,0.0875,0.1375,0.375,0.1625,0.2375,0.09337349397590361
r2__r18__gru128__seed20260903,prefix,R2,r18,gru128,4.0,1,210,0.17274939172749393,0.24285714285714285,2.9934523809523808,0.2845238095238095,3.2779761904761906,0.13333333333333333,0.15714285714285714,0.19047619047619047,,0.16415662650602408,,,0.06666666666666667,0.24285714285714285,0.1619047619047619,0.1761904761904762,0.3523809523809524,0.16716867469879518
r2__r18__gru128__seed20260903,prefix,R2,r18,gru128,4.0,2,446,0.2846715328467153,0.4192825112107623,2.31390134529148,0.2547645739910314,2.568665919282511,0.30493273542600896,0.3273542600896861,0.3834080717488789,,0.2703313253012048,,,0.14798206278026907,0.15022421524663676,0.4192825112107623,0.16591928251121077,0.11659192825112108,0.26430722891566266
r2__r18__gru128__seed20260903,prefix,R2,r18,gru128,4.0,3,154,0.13138686131386862,0.09090909090909091,3.5113636363636362,0.23782467532467533,3.749188311688312,0.032467532467532464,0.05194805194805195,0.07142857142857142,,0.1408132530120482,,,0.11688311688311688,0.2077922077922078,0.21428571428571427,0.09090909090909091,0.37012987012987014,0.1378012048192771
r2__r18__gru128__seed20260903,prefix,R2,r18,gru128,4.0,4,438,0.36009732360097324,0.5616438356164384,1.7771118721461188,0.2845319634703196,2.0616438356164384,0.4337899543378995,0.4589041095890411,0.5091324200913242,,0.33509036144578314,,,0.04337899543378995,0.13926940639269406,0.15296803652968036,0.10273972602739725,0.5616438356164384,0.3373493975903614
r2__r18__gru128__seed20260904,prefix,R2,r18,gru128,4.0,0,80,0.051094890510948905,0.2375,2.996875,0.275,3.271875,0.1375,0.1625,0.2,,0.18072289156626506,,,0.2375,0.2125,0.275,0.1125,0.1625,0.19201807228915663
r2__r18__gru128__seed20260904,prefix,R2,r18,gru128,4.0,1,210,0.17274939172749393,0.2619047619047619,3.0619047619047617,0.3636904761904762,3.425595238095238,0.09523809523809523,0.1,0.16666666666666666,,0.15737951807228914,,,0.11428571428571428,0.2619047619047619,0.15714285714285714,0.1761904761904762,0.2904761904761905,0.16265060240963855
r2__r18__gru128__seed20260904,prefix,R2,r18,gru128,4.0,2,446,0.2846715328467153,0.31390134529147984,2.6390134529147984,0.3895739910313901,3.028587443946188,0.19282511210762332,0.21524663677130046,0.26905829596412556,,0.22063253012048192,,,0.2937219730941704,0.10762331838565023,0.31390134529147984,0.18161434977578475,0.1031390134529148,0.20783132530120482
r2__r18__gru128__seed20260904,prefix,R2,r18,gru128,4.0,3,154,0.13138686131386862,0.11688311688311688,3.5267857142857144,0.1590909090909091,3.6858766233766236,0.07142857142857142,0.07142857142857142,0.08441558441558442,,0.13629518072289157,,,0.22727272727272727,0.17532467532467533,0.18181818181818182,0.11688311688311688,0.2987012987012987,0.1460843373493976
r2__r18__gru128__seed20260904,prefix,R2,r18,gru128,4.0,4,438,0.36009732360097324,0.5045662100456622,2.0108447488584473,0.3650114155251142,2.3758561643835616,0.3470319634703196,0.363013698630137,0.4383561643835616,,0.3049698795180723,,,0.1050228310502283,0.15753424657534246,0.12100456621004566,0.11187214611872145,0.5045662100456622,0.2914156626506024
r2__r18__gru128__seed20260905,prefix,R2,r18,gru128,4.0,0,80,0.051094890510948905,0.1,3.5578125,0.1109375,3.66875,0.075,0.075,0.0875,,0.0858433734939759,,,0.1,0.175,0.3,0.1375,0.2875,0.08659638554216867
r2__r18__gru128__seed20260905,prefix,R2,r18,gru128,4.0,1,210,0.17274939172749393,0.26666666666666666,2.973809523809524,0.1494047619047619,3.1232142857142855,0.18571428571428572,0.19523809523809524,0.23809523809523808,,0.1664156626506024,,,0.047619047619047616,0.26666666666666666,0.14285714285714285,0.10952380952380952,0.43333333333333335,0.1694277108433735
r2__r18__gru128__seed20260905,prefix,R2,r18,gru128,4.0,2,446,0.2846715328467153,0.4013452914798206,2.390134529147982,0.27214125560538116,2.6622757847533634,0.27802690582959644,0.29596412556053814,0.36995515695067266,,0.24397590361445784,,,0.1412556053811659,0.14349775784753363,0.4013452914798206,0.15246636771300448,0.16143497757847533,0.24849397590361447
r2__r18__gru128__seed20260905,prefix,R2,r18,gru128,4.0,3,154,0.13138686131386862,0.07142857142857142,3.689935064935065,0.11201298701298701,3.801948051948052,0.032467532467532464,0.032467532467532464,0.06493506493506493,,0.11295180722891567,,,0.11688311688311688,0.16233766233766234,0.22727272727272727,0.07142857142857142,0.42207792207792205,0.11370481927710843
r2__r18__gru128__seed20260905,prefix,R2,r18,gru128,4.0,4,438,0.36009732360097324,0.5844748858447488,1.6030251141552512,0.2611301369863014,1.8641552511415524,0.4840182648401826,0.5068493150684932,0.5547945205479452,,0.39081325301204817,,,0.0365296803652968,0.1506849315068493,0.1415525114155251,0.0867579908675799,0.5844748858447488,0.3817771084337349
r2__r18__gru512__seed20260903,prefix,R2,r18,gru512,4.0,0,80,0.051094890510948905,0.05,3.75,0.0515625,3.8015625,0.0375,0.05,0.05,,0.053463855421686746,,,0.05,0.2,0.2875,0.175,0.2875,0.054969879518072286
r2__r18__gru512__seed20260903,prefix,R2,r18,gru512,4.0,1,210,0.17274939172749393,0.3380952380952381,2.705952380952381,0.16845238095238096,2.8744047619047617,0.23809523809523808,0.24761904761904763,0.3142857142857143,,0.19427710843373494,,,0.023809523809523808,0.3380952380952381,0.11428571428571428,0.10952380952380952,0.4142857142857143,0.21385542168674698
r2__r18__gru512__seed20260903,prefix,R2,r18,gru512,4.0,2,446,0.2846715328467153,0.3430493273542601,2.587443946188341,0.257847533632287,2.8452914798206277,0.2533632286995516,0.26681614349775784,0.30493273542600896,,0.2183734939759036,,,0.08744394618834081,0.19506726457399104,0.3430493273542601,0.14573991031390135,0.22869955156950672,0.21159638554216867
r2__r18__gru512__seed20260903,prefix,R2,r18,gru512,4.0,3,154,0.13138686131386862,0.09740259740259741,3.575487012987013,0.07548701298701299,3.6509740259740258,0.08441558441558442,0.08441558441558442,0.08441558441558442,,0.1280120481927711,,,0.08441558441558442,0.2077922077922078,0.2012987012987013,0.09740259740259741,0.4090909090909091,0.11897590361445783
r2__r18__gru512__seed20260903,prefix,R2,r18,gru512,4.0,4,438,0.36009732360097324,0.58675799086758,1.615011415525114,0.1572488584474886,1.7722602739726028,0.5273972602739726,0.5388127853881278,0.5662100456621004,,0.4058734939759036,,,0.0273972602739726,0.1780821917808219,0.1141552511415525,0.09360730593607305,0.58675799086758,0.4006024096385542
r2__r18__gru512__seed20260904,prefix,R2,r18,gru512,4.0,0,80,0.051094890510948905,0.0625,3.7453125,0.046875,3.7921875,0.05,0.05,0.05,,0.06701807228915663,,,0.0625,0.1625,0.3375,0.1625,0.275,0.07454819277108433
r2__r18__gru512__seed20260904,prefix,R2,r18,gru512,4.0,1,210,0.17274939172749393,0.20476190476190476,3.170238095238095,0.15892857142857142,3.3291666666666666,0.1523809523809524,0.15714285714285714,0.1761904761904762,,0.14006024096385541,,,0.0380952380952381,0.20476190476190476,0.11904761904761904,0.1619047619047619,0.47619047619047616,0.13403614457831325
r2__r18__gru512__seed20260904,prefix,R2,r18,gru512,4.0,2,446,0.2846715328467153,0.36995515695067266,2.413677130044843,0.22253363228699552,2.6362107623318387,0.3071748878923767,0.3251121076233184,0.35650224215246634,,0.2394578313253012,,,0.13004484304932734,0.11434977578475336,0.36995515695067266,0.17040358744394618,0.21524663677130046,0.22439759036144577
r2__r18__gru512__seed20260904,prefix,R2,r18,gru512,4.0,3,154,0.13138686131386862,0.12337662337662338,3.49025974025974,0.13555194805194806,3.625811688311688,0.07792207792207792,0.07792207792207792,0.09740259740259741,,0.14156626506024098,,,0.1038961038961039,0.14285714285714285,0.16883116883116883,0.12337662337662338,0.461038961038961,0.14231927710843373
r2__r18__gru512__seed20260904,prefix,R2,r18,gru512,4.0,4,438,0.36009732360097324,0.6278538812785388,1.5553652968036529,0.10587899543378995,1.6612442922374429,0.5525114155251142,0.5662100456621004,0.5981735159817352,,0.4118975903614458,,,0.0273972602739726,0.11187214611872145,0.12557077625570776,0.10730593607305935,0.6278538812785388,0.4246987951807229
r2__r18__gru512__seed20260905,prefix,R2,r18,gru512,4.0,0,80,0.051094890510948905,0.1875,3.078125,0.26875,3.346875,0.1375,0.15,0.175,,0.1769578313253012,,,0.1875,0.1375,0.3875,0.1125,0.175,0.1686746987951807
r2__r18__gru512__seed20260905,prefix,R2,r18,gru512,4.0,1,210,0.17274939172749393,0.18095238095238095,3.1910714285714286,0.35,3.5410714285714286,0.06190476190476191,0.08571428571428572,0.14285714285714285,,0.1197289156626506,,,0.10952380952380952,0.18095238095238095,0.15714285714285714,0.22857142857142856,0.3238095238095238,0.125
r2__r18__gru512__seed20260905,prefix,R2,r18,gru512,4.0,2,446,0.2846715328467153,0.34977578475336324,2.5745515695067263,0.3248318385650224,2.8993834080717487,0.226457399103139,0.24439461883408073,0.30269058295964124,,0.22063253012048192,,,0.2623318385650224,0.1031390134529148,0.34977578475336324,0.18161434977578475,0.1031390134529148,0.22740963855421686
r2__r18__gru512__seed20260905,prefix,R2,r18,gru512,4.0,3,154,0.13138686131386862,0.14285714285714285,3.3839285714285716,0.16233766233766234,3.5462662337662336,0.09740259740259741,0.09740259740259741,0.12337662337662338,,0.16114457831325302,,,0.18181818181818182,0.12987012987012986,0.16233766233766234,0.14285714285714285,0.38311688311688313,0.16265060240963855
r2__r18__gru512__seed20260905,prefix,R2,r18,gru512,4.0,4,438,0.36009732360097324,0.5319634703196348,1.76912100456621,0.2999429223744292,2.0690639269406392,0.4360730593607306,0.454337899543379,0.5045662100456622,,0.32153614457831325,,,0.09360730593607305,0.11643835616438356,0.13013698630136986,0.1278538812785388,0.5319634703196348,0.31626506024096385
r2__r18__mean__seed20260903,clip,R2,r18,mean,4.0,0,80,0.051094890510948905,0.1625,3.2953125,0.0546875,3.35,0.1625,0.1625,0.1625,,0.14683734939759036,,,0.1625,0.1125,0.35,0.1875,0.1875,0.14683734939759036
r2__r18__mean__seed20260903,clip,R2,r18,mean,4.0,1,210,0.17274939172749393,0.19047619047619047,3.2172619047619047,0.055357142857142855,3.2726190476190475,0.17142857142857143,0.18095238095238095,0.18571428571428572,,0.15210843373493976,,,0.1,0.19047619047619047,0.11904761904761904,0.1619047619047619,0.42857142857142855,0.1566265060240964
r2__r18__mean__seed20260903,clip,R2,r18,mean,4.0,2,446,0.2846715328467153,0.3295964125560538,2.6894618834080717,0.05717488789237668,2.7466367713004485,0.2937219730941704,0.3094170403587444,0.32062780269058294,,0.1844879518072289,,,0.2040358744394619,0.15246636771300448,0.3295964125560538,0.15695067264573992,0.15695067264573992,0.19578313253012047
r2__r18__mean__seed20260903,clip,R2,r18,mean,4.0,3,154,0.13138686131386862,0.14285714285714285,3.4740259740259742,0.00487012987012987,3.478896103896104,0.11688311688311688,0.12337662337662338,0.13636363636363635,,0.1355421686746988,,,0.21428571428571427,0.15584415584415584,0.13636363636363635,0.14285714285714285,0.35064935064935066,0.13704819277108435
r2__r18__mean__seed20260903,clip,R2,r18,mean,4.0,4,438,0.36009732360097324,0.5799086757990868,1.6626712328767124,0.040810502283105024,1.7034817351598173,0.5684931506849316,0.5684931506849316,0.5799086757990868,,0.3810240963855422,,,0.08447488584474885,0.15296803652968036,0.08904109589041095,0.09360730593607305,0.5799086757990868,0.36370481927710846
r2__r18__mean__seed20260904,clip,R2,r18,mean,4.0,0,80,0.051094890510948905,0.3375,2.7625,0.03125,2.79375,0.2625,0.275,0.325,,0.20256024096385541,,,0.3375,0.1125,0.25,0.0875,0.2125,0.20256024096385541
r2__r18__mean__seed20260904,clip,R2,r18,mean,4.0,1,210,0.17274939172749393,0.1380952380952381,3.4595238095238097,0.027976190476190477,3.4875,0.12380952380952381,0.12380952380952381,0.1380952380952381,,0.10843373493975904,,,0.10476190476190476,0.1380952380952381,0.11904761904761904,0.20952380952380953,0.42857142857142855,0.10993975903614457
r2__r18__mean__seed20260904,clip,R2,r18,mean,4.0,2,446,0.2846715328467153,0.30493273542600896,2.8279147982062782,0.04232062780269058,2.8702354260089686,0.2623318385650224,0.26905829596412556,0.2982062780269058,,0.17018072289156627,,,0.3273542600896861,0.1031390134529148,0.30493273542600896,0.10762331838565023,0.15695067264573992,0.17394578313253012
r2__r18__mean__seed20260904,clip,R2,r18,mean,4.0,3,154,0.13138686131386862,0.12337662337662338,3.5089285714285716,0.02922077922077922,3.5381493506493507,0.1038961038961039,0.11038961038961038,0.12337662337662338,,0.11897590361445783,,,0.21428571428571427,0.1038961038961039,0.13636363636363635,0.12337662337662338,0.42207792207792205,0.11596385542168675
r2__r18__mean__seed20260904,clip,R2,r18,mean,4.0,4,438,0.36009732360097324,0.6529680365296804,1.3978310502283104,0.032534246575342464,1.4303652968036529,0.6210045662100456,0.632420091324201,0.6484018264840182,,0.3998493975903614,,,0.09360730593607305,0.1050228310502283,0.06621004566210045,0.0821917808219178,0.6529680365296804,0.39759036144578314
r2__r18__mean__seed20260905,clip,R2,r18,mean,4.0,0,80,0.051094890510948905,0.175,3.2875,0.090625,3.378125,0.125,0.125,0.175,,0.14156626506024098,,,0.175,0.175,0.3625,0.1125,0.175,0.1378012048192771
r2__r18__mean__seed20260905,clip,R2,r18,mean,4.0,1,210,0.17274939172749393,0.23809523809523808,3.030357142857143,0.07261904761904762,3.1029761904761903,0.20476190476190476,0.21904761904761905,0.23809523809523808,,0.15135542168674698,,,0.0761904761904762,0.23809523809523808,0.10952380952380952,0.14761904761904762,0.42857142857142855,0.15436746987951808
r2__r18__mean__seed20260905,clip,R2,r18,mean,4.0,2,446,0.2846715328467153,0.34080717488789236,2.615190582959641,0.08520179372197309,2.7003923766816142,0.30269058295964124,0.31614349775784756,0.336322869955157,,0.20481927710843373,,,0.21300448430493274,0.1210762331838565,0.34080717488789236,0.15695067264573992,0.1681614349775785,0.20256024096385541
r2__r18__mean__seed20260905,clip,R2,r18,mean,4.0,3,154,0.13138686131386862,0.08441558441558442,3.7134740259740258,0.017857142857142856,3.731331168831169,0.06493506493506493,0.06493506493506493,0.06493506493506493,,0.12123493975903614,,,0.18831168831168832,0.16883116883116883,0.14935064935064934,0.08441558441558442,0.4090909090909091,0.12349397590361445
r2__r18__mean__seed20260905,clip,R2,r18,mean,4.0,4,438,0.36009732360097324,0.6050228310502284,1.6001712328767124,0.04708904109589041,1.6472602739726028,0.5684931506849316,0.5821917808219178,0.593607305936073,,0.3810240963855422,,,0.06621004566210045,0.13926940639269406,0.0958904109589041,0.09360730593607305,0.6050228310502284,0.3817771084337349
trivial__majority,trivial,R1,none,trivial,4.0,0,80,0.051094890510948905,0.0,4.0,0.0,4.0,0.0,0.0,0.0,,0.0,,,0.0,0.0,0.0,0.0,1.0,0.0
trivial__majority,trivial,R1,none,trivial,4.0,1,210,0.17274939172749393,0.0,4.0,0.0,4.0,0.0,0.0,0.0,,0.0,,,0.0,0.0,0.0,0.0,1.0,0.0
trivial__majority,trivial,R1,none,trivial,4.0,2,446,0.2846715328467153,0.0,4.0,0.0,4.0,0.0,0.0,0.0,,0.0,,,0.0,0.0,0.0,0.0,1.0,0.0
trivial__majority,trivial,R1,none,trivial,4.0,3,154,0.13138686131386862,0.0,4.0,0.0,4.0,0.0,0.0,0.0,,0.0,,,0.0,0.0,0.0,0.0,1.0,0.0
trivial__majority,trivial,R1,none,trivial,4.0,4,438,0.36009732360097324,1.0,0.0,0.0,0.0,1.0,1.0,1.0,,1.0,,,0.0,0.0,0.0,0.0,1.0,1.0
trivial__random,trivial,R1,none,trivial,4.0,0,80,0.051094890510948905,0.2625,3.228125,0.7265625,3.9546875,0.0,0.0,0.0,,0.21084337349397592,,,0.2625,0.1875,0.2,0.1375,0.2125,0.21686746987951808
trivial__random,trivial,R1,none,trivial,4.0,1,210,0.17274939172749393,0.21904761904761905,3.1982142857142857,0.7625,3.960714285714286,0.0,0.0,0.0,,0.1694277108433735,,,0.21428571428571427,0.21904761904761905,0.17142857142857143,0.18571428571428572,0.20952380952380953,0.20406626506024098
trivial__random,trivial,R1,none,trivial,4.0,2,446,0.2846715328467153,0.1860986547085202,3.2051569506726456,0.7592488789237668,3.9644058295964126,0.0,0.0,0.002242152466367713,,0.20256024096385541,,,0.2219730941704036,0.21300448430493274,0.1860986547085202,0.21076233183856502,0.1681614349775785,0.19427710843373494
trivial__random,trivial,R1,none,trivial,4.0,3,154,0.13138686131386862,0.22077922077922077,3.17775974025974,0.7767857142857143,3.9545454545454546,0.0,0.0,0.0,,0.19653614457831325,,,0.16883116883116883,0.21428571428571427,0.23376623376623376,0.22077922077922077,0.16233766233766234,0.1897590361445783
trivial__random,trivial,R1,none,trivial,4.0,4,438,0.36009732360097324,0.2237442922374429,3.2148972602739727,0.7388698630136986,3.953767123287671,0.0,0.0,0.0,,0.22063253012048192,,,0.22146118721461186,0.1872146118721461,0.19863013698630136,0.1689497716894977,0.2237442922374429,0.19503012048192772
