video_id,decode_ok,cv_fps,cv_n_frames,csv_fps,csv_n_frames,note
Z4kg2Ev3vhk_00,True,14.166666666666666,425.0,14.148897120165516,424,
unS0-TLF1ao_00,True,25.0,149.0,25.0,148,
UarP8qU1S-c_00,True,14.638949671772428,223.0,14.478575621209156,222,
UarP8qU1S-c_01,True,14.919786096256685,93.0,14.918112534457594,92,
nAXTthLfgtI_00,True,15.017964071856287,209.0,14.99099099099099,208,
fzWY0vLAXzI_00,True,21.15671641791045,189.0,21.203009113008203,188,
vxZ47DoPNY8_00,True,17.82051282051282,139.0,17.844828355380532,138,
OXVXsdDT9QQ_00,True,16.6875,89.0,16.60377358490566,88,
VozrseCzhQc_00,True,15.064935064935066,145.0,15.026609621204216,144,
kABWTDKgc9U_00,True,29.966254218222723,888.0,29.966216216216218,887,
ftk_fSc4haM_00,True,24.86111111111111,358.0,24.791666666666664,357,
BgdKGnFqz0I_00,True,24.84536082474227,241.0,24.91435689816257,240,
LiM5LPSZoow_00,True,14.966666666666667,449.0,14.974763512384262,448,
F0NHENn-HS4_00,True,15.047770700636942,315.0,15.023923444976077,314,
maJsgJsapH4_00,True,9.955752212389381,300.0,9.966666666666667,299,
iA_u73BG4ZM_00,True,30.0,901.0,30.0,900,
maJGw3hQs_s_00,True,9.986130374479888,300.0,9.994317612060032,299,
aPsS_HaokoU_00,True,11.082152974504249,326.0,10.93981419146358,325,
aF2Hbp8C23A_00,True,14.91063829787234,146.0,14.936135146271116,145,
82sQ7N-aHOw_00,True,14.960212201591512,235.0,14.976,234,
bJMc3sNP2AU_00,True,15.075376884422111,100.0,15.0,99,
XaqA-uzqeNc_00,True,14.938775510204081,122.0,14.892307692307693,121,
gp_9zTMpVrs_00,True,15.026706231454005,422.0,15.013194493973325,421,
B_nBw3PcHXg_00,True,15.884315906562847,476.0,15.86877359436074,475,
jq-5EaxSR3M_00,True,15.0,450.0,14.987649375792778,449,
4jVVNw9AF2s_00,True,14.925207756232687,449.0,14.954269310367849,448,
FR3eYZzgeJY_00,True,12.149377593360995,366.0,12.183723880098805,365,
ApyekBAgfg8_00,True,14.945908460471568,449.0,14.954103087111022,448,
Mem77KKhF8c_00,True,14.653685674547983,439.0,14.620468656118566,438,
GSvQCAPnFGo_00,True,14.945908460471568,449.0,14.974763512384262,448,
fgI4vUtP_1I_00,True,14.966666666666667,449.0,14.974763512384262,448,
TthKPyywzu8_00,True,14.451827242524917,435.0,14.466666666666667,434,
LklNl33KztU_00,True,15.018773466833542,400.0,15.0,399,
tK1wd_HCYNo_00,True,15.016648168701442,451.0,14.983518130056936,450,
mntY3Xh8lT4_00,True,14.794520547945206,360.0,14.60358784525892,359,
CzOWGXrwbp4_00,True,9.401794195250659,202.0,8.523088665564178,201,
7AFnEpBVrr4_00,True,29.567147613762486,888.0,29.59922581506324,887,
njJxs1KozgE_00,True,14.945908460471568,449.0,14.974763512384262,448,
-AztVDZ6cEE_00,True,15.02839116719243,397.0,15.014218009478673,396,
kUp_0rJe_OI_00,True,20.904299583911236,628.0,20.929301021430003,627,
a8zHkZ_t16k_00,True,29.700332963374027,892.0,29.732705976574234,891,
PQHiBa179Ew_00,True,30.0,900.0,29.999666299596225,899,
-SNFUobKjoM_00,True,29.866962305986696,898.0,29.9,897,
TahWBItdUvQ_00,True,16.0,76.0,15.926948396687196,75,
reXieySb4JI_00,True,15.016648168701442,451.0,15.0,450,
m2uBNOFIvKk_00,True,15.411927877947296,463.0,15.421590226316845,462,
VXuNX_OYkig_00,True,29.861751152073733,216.0,29.86111111111111,215,
GsRdjuR2PpE_00,True,22.490518331226294,593.0,22.48129723161053,592,
dGUCJwW8b1g_00,True,22.450331125827816,565.0,22.47011952191235,564,
FV6XO5Yg9VU_00,True,15.017964071856287,418.0,15.004317789291882,417,
iYAIZEocjbg_00,True,12.62071262071262,379.0,12.615559189667255,378,
n-aa3NIlRMo_00,True,14.966666666666667,449.0,14.954269310367849,448,
mDtCi-XVAbo_00,True,20.213675213675213,473.0,20.085106382978722,472,
QJYDZ1PBiYQ_00,True,14.980026631158456,375.0,14.979773300757,374,
1ZQAChv0TEI_00,True,9.922048997772828,297.0,9.899665551839465,296,
e6ZQvn6NyLI_00,True,14.966666666666667,449.0,14.974763512384262,448,
ui52V2KkRN4_00,True,29.71608832807571,314.0,29.80952380952381,313,
QyRcmm87rJ8_00,True,15.0124826629681,451.0,15.021029441217706,450,
C7gOL8qM71E_00,True,15.016648168701442,451.0,15.0,450,
At-4-Y2g7Y8_00,True,29.933481152993348,900.0,29.966666666666665,899,
1BIZOZtxRpY_00,True,13.676348547717842,412.0,13.719206889645504,411,
GWx-Z5rWhzc_00,True,14.985915492957746,399.0,14.971974570214048,398,
bow1eKeR6oY_00,True,14.966666666666667,449.0,14.974763512384262,448,
7CO_LqgfiFg_00,True,14.966666666666667,449.0,14.974763512384262,448,
6T58bsyZz40_00,True,15.020862308762169,450.0,15.008189323795834,449,
bn7c9LxpeuA_00,True,15.019867549668874,378.0,15.00497512437811,377,
zISHd2Jt7Qs_00,True,15.083240843507214,453.0,15.083258250742483,452,
0isplBZQftg_00,True,15.016648168701442,451.0,15.0,450,
1lD9kE-VJ7I_00,True,15.02454991816694,306.0,15.000245905670585,305,
afVZZ3v87cc_00,True,14.958448753462603,450.0,14.966666666666667,449,
fYUPTfVRKEk_00,True,15.015384615384615,366.0,14.999999589041106,365,
NDkAFTqHLzo_00,True,14.979757085020243,370.0,15.0,369,
BR4WAtlyQEQ_00,True,13.307262569832401,397.0,13.27389132839473,396,
zXKdiWjxhd8_00,True,14.950166112956811,450.0,14.966666666666667,449,
JHq6SVNhY0Y_00,True,29.700332963374027,892.0,29.732705976574234,891,
03HtRCJa8Yk_00,True,14.937759336099585,450.0,14.966666666666667,449,
6EW9PrDqKA8_00,True,28.602941176470587,778.0,28.600876062870395,777,
-NgnSm_oEB4_00,True,14.433333333333334,433.0,14.43995052979911,432,
wQ_pGHoj2SI_00,True,15.016648168701442,451.0,15.0,450,
dZ-F8lZ16-A_00,True,29.728506787330318,219.0,29.863013698630137,218,
Chf8yRqccCM_00,True,14.943396226415095,165.0,14.966234714363935,164,
P4oEdSFJvfU_00,True,15.015384615384615,366.0,14.999589052354729,365,
yQz3PyPvr5Y_00,True,13.233333333333333,397.0,13.236621318982518,396,
FhFwhsyOjUU_00,True,30.0,818.0,29.99926562385254,817,
GaAVUUYx9q8_00,True,14.950166112956811,450.0,14.966666666666667,449,
-jZ5Rlhzzi4_00,True,14.925207756232687,449.0,14.954269310367849,448,
LP_C34tyPl4_00,True,15.0124826629681,451.0,15.021029441217706,450,
tFS_Hk-qEiQ_00,True,14.857142857142858,78.0,14.902264370040642,77,
mzHmLvV9QlM_00,True,14.945454545454545,137.0,14.889424129625574,136,
c4exlXawFaM_00,True,10.951456310679612,329.0,10.948661459376462,328,
-yLuZ5wxAsc_00,True,26.166666666666668,785.0,26.162111656155105,784,
uKieP03gwxQ_00,True,14.942381562099872,389.0,14.961631897582231,388,
Q72Ly8rGtnc_00,True,14.979195561719834,450.0,14.987649375792778,449,
Img4DcUjRmo_00,True,15.0,450.0,14.987649375792778,449,
LMw1OJe37fM_00,True,14.47988904299584,435.0,14.486948394418853,434,
jgAGNNIG13E_00,True,14.966666666666667,449.0,14.954269310367849,448,
Fb1XWmXZTZw_00,True,14.985915492957746,399.0,14.971974570214048,398,
mllfWsyVZ1s_00,True,13.033333333333333,391.0,13.018225515722012,390,
clXKxQWjB4c_00,True,15.0144,391.0,15.0,390,
ozOAT76M0PM_00,True,15.066666666666666,452.0,15.049888210364735,451,
jc-fa_AjIXw_00,True,30.0,900.0,29.999666299596225,899,
YmMM4JeUJJ0_00,True,8.262975778546712,199.0,8.25,198,
JNsoId5gPK8_00,True,14.98186215235792,413.0,14.981818181818182,412,
a8-i2E4jrpk_00,True,14.8,111.0,14.864864864864865,110,
a8-i2E4jrpk_01,True,15.0,299.0,14.974874371859297,298,
GIm11SfAp8c_00,True,14.833333333333334,445.0,14.841060266737975,444,
CVSBJThqVgA_00,True,14.941634241245136,384.0,14.9609375,383,
CBPD-SF1p90_00,True,29.74025974025974,458.0,29.80499576077741,457,
vMqldj7d7e0_00,True,29.966666666666665,899.0,29.966296259218474,898,
pQ84BiOk854_00,True,15.01955671447197,384.0,14.999608365316833,383,
NaRgSBNtbFY_00,True,29.933481152993348,900.0,29.867109634551493,899,
2xFyklpa54I_00,True,14.966740576496674,450.0,14.966666666666667,449,
PyYCjM8tvSY_00,True,14.979195561719834,450.0,14.987649375792778,449,
nHmyMVHNPDs_00,True,14.602774274905423,386.0,14.583333333333334,385,
diYHDL2G4KA_00,True,14.572490706319703,392.0,14.535315985130111,391,
HZXYwgLy0RE_00,True,14.983351831298558,450.0,14.966666666666667,449,
YYgdkr0Qiw0_00,True,30.0,900.0,29.999666299596225,899,
mDHuTgnSxMs_00,True,15.016648168701442,451.0,15.0,450,
aUvorQJ7jRU_00,True,14.936974789915967,237.0,14.967971078835543,236,
M6WWLqx3z88_00,True,14.966740576496674,450.0,14.966666666666667,449,
HROdEY9OZk4_00,True,15.0,450.0,14.983148129609237,449,
PgdU-LSKlZU_00,True,10.011049723756907,302.0,10.010975488076628,301,
jFpORnj_-cI_00,True,5.116734104046243,135.0,5.07883565797453,134,
Aj5AlGboqeI_00,True,30.0,821.0,30.000365858120222,820,
GsL5oknV-w0_00,True,10.352288488210819,311.0,10.347820281727753,310,
1BsCOLh_qEs_00,True,15.100671140939598,75.0,15.001013581998784,74,
jPTJZRBPQgc_00,True,14.950495049504951,151.0,14.950662812718031,150,
c8wyblfra3o_00,True,15.089820359281438,84.0,15.000903668895718,83,
hT1Hz_gFnBs_00,True,14.979195561719834,450.0,14.987649375792778,449,
YnYUC6nonG8_00,True,14.850498338870432,447.0,14.866666666666667,446,
fJxVsTAIK5Y_00,True,14.102189781021897,322.0,14.084507042253524,321,
8UJFstPfuhU_00,True,30.0,901.0,29.90033222591362,900,
jiiHFFhdKPc_00,True,15.345353675450763,461.0,15.354830095466989,460,
JTIfOGQql0A_00,True,14.866666666666667,446.0,14.866535262085325,445,
r4P0kKBitVM_00,True,14.967177242888402,285.0,14.980483173330521,284,
OMjHjaMBzus_00,True,15.023183925811438,405.0,15.009102054463721,404,
otYsKPJqTr0_00,True,27.135476463834674,815.0,27.16411933524661,814,
zVoe5ZUg3kE_00,True,15.21690767519466,456.0,15.18336837187573,455,
6J-qSLHzj_k_00,True,29.70731707317073,203.0,29.850746268656714,202,
qNH-EtH6qPo_00,True,14.979195561719834,450.0,14.987649375792778,449,
sRyjIctHIdA_00,True,15.016648168701442,451.0,15.0,450,
VpQn6ugiG1M_00,True,14.983388704318937,451.0,14.983518130056936,450,
qOTEPSVfGSI_00,True,30.0,901.0,30.0,900,
FnahNGsmeSQ_00,True,13.447988904299583,404.0,13.470601998863522,403,
exMp0HFGLFY_00,True,14.979195561719834,450.0,14.987649375792778,449,
6hJ8mYLUfE8_00,True,27.258278145695364,686.0,27.255003382007718,685,
Er-dsvrO1UU_00,True,25.366666666666667,761.0,25.361230687089133,760,
OKlebmp3c0M_00,True,20.011098779134294,601.0,19.933554817275745,600,
ZDiU58ZiXTk_00,True,13.425414364640885,405.0,13.52663474738005,404,
0oA6iej2zdk_00,True,15.060080106809078,376.0,15.01982617054512,375,
S5EyvIwUUU0_00,True,15.016648168701442,451.0,15.0,450,
T0Rkm2Q2e2k_00,True,28.368479467258602,852.0,28.366666666666667,851,
-RrDtLjWsT4_00,True,29.733629300776915,893.0,29.733333333333334,892,
FD2WTKo0V94_00,True,14.945908460471568,449.0,14.974763512384262,448,
CQaoY2QypM8_00,True,14.966666666666667,449.0,14.974763512384262,448,
kgifRjE69lo_00,True,11.053941908713693,333.0,11.082181721076173,332,
cPyZuPSQrkI_00,True,14.983351831298558,450.0,14.983148129609237,449,
aRQeSqO9Ri4_00,True,15.024077046548957,390.0,15.009453254620519,389,
-oreKuCoQnI_00,True,14.966666666666667,449.0,14.974763512384262,448,
JGeH83hHjpE_00,True,14.933481152993348,449.0,14.949778089231488,448,
ZVFTg3X2Acc_00,True,29.7669256381798,894.0,29.79944605732973,893,
xQCJTgk1AxQ_00,True,14.62200956937799,382.0,14.607215427673198,381,
FojgBxlQgiw_00,True,30.0,900.0,29.999666299596225,899,
bzNkUstnRMM_00,True,15.233333333333333,457.0,15.242170003676838,456,
BVvMdTfk43Y_00,True,29.889025893958078,808.0,29.88888888888889,807,
5fSIVNb3L64_00,True,14.979195561719834,450.0,14.987649375792778,449,
uJR-x2ahMjo_00,True,14.983351831298558,450.0,14.983148129609237,449,
Jafouq9fwp4_00,True,14.24916573971079,427.0,14.215637200921014,426,
tnXaQLZivt0_00,True,29.933407325194228,899.0,29.966296259218474,898,
neiYtur4FOY_00,True,15.1,453.0,15.083258250742483,452,
sy3K_DPXi1g_00,True,15.016648168701442,451.0,15.0,450,
5UK0XveIgBA_00,True,15.066666666666666,452.0,15.049888210364735,451,
8uCJX3Qp78g_00,True,14.426592797783934,434.0,14.473376341210683,433,
X6sdr4NzEdU_00,True,27.533333333333335,826.0,27.53120202896616,825,
gcbYjCgvbFc_00,True,12.915395284327323,388.0,12.918085319447227,387,
bb7h-E9S_xE_00,True,29.743589743589745,116.0,29.73881561934316,115,
Rph4qz-nnAY_00,True,14.980544747081712,385.0,15.0,384,
dVgyJhT1tiQ_00,True,14.966740576496674,450.0,14.966666666666667,449,
mYTte8BTffA_00,True,26.137624861265262,785.0,26.075098945687962,784,
z4J6Y7Hgprc_00,True,15.017543859649123,428.0,15.004040900945217,427,
EYu49m3fAp4_00,True,15.15625,388.0,15.176470588235293,387,
lprYC7noW0w_00,True,15.03565365025467,369.0,15.020408163265307,368,
SX6WrzujsNg_00,True,15.622119815668203,113.0,15.555555555555555,112,
pWUkfZdWn7M_00,True,15.0,450.0,15.008189323795834,449,
NW8ZJK5zv_M_00,True,15.066518847006652,453.0,15.066666666666666,452,
4VuF1Be1yLE_00,True,30.0,901.0,30.0,900,
OmriwRCPF7M_00,True,10.266666666666667,308.0,10.244602395968899,307,
IF-F7mUXhas_00,True,14.979195561719834,450.0,14.987649375792778,449,
NhVQ26Tutwg_00,True,10.940721649484535,283.0,10.930232558139535,282,
qCBttHwTwnQ_00,True,14.979195561719834,450.0,14.987649375792778,449,
xJTY4uupVuI_00,True,14.916943521594684,449.0,14.883720930232558,448,
3UBcAuDgcOg_00,True,15.088062622309197,257.0,15.02964832971291,256,
YkEtYW_U1IY_00,True,14.945908460471568,449.0,14.974763512384262,448,
p-8rTEjl_30_00,True,14.25414364640884,430.0,14.320048067294213,429,
Z3s9Wv38oRc_00,True,29.933407325194228,899.0,29.966296259218474,898,
WFPy6Jpx5iE_00,True,29.733629300776915,893.0,29.733333333333334,892,
VMOqX7S4IVU_00,True,14.346740638002775,431.0,14.353428132719142,430,
Pv0z5OwmK-Y_00,True,20.796019900497512,418.0,20.85,417,
JZnyV3r3cA4_00,True,14.892307692307693,121.0,14.921661278288983,120,
gVXvlSSUr88_00,True,15.016648168701442,451.0,15.0,450,
y396l4X6WOk_00,True,14.933481152993348,449.0,14.949778089231488,448,
WqO5068PPhA_00,True,30.0,770.0,29.999219786221424,769,
GAuVOgez5bQ_00,True,9.947148817802503,298.0,9.927465989236888,297,
djlikkK0NnM_00,True,14.951714951714951,449.0,14.951773854420452,448,
VsJNApu-LP4_00,True,14.606965174129353,367.0,14.615446050634933,366,
9PeFHB3oBKg_00,True,11.233333333333333,337.0,11.231072634288196,336,
wrKbzGEUOlI_00,True,20.011098779134294,601.0,19.97802417340925,600,
ILLwcx7DKvM_00,True,30.0,414.0,29.99927362533595,413,
yap1ac36OsU_00,True,15.020862308762169,450.0,15.008189323795834,449,
Zp5xCOo7DSE_00,True,15.05277572016461,373.0,15.01271237741636,372,
MAlk_czfNIs_00,True,15.0,451.0,14.983518130056936,450,
swb5GdD__W0_00,True,14.504623513870541,366.0,14.522739028369077,365,
GVHE7LumYVo_00,True,14.848390446521288,316.0,14.847655979339605,315,
k-QTjGUDtZY_00,True,15.165354330708661,321.0,15.238095238095237,320,
jF_WIm0oxLc_00,True,14.991097922848665,421.0,15.0,420,
Ga8NZJ64V80_00,True,7.9346938775510205,81.0,7.901234567901234,80,
HMdWAx9g5eI_00,True,7.876447876447877,68.0,7.913074288413841,67,
57T5Z3aTh4s_00,True,7.977839335180056,240.0,7.977835636557848,239,
PAuYsJns-Fc_00,True,7.982261640798226,240.0,7.984498713794141,239,
lgU3T6kySLw_00,True,5.934065934065934,180.0,6.0417246847479795,181,
y1FUdBq8QII_00,True,8.0,240.0,7.966666666666667,239,
XdFylnj-1B4_00,True,14.806866952789699,115.0,14.805194805194805,114,
nxtAJF0x3qQ_00,True,8.03867403314917,194.0,8.008298755186722,193,
RTPo9EzJ2q4_00,True,8.011173184357542,239.0,7.95534311595414,238,
pwc7SEk8BA4_00,True,8.066390041493776,243.0,8.077975832832633,242,
7v3_mO6HyPk_00,True,6.041958041958042,108.0,5.958347254705425,107,
ve9ThZ4xzrQ_00,True,7.988904299583911,240.0,7.977835636557848,239,
olrS9Xl-I70_00,True,8.0,240.0,7.988858116743357,239,
QiRF34ZCDBo_00,True,7.955801104972376,240.0,7.966666666666667,239,
paIiPXuFj7Q_00,True,8.01899592944369,197.0,8.0,196,
ig4k6LEEMy0_00,True,7.966804979253112,240.0,7.966666666666667,239,
n1da-gnbUBU_00,True,8.024653312788907,217.0,7.987574883514532,216,
PaOMI4lZ7UI_00,True,7.894736842105263,90.0,7.8991745806337095,89,
R8HeYWy2-HI_00,True,7.974317817014446,207.0,7.974296442534743,206,
EkSE8710mGg_00,True,9.150837988826815,273.0,9.07937779558048,272,
1DTzvlqxm5c_00,True,7.8933333333333335,74.0,8.036992183199382,73,
YaMXFpSYjOk_00,True,8.152019002375297,143.0,8.114285714285714,142,
U9lXW10TLQw_00,True,8.0,240.0,8.0,239,
mjKiqWEZoAM_00,True,7.839721254355401,75.0,7.816626175134678,74,
pSjvg4Zq3-4_00,True,8.0,240.0,7.993311036789298,239,
-i9bRJWMtTo_00,True,3.9944521497919556,120.0,3.98326359832636,119,
3taDrOi_n0E_00,True,8.148423005565864,183.0,8.103655550113539,182,
LY4ki_2dmwU_00,True,12.851182197496524,385.0,12.835511582043653,384,
7ORiNi_LtxY_00,True,8.033333333333333,241.0,8.011215701982776,240,
gbM45Kpz814_00,True,7.973288814691152,199.0,7.973261386058874,198,
kDvSnh2NmpM_00,True,8.742616033755274,259.0,8.64814132001475,258,
Ah1BmOi3V4Q_00,True,7.616407982261641,229.0,7.608369206126739,228,
BEZNd0pYy-4_00,True,8.0,240.0,7.988858116743357,239,
WvBtraA2jsA_00,True,8.033333333333333,241.0,8.0,240,
Jt65lD9BAPY_00,True,8.0,240.0,7.988768927365712,239,
l2iiHvICI2Y_00,True,8.041884816753926,128.0,8.0,127,
WTz4apKhaQY_00,True,3.9608391608391607,118.0,3.9327731092436973,117,
pS5SXfuqz-4_00,True,7.974193548387097,206.0,7.948303612945995,205,
dfEFaPk-2-Y_00,True,8.035242290748899,152.0,8.017841023734935,151,
24IyPsinbH8_00,True,8.0,240.0,7.977746959418603,239,
9VTtD6Sw6N4_00,True,8.022191400832178,241.0,8.0,240,
xSMybsal-zs_00,True,7.807228915662651,81.0,7.901234567901234,80,
-dmYsQc-odI_00,True,8.033195020746888,242.0,8.044506348200349,241,
Z_GJQ1KrRJw_00,True,6.0,180.0,6.000067039855194,179,
a5_Q39h5LM4_00,True,12.133545310015899,318.0,12.095543345543346,317,
OIbLSlLL47A_00,True,8.055710306406684,241.0,8.03347280334728,240,
AEzHgZ0xjlk_00,True,7.658872077028886,232.0,7.7322175732217575,231,
Czp_f_DrRB8_00,True,8.0,240.0,7.988858116743357,239,
H6FXwjTkWYI_00,True,7.903030303030303,163.0,8.03285407748905,163,
XSgpMS9s9B8_00,True,14.915254237288135,88.0,14.915138007886165,87,
XSgpMS9s9B8_01,True,14.388961892247043,365.0,14.368042946238257,364,
bCQ6OCJYKw0_00,True,20.061804697156983,541.0,20.174094967684088,540,
T4luKRj7Mhg_00,True,8.02919708029197,220.0,8.002338582964885,219,
04O2SOGSG_U_00,True,8.0,50.0,7.9455164585698075,49,
0BHjx8wX7pc_00,True,7.833333333333333,235.0,7.832635983263598,234,
sl2h_VexIkA_00,True,7.060773480662983,213.0,7.076495210865037,212,
uPwNRl6V9i8_00,True,6.02510460251046,180.0,6.000067039855194,179,
IcHtsAFIRjk_00,True,4.96969696969697,82.0,4.959284883364967,81,
5lfIORCL5FA_00,True,7.043115438108484,211.0,7.02928870292887,210,
7EqwXtQkP1I_00,True,7.988904299583911,240.0,7.988768927365712,239,
n0pXXp0cWWw_00,True,8.0,240.0,7.977835636557848,239,
KMUWUj13hFw_00,True,7.656033287101248,230.0,7.665271966527197,229,
8s8en2EJPzg_00,True,8.0,240.0,7.977746959418603,239,
5Vhz1P2k8Ds_00,True,11.768595041322314,356.0,11.833333333333334,355,
M1ooGq00a4w_00,True,8.011126564673157,240.0,7.988768927365712,239,
r30SzXochSk_00,True,6.008298755186722,181.0,6.008411776487082,180,
G84adP8TOLw_00,True,7.977839335180056,240.0,7.977835636557848,239,
oXMCX36zERc_00,True,8.017241379310345,217.0,8.0,216,
2wUrP2wgXhs_00,True,7.99492385786802,105.0,7.958980638249024,104,
5K9ZZNwt9Fw_00,True,7.964601769911504,240.0,7.975439650281977,239,
i3WeiV3H_aQ_00,True,8.0,240.0,7.993311036789298,239,
aPXUOJ6X43E_00,True,10.571428571428571,111.0,10.775862068965518,110,
KIAzlkbMog4_00,True,12.626373626373626,383.0,12.751184992322585,382,
o45cTuevkJ8_00,True,8.110803324099724,244.0,8.11135589825756,243,
a9U54ImNK2M_00,True,5.973013493253373,166.0,5.972850678733032,165,
oPdIw4WJ6ZU_00,True,7.868852459016393,80.0,7.9,79,
91DHD6SEyVU_00,True,7.721448467966574,231.0,7.698744769874477,230,
kOOstkWDxz0_00,True,7.734439834024896,233.0,7.754788247484707,232,
mEQxozTl1S4_00,True,8.063063063063064,179.0,8.042289793520988,178,
mlv_VGdtang_00,True,7.962962962962963,129.0,7.983533961205014,128,
UrmfisD-cpk_00,True,7.955617198335645,239.0,7.96652719665272,238,
g59nWt3t9ZM_00,True,5.733333333333333,43.0,5.929412043737037,42,
8i0FSER7SuE_00,True,8.0,240.0,7.988768927365712,239,
LMr2EuxQ1IY_00,True,16.15448275862069,488.0,16.25609186194005,487,
HxxaCH818LI_00,True,7.964601769911504,240.0,7.975439650281977,239,
SUK79gpopL0_00,True,7.984,241.0,7.984031936127745,240,
uAmblqScf8Q_00,True,19.206611570247933,581.0,19.360437946458376,580,
7dMxFaTmaBs_00,True,8.032786885245901,196.0,8.002954937207585,195,
LZY4HepPGu0_00,True,7.933884297520661,240.0,9.146036263099152,274,
adNfN1i5mXs_00,True,8.0,88.0,7.981651376146789,87,
3N9sKQIYMy4_00,True,8.023255813953488,115.0,8.0,114,
yxdh-n8LgyY_00,True,8.022191400832178,241.0,8.011215701982776,240,
LmWvBPSBxNE_00,True,5.006954102920723,150.0,4.994469211946503,149,
SFQKAmwf-3g_00,True,6.0,180.0,5.99163179916318,179,
ITahkTaWzyQ_00,True,17.511724137931033,529.0,17.624674544362108,528,
XBOz63PuSvE_00,True,8.0,240.0,7.988858116743357,239,
xrQ3mx08clM_00,True,14.016528925619834,424.0,14.1,423,
MA3KBCQu9eY_00,True,7.964601769911504,240.0,7.966666666666667,239,
9K5XWxsJleU_00,True,8.0,240.0,7.988858116743357,239,
6nM9m2VkeYk_00,True,7.876447876447877,85.0,7.905882352941177,84,
4EJgJ6IcI9E_00,True,10.622406639004149,320.0,10.648240870552106,319,
X-S19mWQG9s_00,True,8.25,55.0,8.050089445438282,54,
nGHp5y9P0Ic_00,True,10.729023383768913,325.0,10.815141197676748,324,
9u2VbfYpcBw_00,True,8.540689655172415,258.0,8.566666666666666,257,
og42C5ewnRY_00,True,7.982261640798226,240.0,7.975439650281977,239,
Yllfxm5QxVE_00,True,7.633333333333334,229.0,7.6,228,
RBriQvW6fa4_00,True,7.977839335180056,240.0,7.977835636557848,239,
p7GtPUgji9w_00,True,7.977839335180056,240.0,7.977835636557848,239,
1AfecaLCueU_00,True,7.745152354570637,233.0,7.733333333333333,232,
tB1MoGqqKsA_00,True,8.022284122562674,240.0,8.0,239,
O_WaBEjEV2Y_00,True,8.022191400832178,241.0,8.0,240,
snZGxCZ7vFM_00,True,7.410358565737051,155.0,7.421686746987952,154,
J80rwyEvSlY_00,True,7.732300884955753,233.0,7.733333333333333,232,
vbIXlHZnRo4_00,True,7.947019867549669,240.0,7.966666666666667,239,
YigXRe0SDos_00,True,7.890173410404624,91.0,7.91765637371338,90,
8h2Xq-MfXPE_00,True,7.9801324503311255,241.0,7.973421926910299,240,
KQ1M-32l-E0_00,True,8.941176470588236,38.0,8.621360562541447,37,
NpV7pI8k-SQ_00,True,7.982261640798226,240.0,7.984498713794141,239,
2xyiKlvOZUQ_00,True,8.022284122562674,240.0,8.0,239,
WA6hL9bRnNs_00,True,7.9641255605381165,74.0,8.0,73,
YwqAnRgRntg_00,True,10.590078328981724,169.0,10.723404711634243,168,
6RZ_i-xao0s_00,True,14.983240223463687,447.0,14.907911889561118,446,
4tOmPxnuANw_00,True,8.026490066225165,202.0,7.997453547129273,201,
hs-_vD6T78s_00,True,7.933333333333334,238.0,7.933054393305439,237,
m8HHbAqyx8g_00,True,4.993065187239944,150.0,4.98044590032423,149,
CD0ra7MBJJc_00,True,8.0,73.0,8.0,72,
wqYFt0bcNrA_00,True,8.077562326869806,243.0,8.08913667051001,242,
l6WnoOecA9s_00,True,4.01673640167364,120.0,3.994360902255639,119,
TizK5BENdVg_00,True,5.975103734439834,180.0,5.975031711062154,179,
uiZD8Fw0SGc_00,True,11.356258596973865,344.0,11.449362440750384,343,
XaN99SF-mAo_00,True,7.977839335180056,240.0,7.966666666666667,239,
rivjQ5XnuIg_00,True,8.066666666666666,242.0,8.055620550188856,241,
vVeLx1IopnM_00,True,8.869047619047619,149.0,8.915662650602409,148,
17u3l3wxfFI_00,True,8.033333333333333,241.0,8.017906658203321,240,
KxlGte5pVZs_00,True,8.058651026392962,229.0,8.047153495923482,228,
JeUAtNDJk9A_00,True,13.323843416370106,156.0,13.576643128563104,155,
4ZGq9c3FKlE_00,True,24.787430683918668,447.0,24.87035075001394,446,
8asB-NXAPSc_00,True,22.23728813559322,328.0,22.19507228670332,327,
VpSREWsYWgY_00,True,14.979195561719834,450.0,14.987649375792778,449,
SpJiUTZO9Qg_00,True,15.02608695652174,144.0,14.986376021798366,143,
8XV9oXxTZlI_00,True,14.957264957264957,175.0,14.957448637496778,174,
HVAxCUrR_Qc_00,True,15.085714285714285,44.0,14.956521739130435,43,
HXttLdePt0k_00,True,13.857740585774058,138.0,14.233766233766234,137,
ZDbR2jCDXjM_00,True,15.027027027027026,417.0,15.01353401520041,416,
BF5W6-8AkGM_00,True,11.466666666666667,344.0,11.449235176069376,343,
LGanHyFZCBg_00,True,12.923076923076923,126.0,12.820512820512821,125,
-2UPLUV7JLg_00,True,9.966666666666667,299.0,9.96089180064846,298,
w5gsLw2EF-w_00,True,14.945908460471568,449.0,14.974930695820182,448,
zqhQY3WbRjY_00,True,14.979195561719834,450.0,14.987649375792778,449,
7DhAOb5V7_Y_00,True,9.763371150729336,251.0,9.803921568627452,250,
eQ1QDZ811c0_00,True,13.204301075268818,307.0,13.208443043984978,306,
W8B8zo8IFPg_00,True,14.319888734353269,429.0,14.286509199293565,428,
ufUZKmdTyaM_00,True,14.64066852367688,438.0,14.648208359869944,437,
CwynQU9-yhE_00,True,14.920723226703755,447.0,14.887343698329277,446,
WroDrfySdmc_00,True,14.846047156726769,446.0,14.854129114093064,445,
yfkkIC-AN68_00,True,14.912621359223301,448.0,14.94133770097269,447,
nwb6yD8CMaM_00,True,5.691964285714286,170.0,5.671140939597315,169,
VLYIKXy1gzg_00,True,14.78720445062587,443.0,14.75398891781828,442,
O4eKyRwAKXQ_00,True,14.912621359223301,448.0,14.94133770097269,447,
9gEAWXvgLTw_00,True,14.912621359223301,448.0,14.92088924494292,447,
Be6S5ecMGXA_00,True,6.989010989010989,212.0,7.0431938046598574,211,
aW7LYUp_0ig_00,True,14.038997214484679,420.0,13.98624741304493,419,
J489DF-y2B8_00,True,14.966666666666667,449.0,14.974763512384262,448,
RWbYqk_RtSE_00,True,15.009771986970684,192.0,14.980392156862745,191,
trvzPZZfNPs_00,True,5.9880239520958085,125.0,5.975903614457831,124,
_9tp71S2Gwg_00,True,14.646324549237171,440.0,14.674095034520224,439,
tHW7Y0dIwkg_00,True,14.727272727272727,108.0,14.843931322262721,107,
hJJlducz7aE_00,True,15.036649214659686,359.0,15.020558865486278,358,
luYrUPWqC5w_00,True,15.020862308762169,450.0,15.008189323795834,449,
iguVq1mMWKg_00,True,12.9438202247191,96.0,12.88135593220339,95,
tm9gYOoBRmM_00,True,14.979195561719834,450.0,14.987649375792778,449,
2BBwMYE-FC4_00,True,14.380027739251041,432.0,14.406524718387539,431,
BiAj8Q5I710_00,True,14.579750346740639,438.0,14.58708859069364,437,
5X2Ik8WsWVY_00,True,15.018181818181818,413.0,15.004734503605507,412,
YXRvo8IOyUM_00,True,13.814323607427056,217.0,14.125032696834946,216,
jD8ybdMZOU8_00,True,14.979195561719834,450.0,14.987649375792778,449,
HgLFvVtCXRw_00,True,14.99168975069252,451.0,15.0,450,
bZp0v_Xt8EU_00,True,14.945908460471568,449.0,14.974763512384262,448,
vMzEXTNSTzw_00,True,13.432835820895523,225.0,13.274074074074074,224,
-wlnF8vCVMo_00,True,12.819277108433734,399.0,13.285266039121437,398,
b2FAuGPoivk_00,True,20.412026726057906,611.0,20.37861938060823,610,
cCofNt_oBE8_00,True,14.646324549237171,440.0,14.653685837593166,439,
sV5FN5PePOQ_00,True,11.356258596973865,344.0,11.449235176069376,343,
yS2IYwSqqVk_00,True,14.979195561719834,450.0,14.987649375792778,449,
mhLc2Vl1ekk_00,True,4.6731571627260085,140.0,4.646239657854923,139,
0eoMti_njew_00,True,10.0,300.0,9.980639562053542,299,
sfGi08xARHo_00,True,6.871650211565585,203.0,6.7615062761506275,202,
e5KS6Gffb3A_00,True,7.543810848400557,226.0,7.510431237946384,225,
wGZiHg7a5wU_00,True,14.888252148997134,433.0,14.875008608222574,432,
GPMefBsSI44_00,True,17.9015615257226,267.0,17.9146691978882,266,
NjK1CBPb0tY_00,True,14.900221729490022,448.0,14.9,447,
tqSAFTzuCy4_00,True,21.547314578005114,337.0,21.21212121212121,336,
fcc1sGDTQLM_00,True,25.28268551236749,477.0,25.274783624488933,476,
OjosPgV4Lss_00,True,19.296740994854204,375.0,19.29525873187845,374,
owO2-pjxOqs_00,True,12.591743119266056,183.0,12.297297297297296,182,
jI0_0zPf6BQ_00,True,23.620689655172413,274.0,22.75,273,
MsQns-Oy-hk_00,True,24.545454545454547,126.0,25.16778861312599,125,
MsQns-Oy-hk_01,True,25.885714285714286,151.0,25.86206896551724,150,
MsQns-Oy-hk_02,True,26.511627906976745,38.0,25.813959491618487,37,
zAqi6Odnoiw_00,True,20.783813887262163,181.0,20.749279538904897,180,
jTOB7nAs2HE_00,True,14.904830769230768,441.0,14.903634454493107,440,
9PpJJxn6DmA_00,True,25.0,100.0,24.853558565151346,99,
uSTubEz9Mpw_00,True,14.99148469387755,374.0,14.989551519048383,373,
Hu5cukZ0Zgw_00,True,27.99163179916318,223.0,27.984369091138284,222,
FbMyX_ZWAm8_00,True,19.069767441860463,164.0,19.042056074766354,163,
yx-CTXIhAGA_00,True,10.176991150442477,115.0,10.088495575221238,114,
bKrsJSxuQZg_00,True,20.328358208955223,227.0,20.36036036036036,226,
bI_W3ZOeuUM_00,True,15.035971223021583,380.0,15.03245204955188,379,
c2-5uzj1W5k_00,True,14.572927152317881,292.0,14.571128135796906,291,
glkdKMzVzkM_00,True,13.649510158013545,413.0,13.616683742605016,412,
pMA26OVWUOY_00,True,15.0442277992278,227.0,15.036593479707252,226,
xaZ2WJAHrgY_00,True,19.36111111111111,272.0,19.289929852276863,271,
1KGjac-XgPM_00,True,15.00879207920792,216.0,15.038119885290621,215,
T5TGAD7ygY8_00,True,25.973154362416107,129.0,25.77181035088521,128,
TY8UXgpfBzU_00,True,7.837638376383764,236.0,7.833333333333333,235,
Sq5i3O5yoAY_00,True,4.0,118.0,3.921831528843898,117,
k9CLUG7vBOY_00,True,5.7238493723849375,171.0,5.690376569037657,170,
_GY8RpsMk9o_00,True,7.5524475524475525,225.0,7.477134655183924,224,
7b4ffyFOo_I_00,True,12.25008695652174,82.0,12.100388407529131,81,
0jk4tWwDKqc_00,True,21.133603238866396,522.0,20.923694779116467,521,
6nlROBgKAnA_00,True,29.25294888597641,744.0,29.25196850393701,743,
Am-8EdFyiOU_00,True,15.027655737704919,229.0,15.023721665788086,228,
CyqcCI-woio_00,True,30.0,438.0,29.99931351685316,437,
KQETX3JfWlE_00,True,5.019607843137255,128.0,5.01302597300071,127,
TwHVVK-smoQ_00,True,14.910829373650108,439.0,14.90911566478317,438,
twdqtlixsj0_00,True,28.17444219066937,463.0,28.170731707317074,462,
yqaUDA6i5GY_00,True,15.04474025974026,443.0,15.011037527593821,442,
QB42gU5X634_00,True,28.347826086956523,163.0,29.365557138032802,162,
tnO5_kjf1II_00,True,11.428571428571429,80.0,11.421687847873528,79,
oV7t0yEbT8c_00,True,29.454545454545453,162.0,29.631898204675064,161,
Hjax6nMPd6Q_00,True,24.6,738.0,24.599465954606142,737,
n77TaXyADls_00,True,15.131448356204057,155.0,15.082956259426847,154,
oAYCNrUXNow_00,True,14.722955899426488,309.0,15.436068689904264,308,
4tXvj7hHsNA_00,True,14.985014985014985,150.0,14.934898377037621,149,
4tXvj7hHsNA_01,True,24.551719466973704,145.0,24.520930828156978,144,
ygTLvXB2H_o_00,True,13.490782721551952,158.0,14.003853289567575,157,
ygTLvXB2H_o_01,True,14.475320597769578,71.0,14.271442842871416,70,
ygTLvXB2H_o_02,True,29.78094460744303,630.0,29.875037325985627,629,
YiQToVQInNw_00,True,23.80952380952381,143.0,24.043752857312178,142,
dEqwcxeYJw4_00,True,28.645249662764257,1146.0,28.644143597269647,1145,
VVgQuJDBIfU_00,True,22.59485480961991,337.0,23.310023310023308,336,
VVgQuJDBIfU_01,True,24.988416409327936,311.0,24.90806913772925,310,
ltBaGt6A30I_00,True,23.379398379398378,337.0,23.693953662665656,336,
c_fIpDR79Wo_00,True,29.687293838237235,210.0,29.82731554160126,209,
FY2wvzTv5vo_00,True,16.035624891713454,145.0,15.984015984015983,144,
FY2wvzTv5vo_01,True,22.305060668232024,582.0,22.32383001613771,581,
J2BlH3gdl0k_00,True,14.933333333333334,448.0,14.9415045112313,447,
qZlVsk7-fsk_00,True,15.016648168701442,451.0,15.0,450,
0DB7w7rLGrk_00,True,15.020862308762169,450.0,14.987649375792778,449,
Lqgoisezv8E_00,True,15.020862308762169,450.0,15.008356880409067,449,
2vEysG50vYY_00,True,10.027855153203342,300.0,10.00836820083682,299,
Tbl7dpfeXl8_00,True,12.910112359550562,383.0,12.790178856923635,382,
SYBMrPb8-3Y_00,True,9.939058171745152,299.0,9.947259496628615,298,
DJ-zFm_TSTM_00,True,15.020862308762169,450.0,14.987482781501894,449,
Wuq6RfJ-yPY_00,True,14.980645161290322,387.0,14.980401288469748,386,
jnarvwUc5NU_00,True,14.779472954230236,444.0,14.787204615156657,443,
jfGiD4S9OiA_00,True,9.933333333333334,298.0,9.913879431203686,297,
JGD3vYYu5S4_00,True,15.030060120240481,250.0,14.999999999999998,249,
mJArIYTPLbE_00,True,14.938775510204081,183.0,14.908256880733944,182,
Tzh_MXLofUI_00,True,14.912621359223301,448.0,14.9415045112313,447,
AeQaR7cklVU_00,True,14.945908460471568,449.0,14.954269310367849,448,
CJYMnDmGxio_00,True,14.966666666666667,449.0,14.974930695820182,448,
63jg9PMxHZM_00,True,14.965909090909092,439.0,14.974358974358974,438,
23huSUeAOso_00,True,8.958217270194986,268.0,8.912477468455839,267,
MCeomZE3fqw_00,True,15.020862308762169,450.0,14.987482781501894,449,
47M8fAuFNOs_00,True,14.945743421052631,297.0,14.94496617186711,296,
XOA5P6Ph6kY_00,True,14.550499445061043,437.0,14.549337604698502,436,
KcWnZOH5CK8_00,True,14.65648854961832,80.0,14.813425839114943,79,
Nn10f6awuTk_00,True,14.981570850202429,394.0,15.004581551618815,393,
e__4RhcKov4_00,True,13.880721220527045,417.0,13.886107216770146,416,
jaCr2wkcYJ8_00,True,10.061281337047355,301.0,10.01401962747847,300,
bw6JUt3iQls_00,True,14.966666666666667,449.0,14.974763512384262,448,
sppaLXwUokY_00,True,15.013055813953489,374.0,15.008248501186978,373,
YmswRbkR2YA_00,True,14.93423271500843,369.0,14.918717314630882,368,
RBxSM1800xg_00,True,10.114285714285714,295.0,10.123618332702042,294,
jbfxAh30dDc_00,True,14.96629213483146,111.0,14.915254237288135,110,
YhXaFioaBfI_00,True,14.966666666666667,449.0,14.974763512384262,448,
aliCOjgqdfU_00,True,9.854748603351956,147.0,9.787709278486943,146,
BVXW2dz2OYA_00,True,10.036363636363637,69.0,10.011778563015312,68,
sRM9RLRUYjI_00,True,15.02183406113537,344.0,15.000437330534417,343,
TvOF9UpguyM_00,True,14.945908460471568,449.0,14.974763512384262,448,
zKzNUiaoHZI_00,True,14.96103896103896,144.0,14.92225816550141,143,
HFgLNfSjd6g_00,True,14.873239436619718,88.0,14.915138007886165,87,
YyJF_uXryNs_00,True,14.914979757085021,307.0,14.957473848861083,306,
YyJF_uXryNs_01,True,15.106598984771574,124.0,14.985380116959064,123,
EpkEvZLzKko_00,True,14.979195561719834,450.0,14.987649375792778,449,
vXrwMyoMA4c_00,True,10.358565737051793,260.0,10.332309410779112,259,
9VsL3A3PJ1Q_00,True,14.854368932038835,102.0,11.222222222222221,101,
W1hVOBEgpJA_00,True,15.055396551724138,376.0,15.015015015015015,375,
mz-y5-ksDA8_00,True,15.037688442211055,399.0,15.018867924528301,398,
BGxp7NOV0AQ_00,True,13.885952712100138,416.0,13.852727151345217,415,
4j9OcguWbcA_00,True,14.883720930232558,448.0,14.883628009189891,447,
mgl0K0RP_y8_00,True,15.016648168701442,451.0,14.983518130056936,450,
SvX1Ifafid0_00,True,14.950092421441774,337.0,14.9610391830952,336,
IrzdCEl72lc_00,True,14.748603351955307,110.0,14.864312014182463,109,
DU2mJPGb3ys_00,True,14.837712519319938,320.0,14.837209302325581,319,
Gi1LR7ikvBo_00,True,18.34119278779473,551.0,18.35903598371053,550,
Zq0TjWFlXQI_00,True,14.979195561719834,450.0,14.987482781501894,449,
mTYWjKznhOY_00,True,14.979195561719834,450.0,14.987649375792778,449,
ifCSaYvb0JA_00,True,14.979020979020978,357.0,14.989473684210527,356,
pS8q0o3ygtI_00,True,15.031578947368422,119.0,14.984126984126984,118,
sja7nF8p6tw_00,True,9.986130374479888,300.0,9.980528622870972,299,
82garGyvexA_00,True,13.660714285714286,102.0,13.40767290588079,101,
WbLH4FMzHeo_00,True,14.952879581151832,238.0,14.968736183919662,237,
PD-N1gMJNXg_00,True,15.013533834586466,416.0,14.999999819277111,415,
6MBstMRZV9g_00,True,14.912621359223301,448.0,14.92088924494292,447,
nRLaHoFoa8s_00,True,10.008658008658008,289.0,9.707756092628172,288,
DHG33zf-bkk_00,True,14.579750346740639,438.0,14.58708859069364,437,
MRyEislt23s_00,True,15.076400679117148,370.0,15.03544943362399,369,
FFkOuMBHngY_00,True,14.966666666666667,449.0,14.974930695820182,448,
jiOupTjSods_00,True,15.018820577164366,399.0,15.000188444578448,398,
7O4STdn35L0_00,True,11.675675675675675,90.0,11.608190948219644,89,
gtKsxCrjJ2Q_00,True,10.061281337047355,301.0,10.01401962747847,300,
QbTAfMWdSN0_00,True,14.474053295932679,430.0,14.420168067226891,429,
TSHPa6dU_yo_00,True,14.520166898470098,435.0,14.506802152622255,434,
uwi_3_tL3us_00,True,15.08108108108108,93.0,15.000815261699005,92,
EAXHuVGCmSA_00,True,14.979195561719834,450.0,14.987482781501894,449,
PYeSHbpGyn4_00,True,14.970297029702971,252.0,14.947594092424962,251,
C7fGGRaVtJs_00,True,14.943396226415095,99.0,14.98012840110058,98,
FImmtvW8KUI_00,True,14.851851851851851,401.0,14.860681482617498,400,
5bxGXH9wjOs_00,True,15.056603773584905,133.0,15.013648771610555,132,
5bxGXH9wjOs_01,True,14.90391459074733,349.0,14.835024298746697,348,
9Pfq8OtTeQA_00,True,14.911242603550296,105.0,14.946823799942512,104,
LDFzVFnuKIg_00,True,14.817275747508306,446.0,14.833333333333334,445,
ZZM8_m1ngcc_00,True,15.0,450.0,14.987482781501894,449,
kM5FhXJsyWA_00,True,15.018181818181818,413.0,14.999817963374232,412,
Mz3oLId8I5Y_00,True,15.010309278350515,364.0,14.995042961004627,363,
_NywzqOXZGE_00,True,14.647058823529411,83.0,14.796102490075786,82,
C5Vqz3BcyAs_00,True,14.909090909090908,123.0,14.938165789151464,122,
nS5_c56gJKM_00,True,14.979195561719834,450.0,14.987649375792778,449,
QfxL7R00yJE_00,True,14.943109987357776,394.0,14.924239547336043,393,
WeNSWeu3fe4_00,True,14.979195561719834,450.0,14.987649375792778,449,
rEKHRhOLjm4_00,True,15.031634032634033,383.0,14.992739118489737,382,
PIcPcm3xtX8_00,True,14.651162790697674,105.0,14.596491228070175,104,
6z5WuGfCv1U_00,True,15.07154213036566,395.0,15.033577533577535,394,
2CilSgyYnK0_00,True,14.883720930232558,448.0,14.9,447,
ov4h43VcSuQ_00,True,14.979195561719834,450.0,14.987649375792778,449,
gmz3d4kegRk_00,True,14.84140616966581,379.0,14.840406737073534,378,
VXFyQ2zekTg_00,True,14.895104895104895,71.0,14.78664976763836,70,
d0uvO8FDM6U_00,True,10.028169014084508,89.0,10.009099181073704,88,
_wf9h2X_uU0_00,True,14.230088495575222,67.0,14.141847010927792,66,
Gg9E2AQBMpM_00,True,14.966666666666667,449.0,14.9749301952654,448,
o5neAPqmNm8_00,True,8.195121951219512,168.0,8.146341463414634,167,
uD3kjTme_dU_00,True,14.840579710144928,128.0,14.867712479512996,127,
uD3kjTme_dU_01,True,15.123287671232877,46.0,15.0,45,
gRuYZISmQ3k_00,True,14.98019801980198,445.0,14.976190387046486,444,
c2lwfGKeaQU_00,True,14.048366834170855,355.0,13.973868077211543,354,
Sv7nUzdTUDo_00,True,14.959349593495935,345.0,14.956521739130435,344,
RHwcGsU3d08_00,True,15.020862308762169,450.0,14.987482781501894,449,
HjA3G2yYrNg_00,True,14.901098901098901,226.0,14.933297935886374,225,
kR4rLZ7ANAQ_00,True,14.925373134328359,125.0,14.880595223808951,124,
Tx7F-6IsLCU_00,True,15.03370786516854,223.0,15.0,222,
ZQ4epUNXIYU_00,True,14.979195561719834,450.0,14.987649375792778,449,
DksclwuFCXI_00,True,14.85899513776337,382.0,14.86829268292683,381,
7sPi12elNPc_00,True,14.966789667896679,338.0,14.977777777777778,337,
BX8gqiZIIHs_00,True,14.848484848484848,147.0,14.897959183673468,146,
CIN6BgkbMDQ_00,True,14.970095982142857,439.0,14.902521179953046,438,
CftpplTN-Qc_00,True,7.02928870292887,210.0,6.99581589958159,209,
qWlYogH_23M_00,True,14.979195561719834,450.0,14.987649375792778,449,
pVzWMPYJOrI_00,True,11.393939393939394,94.0,11.446153846153846,93,
R9u_i3M7YYA_00,True,14.979865771812081,372.0,14.979609964872614,371,
RKxTyn2z-QQ_00,True,14.979195561719834,450.0,14.987649375792778,449,
D6jE82ExHv4_00,True,10.051282051282051,49.0,10.01669449081803,48,
D6jE82ExHv4_01,True,9.551020408163266,234.0,9.526535284978332,233,
MenTH2yFi6c_00,True,14.945908460471568,449.0,14.933333333333334,448,
h9vCRW9MVKI_00,True,15.020862308762169,450.0,14.987649375792778,449,
F40LX7-M7xc_00,True,14.265486725663717,403.0,14.25127623369257,402,
_KmJLS_TJKY_00,True,14.912621359223301,448.0,14.920723392720149,447,
8jfM1_kqjuY_00,True,5.016722408026756,150.0,4.994469211946503,149,
32Ou4XKEmgs_00,True,14.848920863309353,344.0,14.885860602378266,343,
NxY_zN9UWqA_00,True,14.979195561719834,450.0,14.987649375792778,449,
YP7fpPBpqis_00,True,14.980184940554821,378.0,14.979934040608732,377,
ufVELUluHJE_00,True,14.968944099378882,241.0,14.969126177259401,240,
jBUe4pPfIEg_00,True,15.020862308762169,450.0,14.987649375792778,449,
HMh6V4MXD38_00,True,15.04,235.0,14.936169894975109,234,
uC7g8msxRak_00,True,14.973637961335676,355.0,14.984126984126984,354,
LrMyR9M_g3I_00,True,14.945908460471568,449.0,14.974763512384262,448,
3Jiii8dJ4UY_00,True,10.047287899860917,301.0,10.01401962747847,300,
mEEMZBZHIrc_00,True,14.6129203539823,438.0,14.611963754305012,437,
QE6eIgOY5v8_00,True,15.169811320754716,67.0,14.945652173913043,66,
yaP_9SJBWUg_00,True,15.100157800487109,459.0,15.083817612800772,458,
-dqVECYKOk4_00,True,15.208655332302937,410.0,15.409539597618867,409,
THjJUsS8MXk_00,True,15.016648168701442,451.0,14.966574649948448,450,
wVHxOW_jAvo_00,True,15.021897810218977,343.0,15.005484241236065,342,
yA0g2eWjmNs_00,True,14.945908460471568,449.0,14.974763512384262,448,
FGZ7r8JC1MY_00,True,14.98021978021978,284.0,14.993377483443709,283,
YkJBdoMtBfU_00,True,14.790697674418604,106.0,14.857789726899675,105,
YkJBdoMtBfU_01,True,15.020632737276479,364.0,15.0,363,
y-yIv_dFHuc_00,True,15.076,115.0,15.07537688442211,114,
x7R33QUiHHM_00,True,14.838174273858922,447.0,14.866666666666667,446,
Ok6RsksG3fY_00,True,13.589958158995817,406.0,13.537453621686666,405,
xBSWuwJElBc_00,True,14.901960784313726,190.0,14.921052238919678,189,
w-oDFvzkC8o_00,True,15.026939086294416,378.0,14.94904635393949,377,
aP-xY6fjndg_00,True,10.548974770642202,317.0,10.550918196994992,316,
1ySfr7IZBs8_00,True,14.974003466204506,360.0,14.932823093881288,359,
0jlyeLcFLVc_00,True,25.091187881885556,648.0,25.085297766749378,647,
kkwEN_zBCx8_00,True,23.03347280334728,367.0,23.0188679245283,366,
kkwEN_zBCx8_01,True,19.626168224299064,140.0,19.952152155399418,139,
kkwEN_zBCx8_02,True,16.097560975609756,220.0,16.42500041062501,219,
nbSL1Tri9gc_00,True,27.333333333333332,164.0,28.43188557474272,163,
h7MY4vNQ2Ak_00,True,14.7330066518847,442.0,14.732411304870714,441,
IlublX9hlVc_00,True,14.912621359223301,448.0,14.92088924494292,447,
fcJD3Xt4zzA_00,True,14.945908460471568,449.0,14.954269310367849,448,
5caUHPE480M_00,True,24.849624060150376,661.0,24.8868778280543,660,
eilpGahN9JI_00,True,14.979195561719834,450.0,14.987649375792778,449,
EJodW3XFdU4_00,True,25.0,751.0,25.0,750,
JvLt2kMm3Qs_00,True,14.871165644171779,101.0,14.907573047107931,100,
qfCt6R_rTMY_00,True,14.979195561719834,450.0,14.987649375792778,449,
u4lFhg1C20o_00,True,18.120133481646274,543.0,18.086561884739883,542,
Uc85umAPCc0_00,True,29.7669256381798,894.0,29.766666666666666,893,
eZGqsmnXpHQ_00,True,30.0,272.0,29.99778614124419,271,
jzIahqK1XpM_00,True,24.9,747.0,24.899866488651536,746,
7ufiKhY4D_Y_00,True,29.700332963374027,892.0,29.732705976574234,891,
vcN-clDH2A8_00,True,29.933407325194228,899.0,29.966296259218474,898,
R29vBQmDFq4_00,True,21.38580931263858,643.0,21.4,642,
oXHq9qN7jyk_00,True,14.925207756232687,449.0,14.954269310367849,448,
dI-ueIMSLZQ_00,True,30.0,900.0,29.999666299596225,899,
aPenMcX0LNY_00,True,30.0,786.0,29.99961783926319,785,
PI75_k43UTI_00,True,20.041322314049587,194.0,20.020746887966805,193,
QeZz4_zmy1I_00,True,10.027079303675048,216.0,10.0,215,
pcT3Lr767_M_00,True,30.0,528.0,29.999430750839643,527,
6rvo5STkUPw_00,True,29.766666666666666,893.0,29.76607601695198,892,
gzu1NnmXMuY_00,True,13.473451327433628,203.0,13.527087658206657,202,
X0SCL-_zJ3o_00,True,29.833333333333332,895.0,29.83281609770748,894,
fxiCDDZx2YM_00,True,26.600985221674875,800.0,26.633333333333333,799,
jrbryXS0w74_00,True,28.337028824833702,852.0,28.366666666666667,851,
Urin3yuptr8_00,True,22.71812080536913,677.0,22.55814729535823,676,
rJaAl_YfQiM_00,True,28.401775804661487,853.0,28.43127440184203,852,
H6DKiF_kwIs_00,True,15.008849557522124,424.0,14.995214293310644,423,
kbpb8IGOAP0_00,True,14.945908460471568,449.0,14.974763512384262,448,
2dgMA7afLFc_00,True,27.069464544138928,645.0,27.065646801714717,644,
zDgcljcRR8A_00,True,23.5,705.0,23.492508425935196,704,
KfSjYfTH-H4_00,True,17.114093959731544,510.0,16.98931909212283,509,
1ot_Dyi6XyI_00,True,29.900110987791344,898.0,29.932926218840727,897,
llwNilbilqg_00,True,29.66740576496674,892.0,29.7,891,
ITHSYGUkuV8_00,True,29.933407325194228,899.0,29.966296259218474,898,
dW7rp-cXNMY_00,True,29.933481152993348,900.0,29.966666666666665,899,
QSPGXxzUXVs_00,True,18.37549933422104,552.0,18.391188251001335,551,
24R72DZBQ5k_00,True,30.0,776.0,29.999225826430287,775,
9eE5_INjzaQ_00,True,30.0,159.0,29.998101385988228,158,
vii3d_HkqvY_00,True,29.824046920821115,339.0,29.91150442477876,338,
qzOpk_d1pGU_00,True,28.894545454545455,548.0,28.894406000739526,547,
3yNBYymxHys_00,True,29.766666666666666,893.0,29.76607601695198,892,
cVil8sERLjg_00,True,29.4559585492228,379.0,29.45531052754617,378,
kMm9K4FKQyA_00,True,28.9,867.0,28.899419341920844,866,
nKC_z-VEBfE_00,True,23.501997336884155,706.0,23.531375166889184,705,
nnY1sFj3-Ag_00,True,24.304347826086957,559.0,24.330688061393566,558,
CRFFj83OIDU_00,True,18.666666666666668,280.0,18.550531914893615,279,
l_2BO67srNo_00,True,29.753086419753085,241.0,29.876758371716672,240,
M7tbQSvMe5o_00,True,29.733333333333334,892.0,29.732705976574234,891,
FNS3OiJwL0k_00,True,29.700332963374027,892.0,29.732705976574234,891,
X59Tadp1bjg_00,True,18.34119278779473,551.0,18.333333333333332,550,
zSujHC7MOcU_00,True,23.50398936170213,707.0,23.56475300400534,706,
oeRlPluv-eY_00,True,29.635627530364374,732.0,29.675638371290546,731,
bDLOyLAi51k_00,True,19.984447900466563,514.0,20.00780031201248,513,
V9uox3MIVrA_00,True,29.866814650388456,897.0,29.866666666666667,896,
dEINXAEIQjA_00,True,20.023696682464454,169.0,20.09569377990431,168,
AFK28KnqDOQ_00,True,24.479166666666668,94.0,24.73404255319149,93,
Mujpcz6MX4g_00,True,29.766666666666666,893.0,29.76607601695198,892,
HYr1QeHHFkI_00,True,29.733629300776915,893.0,29.76607601695198,892,
_SK-OKBNWj0_00,True,16.211453744493394,368.0,16.16740088105727,367,
0jCQy-BZ1uw_00,True,30.0,900.0,29.999666299596225,899,
UntkxMpwFSY_00,True,28.5,855.0,28.498014482597526,854,
c3B2ddiaBcQ_00,True,28.866666666666667,866.0,28.86508492675276,865,
Sm-U6h1VUYQ_00,True,24.89432703003337,746.0,24.8606800814229,745,
r-k-zVvecKs_00,True,14.148760330578513,214.0,14.400000649014114,213,
cSCM3PYMKRo_00,True,25.020850708924105,728.0,25.015169102199042,727,
cSCM3PYMKRo_01,True,25.111187234573173,584.0,25.104206138688898,583,
YQxqeP2Q_-M_00,True,11.569148936170214,348.0,11.748998664886516,352,
FAEmPbAt0Wk_00,True,14.983351831298558,450.0,14.983148129609237,449,
HC89136mZXs_00,True,14.979195561719834,450.0,14.987649375792778,449,
UZmfc00aSSQ_00,True,15.057124600638979,292.0,15.006188118811881,291,
NHOOHKL_z8s_00,True,14.979195561719834,450.0,14.987482781501894,449,
dbIlU1q8lfM_00,True,14.979195561719834,450.0,14.987482781501894,449,
u3KPKXc9A1c_00,True,14.945908460471568,449.0,14.933333333333334,448,
fFxTIUK_Ju0_00,True,14.966666666666667,449.0,14.974930695820182,448,
fd3l6Z3OSXE_00,True,14.74618585298197,443.0,14.753824920765785,442,
jriayW0n33c_00,True,14.912621359223301,448.0,14.920723392720149,447,
iiBMFJqcrGY_00,True,15.016648168701442,451.0,15.0,450,
3AvjUT91bJA_00,True,15.020862308762169,450.0,14.987482781501894,449,
ssoscEvTTLc_00,True,15.272727272727273,91.0,15.103205235777816,90,
WagIvmw1jcI_00,True,14.805970149253731,124.0,14.909090909090908,123,
WagIvmw1jcI_01,True,15.02803738317757,67.0,15.085714285714285,66,
tJlFR_bbD6s_00,True,14.931818181818182,219.0,14.948913118014126,218,
NbRmwSIXDzw_00,True,14.333333333333334,430.0,14.339833188631381,429,
joRCqlk5sSA_00,True,15.020862308762169,450.0,14.987482781501894,449,
Sb3SaOYjrrs_00,True,15.020862308762169,450.0,14.987482781501894,449,
Xy3P5EhdZ7k_00,True,13.81431068931069,413.0,13.780862148798324,412,
xCSV8hDQPDo_00,True,14.966740576496674,450.0,14.916943521594684,449,
9eOu-gdsJD4_00,True,9.667132867132867,288.0,9.579972290180498,287,
_75B7Y8QaX0_00,True,16.0,196.0,15.972696681848374,195,
klHFoVQo--8_00,True,14.930875576036867,108.0,14.861111111111112,107,
ja62cRF2tbQ_00,True,14.963855421686747,414.0,14.972809305793128,413,
QGE0dV-iaSY_00,True,15.093167701863354,81.0,15.000937558597412,80,
NeOMWr9b_7I_00,True,15.021398002853067,351.0,15.000214288775554,350,
XPErIB4xgYg_00,True,14.903790087463557,213.0,14.964706586574428,212,
IjYlfr_dwaE_00,True,14.969491525423729,184.0,14.938775510204081,183,
G4QrIWuvNoM_00,True,14.913294797687861,215.0,14.930579780925138,214,
1jCpA4y5NHY_00,True,14.950055493895672,449.0,14.949778089231488,448,
5CNGhR8vBBk_00,True,14.983351831298558,450.0,14.983148129609237,449,
WouBHgQJBM4_00,True,14.945908460471568,449.0,14.974763512384262,448,
SUjTl7OifoA_00,True,14.950055493895672,449.0,14.949778089231488,448,
ZyHloKpLTDs_00,True,30.0,901.0,30.0,900,
tmv5qTrk8H4_00,True,14.89655172413793,126.0,14.925373134328359,125,
6Wt8Y2Z1dkc_00,True,14.945908460471568,449.0,14.974763512384262,448,
dO_jtPluv5Q_00,True,14.98320895522388,375.0,14.833029269453476,374,
lRcaIAGppGs_00,True,14.945908460471568,449.0,14.974763512384262,448,
R9r3my7Q7po_00,True,14.035476718403547,422.0,13.879121031638693,421,
QaJHRtPAQRE_00,True,9.615384615384615,325.0,10.8,324,
oCp56IFmInU_00,True,15.020862308762169,450.0,15.008356880409067,449,
pyL525xZdfw_00,True,14.892857142857142,139.0,14.91891891891892,138,
HQSjoUe8M8U_00,True,14.979195561719834,450.0,14.987482781501894,449,
U46ElqUKa_4_00,True,30.0,814.0,30.0,813,
C5OJEzm0dio_00,True,14.846511627906978,133.0,14.94339679031686,132,
mh2N02NQ-bQ_00,True,14.912621359223301,448.0,14.92088924494292,447,
zWKHAyNKlF4_00,True,14.983388704318937,451.0,14.983518130056936,450,
2wWw4MidlLY_00,True,14.883720930232558,448.0,14.9,447,
mD8Lu8KAoYc_00,True,15.11111111111111,68.0,15.028038506769235,67,
J4QZ5vJy-3E_00,True,10.969325153374234,298.0,10.096317509264987,297,
gACmlFi5x0A_00,True,14.940711462450594,378.0,14.96031746031746,377,
Rsl5cRsKZQ8_00,True,14.967880085653105,233.0,14.96774193548387,232,
hQJqYD_MpRw_00,True,17.58448753462604,529.0,17.624674544362108,528,
P74ieG--On8_00,True,15.071144578313254,235.0,15.067611075338055,234,
oiF_zB8j6MM_00,True,14.983351831298558,450.0,14.983148129609237,449,
-z1jK6UwRec_00,True,14.966666666666667,449.0,14.974763512384262,448,
K4we-6FhePo_00,True,15.016648168701442,451.0,15.0,450,
dPXXrFXPqGc_00,True,13.35960591133005,226.0,13.810459121041001,225,
MXO-t9vukaM_00,True,14.4,57.0,14.769233366019053,56,
dCV66Y9tV1s_00,True,14.981773997569867,411.0,14.981547118792706,410,
idAIp622PoY_00,True,12.942743009320905,324.0,12.92,323,
o51jfgj-KEA_00,True,15.020862308762169,450.0,15.008189323795834,449,
Xdpsr1GVl4U_00,True,13.847434119278779,416.0,13.8139937420944,415,
-_J5xdxCZZU_00,True,14.64935064935065,141.0,14.608696160302475,140,
aMOOElIYyiU_00,True,14.979195561719834,450.0,14.987482781501894,449,
oc1DL7vLskc_00,True,14.950055493895672,449.0,14.949778089231488,448,
Ej9_uEsIejA_00,True,13.814147018030512,415.0,13.819347085920288,414,
9j0swlmm6eg_00,True,14.983351831298558,450.0,14.983148129609237,449,
OcSiHrgFRNs_00,True,15.046604527296937,452.0,14.9734395750332,451,
6rWXOsN-MDM_00,True,25.0,751.0,25.0,750,
FKB8WfghbV0_00,True,14.717607973421927,443.0,14.700502211727143,442,
Dupsb1RMpXM_00,True,14.76121562952243,340.0,14.73913043478261,339,
YWFPaOR1CZc_00,True,14.93927125506073,369.0,14.919322143841725,368,
L821I_3rs6Y_00,True,12.834850455136541,329.0,12.846120706536638,328,
1hJlpaZsYa8_00,True,15.847176079734218,159.0,15.8,158,
J4EFIegLA-I_00,True,14.950055493895672,449.0,14.933333333333334,448,
fLdSFP_8PJ4_00,True,9.851222104144528,309.0,10.277972436346648,308,
knWz2A2w3Ts_00,True,15.050055617352614,451.0,15.016518169986986,450,
vWus0so2b0w_00,True,27.75800711743772,520.0,27.853807760425052,519,
typL5MlQdQU_00,True,19.80066445182724,596.0,19.833333333333332,595,
91JpOFnaiD4_00,True,14.916666666666666,179.0,14.936645128807585,178,
Zt2cNzpQIZc_00,True,25.0,175.0,25.0,174,
1D0KxP4drTU_00,True,23.38949832983246,327.0,23.373754872549583,326,
5TdEe3ikbEM_00,True,24.705882352941178,224.0,24.93506586029929,224,
5TdEe3ikbEM_01,True,26.54320987654321,215.0,26.845358610692077,217,
zz0qZ-sSCbY_00,True,18.493150684931507,162.0,18.463302752293576,161,
CLxtkUlDwYs_00,True,14.72660655737705,222.0,14.720575501232265,221,
D7D-zT4wxC4_00,True,15.033860045146726,222.0,15.000339374193986,221,
S4pRVJ-We44_00,True,15.089016835016835,221.0,15.020140643135113,220,
mM1mhT8o578_00,True,14.950166112956811,450.0,14.916943521594684,449,
Dum9n19ZHYk_00,True,15.030664,218.0,15.021459227467812,217,
neRsGdCvROM_00,True,14.786937931034483,414.0,14.78537930046898,413,
QQ3MyzcyOL4_00,True,14.782608695652174,374.0,14.78222961994214,373,
EEYAqpWdNAE_00,True,14.342771982116245,401.0,14.349775784753364,400,
Ex8VtDfLq8M_00,True,14.95176848874598,155.0,14.95145631067961,154,
OlkuOuXVfQ8_00,True,14.385382059800664,433.0,14.4,432,
BFN3VYJ9ARs_00,True,23.763157894736842,602.0,23.72399636837327,601,
JmRMCNbbhOY_00,True,20.575539568345324,572.0,20.53956834532374,571,
iQbsvy9KGC8_00,True,14.924623115577889,198.0,14.887024862087205,197,
-PpBteU0p3Q_00,True,14.979195561719834,450.0,14.987649375792778,449,
ozCjkCKp6DQ_00,True,8.789546079779917,213.0,8.724279835390947,212,
oocg-wnFMDE_00,True,14.945908460471568,449.0,14.954269310367849,448,
Zw3DbNY6ZpE_00,True,12.18645948945616,366.0,12.180064737878334,365,
g1vKgJ9RN8c_00,True,15.166051660516604,137.0,15.054239539517381,136,
NJvjYUBWAc0_00,True,14.591464114832537,368.0,14.58664546899841,367,
CpBPz9n7_Rg_00,True,14.8153078202995,371.0,14.8,370,
3wK_g1985p4_00,True,14.017758046614873,421.0,14.015416958654521,420,
AOlLjNQ2vu4_00,True,14.879334257975035,447.0,14.907911889561118,446,
3dIt2gBnS7o_00,True,11.222416812609458,267.0,11.2,266,
w_4-UPeU_zc_00,True,13.76608040201005,350.0,13.692180940797991,349,
Uf-KkS36dZg_00,True,14.915254237288135,110.0,14.947888096544158,109,
IbJBE53NXZc_00,True,14.745762711864407,145.0,14.281463850044629,144,
W0qpYlyc-Ws_00,True,13.018867924528301,391.0,13.029098319580397,390,
LI8ZZcRlFV8_00,True,14.950819672131148,76.0,14.755065905961047,75,
9AnFK85qRjM_00,True,14.826666666666666,139.0,14.91891891891892,138,
0J5lP1YbTHc_00,True,14.031180400890868,420.0,13.997928707446631,419,
zjHAkzyXOCg_00,True,14.517203107658158,436.0,14.515967564320754,435,
lfQuoQHfc4k_00,True,14.911242603550296,84.0,14.909286869049756,83,
JM2EUK2Odg8_00,True,15.09433962264151,80.0,14.722325754752145,79,
oWLWFTK4QdU_00,True,25.051546391752577,243.0,25.033619530361022,242,
oWLWFTK4QdU_01,True,25.098039215686274,256.0,25.0,255,
oWLWFTK4QdU_02,True,25.178571428571427,188.0,25.15807883761604,187,
WyJmpozauFo_00,True,14.931506849315069,109.0,14.861703591578367,108,
fbkRjY737QE_00,True,14.979195561719834,450.0,14.987649375792778,449,
XOIVTT7Fn9U_00,True,11.56786703601108,348.0,11.582882702450098,347,
5ZHUJ6AwHGA_00,True,14.835164835164836,225.0,14.809917355371901,224,
vrkLno9PSfU_00,True,14.950166112956811,450.0,14.966666666666667,449,
Vtp5G_Z5BZQ_00,True,13.80952380952381,87.0,13.870967741935484,86,
Vtp5G_Z5BZQ_01,True,14.233576642335766,65.0,14.11868519744099,64,
mRbMWblAmzo_00,True,24.933422103861517,749.0,24.966622162883844,748,
3Gc1wi2Qp4g_00,True,6.490066225165563,196.0,6.507157873661027,195,
cF1M5Rhn8Zs_00,True,14.725274725274724,134.0,14.723790545776598,133,
rDkG2tN8W8o_00,True,14.971122112211221,382.0,14.96898238264711,381,
hHLYbcQzL0U_00,True,14.952879581151832,119.0,14.984126984126984,118,
F8PPMv46IQk_00,True,20.708502024291498,341.0,20.647355316693996,340,
p-Tdocrz9HI_00,True,14.980645161290322,387.0,14.980401288469748,386,
kUsZnGYhevs_00,True,14.906832298136646,80.0,14.90566037735849,79,
9P_vAk9ZExI_00,True,14.950166112956811,450.0,14.950221423101254,449,
vtXjJLurYMY_00,True,14.974958263772955,299.0,14.974874371859297,298,
UCNyjybsbiU_00,True,14.921875,382.0,14.980340956492018,381,
x7yDzEf3TxM_00,True,14.983351831298558,450.0,14.983148129609237,449,
BGXx55xRiic_00,True,14.983351831298558,450.0,14.983148129609237,449,
jsh--BYn0pc_00,True,15.043227665706052,174.0,15.000433538541575,173,
ggSUG42G9YE_00,True,15.016648168701442,451.0,15.016518169986986,450,
qCDsyJKE1MA_00,True,14.950166112956811,450.0,14.966666666666667,449,
AjhYRdkLdRc_00,True,14.980988593155894,394.0,14.980559579172068,393,
nHKTuIJZA1U_00,True,15.085714285714285,88.0,14.808510638297872,87,
nKz4V0ajOgc_00,True,14.979195561719834,450.0,14.987649375792778,449,
N8kPF4qITIM_00,True,14.947368421052632,284.0,14.960352950144598,283,
xwp9G0TuTUk_00,True,14.983351831298558,450.0,14.983148129609237,449,
uGvzo8mRSSo_00,True,18.933333333333334,568.0,18.9,567,
Ov8CuX37yeo_00,True,30.0,657.0,29.999542689898018,656,
1yWbvi0K6Eg_00,True,14.979498861047835,274.0,14.95890410958904,273,
EyZo7F2P35A_00,True,14.983351831298558,450.0,14.983148129609237,449,
yTkouPWrmpU_00,True,15.018359853121176,409.0,15.0,408,
pnV5RLCskPI_00,True,14.950166112956811,450.0,14.966666666666667,449,
x4jVejiZNsI_00,True,15.016648168701442,451.0,15.0,450,
_Etcfb7cUH8_00,True,15.020862308762169,450.0,14.987649375792778,449,
SWAI7FYPhjc_00,True,13.756906077348066,415.0,13.819347085920288,414,
GI1-kjZaEWM_00,True,14.64935064935065,376.0,14.6484375,375,
5mrzzNJQOug_00,True,14.93362831858407,450.0,14.983314627549337,449,
ue2PvUTPXTs_00,True,14.969818913480886,310.0,14.981818181818182,309,
FOPldt8txP4_00,True,15.016648168701442,451.0,15.0,450,
FDjxbPaxmho_00,True,15.0,450.0,14.983148129609237,449,
SH93O7eHV08_00,True,14.441162790697675,294.0,14.439899462816026,293,
MvV_hkztDqE_00,True,15.020862308762169,450.0,15.008189323795834,449,
HGediRhCK14_00,True,15.482625482625483,401.0,15.484070762203384,400,
2IY6PpDm85k_00,True,15.08300395256917,318.0,15.035097704420412,317,
Th2EbZpLkrk_00,True,17.571428571428573,451.0,17.60081354871514,450,
5ZYWhoVVLGI_00,True,14.980340760157274,381.0,14.980092245831198,380,
IrdhgFvZE1Y_00,True,14.835164835164836,135.0,14.88888888888889,134,
0Kh7K1ftejg_00,True,15.211267605633802,36.0,15.002143163309047,35,
qdHRfSReZ0w_00,True,14.788732394366198,105.0,14.785328404890533,104,
0sxbjc7SAZA_00,True,14.983351831298558,450.0,14.983148129609237,449,
egyW5DsK8BQ_00,True,14.709677419354838,190.0,14.77485928705441,189,
A6Ut8jw-oLs_00,True,14.933333333333334,448.0,14.920723392720149,447,
6Xd4Xk76ylQ_00,True,14.979195561719834,450.0,14.987482781501894,449,
Qbgh3C8ew2o_00,True,14.985014985014985,450.0,14.985014818310699,449,
P7BOK9E4kS8_00,True,14.979195561719834,450.0,14.987482781501894,449,
Cu3dl1ABN2k_00,True,14.251857010213556,343.0,14.25,342,
ed96OpSybeQ_00,True,14.885114885114884,447.0,14.753458462067734,446,
W1YnYuUFxwg_00,True,12.915395284327323,388.0,12.91794172926778,387,
MQI5ApNNZPI_00,True,28.51744617668894,856.0,28.452447424619233,855,
k9lZ453AVO8_00,True,14.892690513219284,399.0,14.878504672897197,398,
JDc09Tn1tR8_00,True,14.945908460471568,449.0,14.974763512384262,448,
a3T2DygvH4w_00,True,14.979195561719834,450.0,14.987649375792778,449,
7KAkcOyPqkw_00,True,14.915254237288135,110.0,14.947888096544158,109,
2UWHJTklurQ_00,True,14.571428571428571,170.0,14.485300419988,169,
i09Z9tesnac_00,True,14.933333333333334,448.0,14.94133770097269,447,
T5396f4sJ5w_00,True,10.673521850899743,173.0,10.694522166262514,172,
r_Ca7EkJDdg_00,True,14.905263157894737,177.0,14.925795896864786,176,
8j-qfY6_Bxg_00,True,14.953271028037383,200.0,14.971787584791855,199,
iKpoAkiKqjw_00,True,12.039473684210526,61.0,13.333333333333334,60,
OdgIl355A80_00,True,15.017543859649123,107.0,15.05325586303014,106,
hAaMPL2ieyE_00,True,14.933333333333334,448.0,14.94133770097269,447,
9KTcbXYyzWI_00,True,14.966666666666667,449.0,14.974930695820182,448,
4RAe_LEFTTU_00,True,14.858725761772853,447.0,14.887343698329277,446,
gnyMlVu3LzY_00,True,15.0,405.0,14.986274946212628,404,
vPWarRX_sVI_00,True,15.0,450.0,14.987482781501894,449,
ntjBOrqvD6Q_00,True,30.0,900.0,30.000000667408248,899,
_5e--tkpUck_00,True,14.912621359223301,448.0,14.92088924494292,447,
xsX4nrMR0ds_00,True,13.39612188365651,403.0,13.41878630082115,402,
3oxYxwfTwro_00,True,24.53125,157.0,24.68354430379747,156,
6yQNWmpmUPk_00,True,29.36026936026936,872.0,29.359220682913676,871,
J19P9fWUj2U_00,True,15.020862308762169,450.0,15.008189323795834,449,
8ZzJdjQi-aM_00,True,27.43946188340807,211.0,27.55655983906969,210,
vqIPnFuQ22c_00,True,30.0,901.0,30.0,900,
yD3Q70U-bD4_00,True,29.933333333333334,898.0,29.933259842786647,897,
RokQ01Hx_Fg_00,True,29.933407325194228,899.0,29.966296259218474,898,
6fIB4cD0IrE_00,True,30.0,767.0,29.999216730633666,766,
yWyxEWTof1A_00,True,22.310126582278482,470.0,22.333333333333332,469,
_Bm8NYVbTN4_00,True,14.987482614742698,449.0,14.954269310367849,448,
coukijt9MpI_00,True,30.0,645.0,29.99953416872409,644,
kgfitHjT3cs_00,True,14.812760055478503,445.0,14.841060266737975,444,
jopSKVpAIos_00,True,14.709677419354838,437.0,14.594142259414227,436,
QrKQoabj12w_00,True,14.979195561719834,450.0,14.987649375792778,449,
neosg71VJkY_00,True,13.060773480662984,394.0,13.056478405315614,393,
5uh8-3q51uI_00,True,30.0,900.0,30.000000667408248,899,
udxjyNtNiV4_00,True,30.0,900.0,29.999666299596225,899,
cZkJ009T8mU_00,True,30.0,900.0,30.000000667408248,899,
DZBg6CcIi6Y_00,True,30.0,901.0,29.933480821136577,900,
cYwpWiiwZro_00,True,29.933481152993348,900.0,29.966666666666665,899,
wQ0jtlL3tbA_00,True,29.933407325194228,899.0,29.966630255097446,898,
aw8RbjIaKKA_00,True,30.0,901.0,30.0,900,
NXGMpjaYFsw_00,True,29.933407325194228,899.0,29.966296259218474,898,
iAsAPYpjkS8_00,True,29.134295227524973,875.0,29.165415290152502,874,
y7FiOf3tpnk_00,True,14.406685236768801,431.0,14.393305439330543,430,
l1_qLRlQw8U_00,True,10.047287899860917,301.0,10.0418410041841,300,
iKor62WhYgc_00,True,10.219140083217754,307.0,10.21430002002804,306,
5GV2ouD2_hA_00,True,11.660314960629922,342.0,11.603375527426161,341,
k88wOc1q7kI_00,True,11.98326359832636,358.0,11.966614152113433,357,
42g5gRbzYhY_00,True,30.0,294.0,29.99999897610925,293,
42g5gRbzYhY_01,True,30.0,285.0,29.99999894366201,284,
x8GY43DccAs_00,True,30.0,619.0,29.999999999999996,618,
unTKXNwIN1A_00,True,29.92258064516129,773.0,29.960802576939496,772,
oGQRRhrK2LA_00,True,30.0,470.0,30.000639672487686,469,
SA_ZC0qlqdg_00,True,20.92,523.0,21.277463009008272,522,
lj2jsTChFEo_00,True,28.665865384615383,795.0,28.69844941627209,794,
aLrHglJ_H6o_00,True,29.57943925233645,211.0,29.71557945379935,210,
yd7QK62ESfM_00,True,28.697068403908794,881.0,29.333333333333332,880,
7jr-TzLKTrU_00,True,29.543478260869566,453.0,29.542483660130717,452,
rk8CtIpbG5w_00,True,29.766666666666666,893.0,29.766407781232655,892,
pyq3j3CobZ0_00,True,29.79381443298969,289.0,29.89619480609671,288,
Y3OQspLTLok_00,True,29.933407325194228,899.0,29.966630255097446,898,
64ZEWTQY7SY_00,True,29.933481152993348,900.0,29.834400823017955,899,
tmZqFNBoF-E_00,True,20.587583148558757,619.0,20.6,618,
7ZCKQq8C3X0_00,True,29.933407325194228,899.0,29.966630255097446,898,
soihnyrvZms_00,True,30.0,498.0,29.99939639041468,497,
6wS8Dv8-S8s_00,True,30.0,900.0,30.000000667408248,899,
m33jiO8xGLk_00,True,29.933481152993348,900.0,29.899890245119234,899,
9XfMq4ikGTU_00,True,29.466666666666665,884.0,29.466074070435464,883,
_-XReeuhpiE_00,True,23.2,696.0,23.192178062535458,695,
vR3sZ1IxPAo_00,True,29.90228013029316,459.0,29.934640522875817,458,
vR3sZ1IxPAo_01,True,29.96594778660613,440.0,29.965870307167236,439,
3gFe7GtkEPk_00,True,30.024979184013322,601.0,30.0,600,
ao3VuM_p4_8_00,True,29.920739762219288,755.0,29.920634920634917,754,
-T_E4YhtjyE_00,True,29.933407325194228,899.0,29.966630255097446,898,
QfHs3610Fw4_00,True,29.933407325194228,899.0,29.966630255097446,898,
75qRY47mjfQ_00,True,29.50110864745011,887.0,29.40298012146152,886,
TPVutn4rHsU_00,True,30.0,900.0,29.999666299596225,899,
6CW7HogT0ZA_00,True,30.0,390.0,30.000001542416527,389,
vC6P5GxfX-Q_00,True,29.933407325194228,899.0,29.966296259218474,898,
obqvQOIyzL4_00,True,29.933407325194228,899.0,29.966630255097446,898,
ob6zKCT1SGE_00,True,30.0,796.0,30.0,795,
QnEqrBCB7Ak_00,True,29.933407325194228,899.0,29.966630255097446,898,
v45DbbZotgI_00,True,30.0,900.0,29.999666299596225,899,
ZQOzzKybkTA_00,True,29.367369589345174,882.0,29.399333245813864,881,
Vh13EbZJAiA_00,True,30.0,779.0,30.000385609069525,778,
GtL1Onu28Iw_00,True,26.982758620689655,313.0,27.05202390323769,312,
BY9XdpYwLto_00,True,9.220489977728285,276.0,9.176761103880937,275,
cHJRsctghpY_00,True,30.0,901.0,30.0,900,
aD4MQN4ZM18_00,True,29.49438202247191,175.0,28.679742871270808,174,
6eUG-Pp36_s_00,True,26.069651741293534,524.0,26.062689988538395,523,
ZkHzHo_PvIM_00,True,21.612483745123537,554.0,21.6015625,553,
9tBAfjjPEkw_00,True,29.130434782608695,737.0,29.168152815757143,736,
GbIQab3ECjI_00,True,17.005524861878452,513.0,17.123745819397993,512,
DTPQZJzsoXY_00,True,30.0,129.0,29.99765643309117,128,
Pjuu3TEEonY_00,True,25.741324921135647,272.0,25.728662299439858,271,
swjfOB7CzTM_00,True,27.733333333333334,832.0,27.7,831,
aTlLIoo3nCE_00,True,30.0,622.0,30.0,621,
wSuWfSgwKZU_00,True,29.785714285714285,139.0,29.77988778593008,138,
Mk3DdsuI71U_00,True,30.0,900.0,30.000000667408248,899,
mmEiKiU-ZLs_00,True,19.944506104328525,599.0,19.955284145893817,598,
gKNkwyn6a-o_00,True,28.013245033112582,564.0,28.056477939261164,563,
1koo-2ZTC9U_00,True,29.870689655172413,462.0,29.871055530357026,461,
Cfot7TRlxAQ_00,True,27.157894736842106,172.0,27.580645161290317,171,
at2_tQSDlKg_00,True,30.0,900.0,30.000000667408248,899,
jzFOvz-C9q0_00,True,30.0,824.0,30.000000364520055,823,
wJBN4-qBBWI_00,True,29.933481152993348,900.0,29.899890245119234,899,
CuKoIfFdF_U_00,True,27.635960044395116,830.0,27.633333333333333,829,
LosVYAhNYlY_00,True,26.41592920353982,199.0,26.516673362796304,198,
tAGibqigAx0_00,True,30.0,901.0,29.90033222591362,900,
W5YikE19nkc_00,True,29.933481152993348,900.0,29.867109634551493,899,
n4SC6GEp99A_00,True,26.470588235294116,795.0,26.466666666666665,794,
QmNsR_29zIs_00,True,28.48051948051948,731.0,28.478913900050717,730,
0a405keDKpc_00,True,30.0,901.0,29.933149299896897,900,
XGmx0mhtM_A_00,True,23.38137472283814,703.0,23.425768345179698,702,
hgm6sQUl8Yg_00,True,29.92084432717678,756.0,29.960317460317462,755,
WgD4Rf1J8P4_00,True,27.635960044395116,830.0,27.633333333333333,829,
7Q6tqECKuVw_00,True,29.333333333333332,880.0,29.332265492041248,879,
bMFK3B5qPiE_00,True,30.0,900.0,30.000000667408248,899,
9BbYjDDO59w_00,True,29.736842105263158,113.0,29.7318821343244,112,
r_hzgvP7sJg_00,True,26.0625,834.0,27.766666666666666,833,
rqXj43PDmBw_00,True,29.9568345323741,694.0,29.957203994293867,693,
T1g7fA6Ad-g_00,True,30.0,758.0,30.000396306424125,757,
7FzkwCUqP1Y_00,True,28.81756756756757,853.0,28.815909628978254,852,
Ly7szYRjMdw_00,True,23.30166270783848,327.0,22.12719744790606,326,
jPM0jwxK2W8_00,True,10.936794582392777,323.0,10.685958915474728,322,
9nmufil1vvo_00,True,29.402654867256636,443.0,29.59887497488783,442,
bUn3nfDgLEs_00,True,29.933333333333334,898.0,29.932926218840727,897,
4geYk_miUzo_00,True,29.766666666666666,893.0,29.766407781232655,892,
4Bde0lYQ4mg_00,True,14.979195561719834,450.0,14.987649375792778,449,
0PrAtifCwjg_00,True,24.37291897891232,732.0,24.393499516134415,731,
xUocvk0m-mc_00,True,29.933407325194228,899.0,29.966296259218474,898,
jNzHFeCP2DU_00,True,25.0,169.0,25.0,168,
jhkWGmAajmE_00,True,15.008516883116883,377.0,15.007583619382133,376,
gpRtEfxMkYc_00,True,14.979195561719834,450.0,14.987649375792778,449,
R69Y-qYAuis_00,True,14.966666666666667,449.0,14.974763512384262,448,
ZTLYOhzf8Jw_00,True,14.927536231884059,309.0,14.95145631067961,308,
QX2MmlSq2AQ_00,True,14.981504315659679,405.0,14.981273408239701,404,
Ns30XeulhHo_00,True,19.22110552763819,153.0,19.387755102040817,152,
Ns30XeulhHo_01,True,21.93877551020408,86.0,21.90721649484536,85,
Ns30XeulhHo_02,True,19.784172661870503,110.0,19.890510948905106,109,
Ns30XeulhHo_03,True,23.34254143646409,169.0,23.46368715083799,168,
Ns30XeulhHo_04,True,12.5,74.0,12.5,73,
Ns30XeulhHo_05,True,20.394736842105264,93.0,20.0,92,
IOxe9lyfZRA_00,True,15.067451923076923,101.0,15.062509414068384,100,
dQ0ao_Yu7II_00,True,29.920529801324502,753.0,29.9601593625498,752,
6oymx7wBmjw_00,True,17.28767686214495,244.0,17.33980305408877,243,
6oymx7wBmjw_01,True,14.861171885965275,60.0,14.735264735264737,59,
6oymx7wBmjw_02,True,12.765012765012765,46.0,13.76174985848334,45,
6oymx7wBmjw_03,True,25.179281684857894,226.0,25.161404820500216,225,
6oymx7wBmjw_04,True,21.346577950351534,302.0,21.326191538957495,301,
cZo9DI6DSIY_00,True,20.069216497787927,225.0,20.039662428307885,224,
cZo9DI6DSIY_01,True,20.501886173527964,550.0,20.464610016848823,549,
cZo9DI6DSIY_02,True,20.08672235641528,502.0,20.100381546164677,501,
cZo9DI6DSIY_03,True,24.975024975024976,245.0,24.95797802736438,244,
nGzSLxoFILc_00,True,19.431118332217235,118.0,21.381059268844524,117,
jvM9Js5f9dI_00,True,14.982387475538161,319.0,14.994341757827236,318,
p1ibbi6Pljw_00,True,15.1123439667129,454.0,15.12116963749249,453,
9jZ67_1d5nU_00,True,29.326923076923077,305.0,29.420303880770348,304,
O0_rWZB5-xM_00,True,14.979195561719834,450.0,14.987649375792778,449,
Lm_u8Ey-588_00,True,28.25082508250825,856.0,28.5,855,
hyZ-ZbPYabo_00,True,14.825484764542937,446.0,14.854129114093064,445,
YDret7_VHUQ_00,True,14.983351831298558,450.0,14.983148129609237,449,
w5i2d9URq1I_00,True,15.020862308762169,450.0,15.008189323795834,449,
y6d2TfbeWFk_00,True,15.0124826629681,451.0,15.0,450,
4VVOcbvXgdE_00,True,9.97752808988764,148.0,9.966101694915254,147,
BcZnPHU8nvY_00,True,21.9,657.0,21.897322918752923,656,
meDGeTof2x0_00,True,29.933407325194228,899.0,29.966296259218474,898,
WXUOlgOESJ4_00,True,14.825484764542937,446.0,14.854129114093064,445,
qFypaL4RVTw_00,True,14.920634920634921,376.0,14.90046489450471,375,
-Qt5bDJNT84_00,True,25.701149425287355,86.0,25.69528415961306,85,
6AzIoSDn5Qs_00,True,15.020785219399539,271.0,15.0,270,
6s2KTCCo1Hw_00,True,15.0,450.0,14.987649375792778,449,
tSSn6ZA4cfI_00,True,14.933333333333334,448.0,14.94133770097269,447,
CJP-_jaZ3FQ_00,True,15.045769764216367,452.0,15.054409506642633,451,
PxRDOMjsbE8_00,True,14.979195561719834,450.0,14.987649375792778,449,
lM1uI0uKh-U_00,True,14.966666666666667,449.0,14.974763512384262,448,
ajxUuxbpAVQ_00,True,15.0,375.0,14.985175094158187,374,
H0MCccZiB3M_00,True,29.166666666666668,875.0,29.133333333333333,874,
GDadq8Vznvc_00,True,14.733333333333333,442.0,14.720608852393351,441,
-qmYW4S3Xxo_00,True,14.846047156726769,446.0,14.854129114093064,445,
E7SZ9wPStb4_00,True,14.979195561719834,450.0,14.987649375792778,449,
y-QrV0SN9V0_00,True,14.889518413597735,219.0,14.905982905982906,218,
fK7DAi8Ybvc_00,True,14.666666666666666,440.0,14.653848721543495,439,
LSiLtoXajJE_00,True,14.684385382059801,442.0,14.7,441,
_0RDZgCKPGo_00,True,14.869565217391305,399.0,14.855735134933376,398,
BdHk9yhbB94_00,True,14.966666666666667,449.0,14.954269310367849,448,
mCR74lvVPdY_00,True,14.979195561719834,450.0,14.987649375792778,449,
xYbFnmG3-Og_00,True,14.546463245492372,437.0,14.55370852526871,436,
FaI91W7BO04_00,True,12.90566037735849,114.0,12.976573265962333,113,
lpeKVGzEaUk_00,True,14.759366292134832,443.0,14.759408287975424,442,
ZSgfKfHNOb8_00,True,15.022900763358779,410.0,15.009174311926605,409,
w1jVynKgMzo_00,True,15.050055617352614,451.0,15.016518169986986,450,
l9KMgfV5BeU_00,True,25.762081784386616,693.0,25.756824460467104,692,
_j_q79xO2ug_00,True,7.95435092724679,697.0,7.954285714285715,696,
hzxEJZNwy6s_00,True,14.006104328523863,1611.0,14.005182404626492,1610,
x5XPG-uYJlM_00,True,15.020862308762169,450.0,14.987649375792778,449,
qigDKE0vaXw_00,True,14.972214592274678,348.0,14.929226003527944,347,
CtYbOZdwGkY_00,True,14.979195561719834,450.0,14.987649375792778,449,
fK5Y7gMh21c_00,True,14.833333333333334,89.0,14.87240155484198,88,
08gvKdY9xj4_00,True,15.0,451.0,15.0,450,
yab6XEomWGM_00,True,7.5,225.0,7.477134655183924,224,
YD-7Fnztg_4_00,True,14.979195561719834,450.0,14.987649375792778,449,
hQVkdwPxafw_00,True,10.047287899860917,301.0,10.0418410041841,300,
dgWpyczEx7U_00,True,13.602179836512262,416.0,13.852727151345217,415,
20zWZEGQ7GY_00,True,15.020862308762169,450.0,15.008189323795834,449,
TvdgqAnb3QM_00,True,14.979195561719834,450.0,14.987649375792778,449,
zBa7uxOYBd0_00,True,14.919786096256685,186.0,14.919354838709676,185,
XtJodwSF_lQ_00,True,10.02410644257703,254.0,10.012664239354125,253,
xNdcRobqvsc_00,True,14.89956873315364,362.0,14.89827081011927,361,
cdKTiLurgOI_00,True,14.772290748898678,444.0,14.771590530176727,443,
x2ymyeli9Xc_00,True,15.02127659574468,353.0,15.005328810022435,352,
4IUmjPBj5ik_00,True,14.708835341365463,293.0,14.747474747474747,292,
1Utldy8lKBo_00,True,20.491136770206538,147.0,20.836306550592266,146,
pB-O0UY9gM8_00,True,17.316017316017316,78.0,20.066887888903455,77,
pB-O0UY9gM8_01,True,23.295853083087124,137.0,22.962953832812474,136,
s80RaghtMRk_00,True,23.91304347826087,66.0,23.897058823529413,65,
s80RaghtMRk_01,True,20.88607594936709,66.0,22.26027397260274,65,
s80RaghtMRk_02,True,22.87735849056604,97.0,23.52941176470588,96,
s80RaghtMRk_03,True,20.491803278688526,100.0,22.499999999999996,99,
s80RaghtMRk_04,True,19.63276836158192,139.0,21.5625,138,
IQDkEcJP3rw_00,True,25.0,430.0,25.0,429,
0ThWw_efieo_00,True,23.35164835164835,187.0,23.348378392356196,186,
0ThWw_efieo_01,True,23.976023976023978,406.0,23.976023976023978,405,
P9JZFMr8NeQ_00,True,49.7,994.0,49.6996996996997,993,
5-sIe-O1b8I_00,True,15.043337423312883,444.0,15.009317296290021,443,
-PpjzmhI_PE_00,True,15.016648168701442,451.0,15.0,450,
yS19DGEwcO4_00,True,14.979195561719834,450.0,14.987649375792778,449,
NyKEneNoK54_00,True,14.925207756232687,449.0,14.933333333333334,448,
Vk8h0fpJgcs_00,True,15.017964071856287,418.0,15.0,417,
yZNmOYWiGY0_00,True,13.662049861495845,411.0,13.685826824220577,410,
_DbmvhywZZ8_00,True,14.912621359223301,448.0,14.9,447,
bsvWhFHgta8_00,True,14.952879581151832,119.0,14.904635594290767,118,
ht0QCYJRWXc_00,True,15.033386327503974,394.0,15.018916956471891,393,
J22LBVPh5kk_00,True,14.617710583153348,282.0,14.56587447834342,281,
O8x8fTbKfQo_00,True,10.013908205841446,300.0,10.00836820083682,299,
un3zKlzQR0s_00,True,12.249653259361997,368.0,12.26727278804693,367,
2xzko5Nggkc_00,True,14.979195561719834,450.0,14.987482781501894,449,
FVZu22TdJwc_00,True,12.450625869262865,373.0,12.417384338073303,372,
JsJ_gpjIH1k_00,True,14.88,31.0,15.0,30,
WcZTk9VxOJo_00,True,14.979195561719834,450.0,14.987649375792778,449,
LIB4DVkk3lc_00,True,14.231274638633376,361.0,14.229249011857707,360,
5ayuUyxh1aQ_00,True,15.849056603773585,476.0,15.833333333333334,475,
xPNA0BFy_og_00,True,13.817980022197558,415.0,13.815196716388028,414,
r-fThmrFOqs_00,True,14.954102920723226,448.0,14.94133770097269,447,
QtrYFnbDjeQ_00,True,13.015256588072122,391.0,13.018225515722012,390,
NfK10cGdiFw_00,True,14.820335839598998,374.0,14.780472341100015,373,
emZJVcNK-q4_00,True,13.747954173486088,280.0,13.721536418629814,279,
A8KM8YuiYIw_00,True,14.246879334257976,428.0,14.253287936444357,427,
BlqSYfAQSEA_00,True,14.979195561719834,450.0,14.987649375792778,449,
34Q7DXby2s4_00,True,9.766666666666667,293.0,9.746979104079044,292,
SPC9zwYFzdI_00,True,13.518776077885953,405.0,13.504027810275094,404,
qkOFqDO_mL4_00,True,14.42521631644005,389.0,14.406118887609995,388,
1ww7Jv5v3QA_00,True,14.273858921161827,430.0,14.3,429,
EVNMnYgWIuk_00,True,13.871866295264624,415.0,13.857740585774058,414,
_BvchcqS_KQ_00,True,9.606648199445983,289.0,9.6,288,
w7lzIHFlSsE_00,True,17.574750830564785,529.0,17.6,528,
X0xzhXbBngE_00,True,14.937759336099585,450.0,14.966666666666667,449,
2W7S_-7F6S8_00,True,14.954102920723226,448.0,14.92088924494292,447,
8sg1ollKgh4_00,True,13.362880886426593,402.0,13.403750376040378,401,
917eW1YYvc4_00,True,14.790697674418604,106.0,14.736842105263158,105,
q0ReAwAoB6c_00,True,14.55641836734694,367.0,14.553841259742326,366,
dpwGsUssZeE_00,True,13.847434119278779,416.0,13.871711735802386,415,
yzLkvjtWFeI_00,True,14.979195561719834,450.0,14.987649375792778,449,
5kZFvkKPHsc_00,True,14.982456140350877,427.0,14.991554054054056,426,
Iu6k6jWZGZ0_00,True,13.683640303358613,421.0,14.031180557140095,420,
oPHbqlp1o5k_00,True,13.952513966480447,333.0,13.852573403409552,332,
X09_GoSwRR0_00,True,18.26530612244898,537.0,18.25177920795451,536,
ej0GaDepmoQ_00,True,19.876681614349774,591.0,19.798657718120808,590,
LAojlJEDJ2w_00,True,25.42316258351893,761.0,25.418060200668897,760,
2U2gPpmCg_o_00,True,14.879334257975035,447.0,14.907911889561118,446,
iOQcKQHd1og_00,True,15.128794871794872,124.0,15.007320644216692,123,
ebEA6IpCT5w_00,True,15.045838167938932,444.0,15.011860386309726,443,
E56s-zfz2QE_00,True,14.876888888888889,374.0,14.91224563227122,373,
FJcKTvBI75U_00,True,20.014232342999467,1170.0,20.008546678955234,1169,
FJcKTvBI75U_01,True,23.736767434246424,377.0,24.391193222362052,376,
FJcKTvBI75U_02,True,18.053695183740025,403.0,19.98001998001998,402,
O0v2MBUkTGk_00,True,24.716319537036668,207.0,24.894461381137464,206,
TXZfPbiopOE_00,True,24.479337456436692,321.0,24.527901139068064,320,
r0IIrqV5xPo_00,True,24.95179239365286,358.0,24.998366703351945,357,
XESYC4RcqGQ_00,True,24.975024975024976,450.0,25.01216209418533,449,
XESYC4RcqGQ_01,True,10.0913285497464,166.0,10.050924685071028,165,
XESYC4RcqGQ_02,True,19.225063161794267,365.0,19.172392092483825,364,
XESYC4RcqGQ_03,True,20.00078923155846,321.0,20.021732339095816,320,
XESYC4RcqGQ_04,True,20.18814518814519,291.0,20.165449867196607,290,
OjjbNRuOJhc_00,True,15.057406361754188,104.0,14.76991978212791,103,
OjjbNRuOJhc_01,True,17.72617626276163,291.0,17.701240057320277,290,
vOurgVV6O90_00,True,24.96237939275914,329.0,24.94967088493592,328,
bys_qghQe0w_00,True,22.900763358778626,240.0,23.9,239,
bys_qghQe0w_01,True,23.387096774193548,116.0,23.3739837398374,115,
bys_qghQe0w_02,True,17.819148936170212,201.0,18.867924528301888,200,
bys_qghQe0w_03,True,21.59090909090909,228.0,22.60956175298805,227,
qnyC61bVCJQ_00,True,15.020862308762169,450.0,14.987482781501894,449,
-gbcp_G6NAE_00,True,27.22027972027972,1038.0,27.217847769028875,1037,
Pd6Ii4dcaUg_00,True,14.990631914893617,373.0,15.013924203898776,372,
0HjhBBGQT-0_00,True,15.040087058823529,381.0,15.000789515237644,380,
r1fGrsOle9M_00,True,10.856855895196507,330.0,10.991948147405699,329,
J7Biq7X1kxQ_00,True,14.77832512315271,100.0,14.776119402985074,99,
EBUkwCDDOIU_00,True,14.823275938189845,439.0,14.82233502538071,438,
HLK2xLUfMsM_00,True,15.060171919770774,219.0,15.03448275862069,218,
9E91OEkRB-4_00,True,14.979195561719834,450.0,14.987649375792778,449,
1_FuS-_ctGY_00,True,15.187760778859527,455.0,15.154549702917418,454,
Ywhp-yEW60k_00,True,19.83911234396671,596.0,19.8611389278323,595,
n_U9loEcX54_00,True,29.85781990521327,420.0,29.928571428571427,419,
t1jKUTg1Qq0_00,True,23.53191489361702,632.0,23.525965880712988,631,
xlwF4_7_JIs_00,True,29.933481152993348,900.0,29.966666666666665,899,
SBTD7z4A1y8_00,True,29.933481152993348,900.0,29.966666666666665,899,
4y9dRdOoEzE_00,True,29.718875502008032,740.0,29.75838966118644,739,
poiJgI2OE-w_00,True,29.165739710789765,874.0,29.1,873,
pYs0DHkGyec_00,True,7.923601637107776,242.0,8.044595767407705,241,
UjwqemSQkbQ_00,True,21.67721518987342,548.0,21.6376582278481,547,
PAStSUrr8h0_00,True,20.035335689045937,378.0,19.98303826990353,377,
S7Wa2Cag7ik_00,True,14.979195561719834,450.0,14.987649375792778,449,
cYmWOy46zF8_00,True,30.0,595.0,30.0,594,
KZq065NiqZM_00,True,30.0,384.0,30.00000156657972,383,
Q90j5Irrj9g_00,True,30.0,900.0,29.999666299596225,899,
OBYOHYWB8XE_00,True,17.0,510.0,17.013927955742126,509,
93SNo1CTA_w_00,True,18.033333333333335,541.0,18.02503497107132,540,
LQ3ERldwsJQ_00,True,28.569844789356985,859.0,28.6,858,
BJ2kS9k9sZI_00,True,19.633333333333333,589.0,19.63272120200334,588,
MXoQL7GPBts_00,True,25.46206896551724,142.0,25.636363636363637,141,
39Ac-6i9SVM_00,True,29.900110987791344,898.0,29.933259842786647,897,
G9G97Pf8hMk_00,True,18.766666666666666,563.0,18.75959676880967,562,
YlhV3d6sFhY_00,True,29.933407325194228,899.0,29.966296259218474,898,
Au7DlgzqzEo_00,True,16.952908587257618,510.0,16.990264444954263,509,
8G56ILxFFNM_00,True,23.38861788617886,496.0,23.379478598897602,495,
1O-y5PmPWdU_00,True,30.0,900.0,29.999666299596225,899,
ODXaUnji7LI_00,True,17.28724672228844,518.0,17.274463254526918,517,
vFEHKkVl-og_00,True,22.133333333333333,664.0,22.124583362059695,663,
eQ8yX8V88l8_00,True,27.533333333333335,826.0,27.530590156409126,825,
8ohINS1qks8_00,True,27.3,819.0,27.29804303733378,818,
jT5Kpwh7mBE_00,True,28.93340987370838,869.0,28.96616164986985,868,
fgsiojBKfKY_00,True,20.90653008962868,628.0,20.95372745256111,627,
NdXcu0X1nH8_00,True,18.9,567.0,18.89311703050938,566,
jx00BpwvIEc_00,True,18.881516587677726,332.0,18.914285714285715,331,
lkIQC6QRbys_00,True,15.090909090909092,83.0,14.999085421620634,82,
jNwobbqjKiE_00,True,14.002758620689654,423.0,14.125523012552302,422,
YXj8m_rAyaE_00,True,17.654450261780106,281.0,17.684210898614968,280,
pJD9bGTb5Mo_00,True,18.781491002570693,562.0,18.724005423219598,561,
JAVaEV-aUjM_00,True,25.078125,107.0,25.039372050344255,106,
nROU35t27G4_00,True,29.0,870.0,28.999532803844357,869,
SS38UP-0QnU_00,True,19.344827586206897,561.0,19.338352096139236,560,
BwR4-5ASq1k_00,True,22.801664355062414,685.0,22.83196475065091,684,
gXDhzlVtCXI_00,True,12.682385575589459,381.0,12.666666666666666,380,
NmExQpJsyOA_00,True,30.0,900.0,30.000000667408248,899,
sxonKsim9qE_00,True,14.983351831298558,450.0,14.983148129609237,449,
fIwRdglX1WE_00,True,29.36842105263158,93.0,29.36482604532398,92,
YrKYYuQHW9M_00,True,29.301552106430155,881.0,29.333333333333332,880,
taahlmWl1Pc_00,True,26.97339246119734,811.0,27.029732705976574,810,
Yf9mgizvxiE_00,True,24.93288590604027,743.0,24.788418984280835,742,
c-nmxpXGBaA_00,True,12.272727272727273,171.0,12.201248833704156,170,
7QawsvO1F1M_00,True,15.045769764216367,452.0,15.033333333333333,451,
g_x7gdvFBWk_00,True,20.0,600.0,19.933444259567388,599,
JHmNWiEhINQ_00,True,29.90022172949002,899.0,29.933333333333334,898,
BwSlVnQTtNo_00,True,29.0,359.0,28.999999027932994,358,
b9pzQFB39ZU_00,True,29.880636604774537,751.0,29.8804780876494,750,
ZQU-7hSIJ-s_00,True,24.0,237.0,24.000813586901252,236,
94fta3ZwkM0_00,True,19.966666666666665,599.0,19.988635224120063,598,
NIwmS3dbHY0_00,True,24.307692307692307,158.0,24.53125,157,
dHWTcKj5oY4_00,True,30.0,601.0,20.0,600,
gkyJ3CwetQY_00,True,15.1,151.0,15.189873417721518,150,
2PtXKoTbv0c_00,True,29.900110987791344,898.0,29.932926218840727,897,
Fix7_GpawXw_00,True,27.0,810.0,26.99996662550479,809,
RcjhhMTuVSs_00,True,28.0,841.0,28.0,840,
wHixrZXgXRI_00,True,28.668192219679632,864.0,28.79930587999733,863,
fEprGEfHTZE_00,True,24.3,729.0,24.299065420560748,728,
nKi8Onx1jI4_00,True,28.566666666666666,857.0,28.56507293804389,856,
MruMFUBosJU_00,True,29.933481152993348,900.0,29.867109634551493,899,
L2cVGFG5rwE_00,True,23.166666666666668,695.0,23.16192827792098,694,
GBKfe2jmXn4_00,True,28.19672131147541,688.0,28.155737704918035,687,
pPBBcgLkgfE_00,True,19.02309058614565,357.0,19.07142925255104,356,
aDBb3QMnKZc_00,True,19.972260748959776,600.0,19.966666666666665,599,
T24gWiWxbZs_00,True,19.940298507462686,501.0,19.933819718534465,500,
3dL7_KqiBoo_00,True,30.0,818.0,30.000367201556934,817,
9xwZ_urlz-k_00,True,19.933333333333334,598.0,19.95520941270849,597,
tmklYgHVZcY_00,True,29.933407325194228,899.0,29.966296259218474,898,
W0KJ7kxqtQo_00,True,15.058823529411764,320.0,15.041493775933612,319,
JEclWwaL-Ps_00,True,21.44284128745838,644.0,21.433333333333334,643,
UjEFjnXKXXc_00,True,13.8,92.0,14.369177325122374,91,
eaAiEUwvy20_00,True,29.966703662597116,900.0,29.966666666666665,899,
dMUTwvfgKFQ_00,True,30.116472545757073,905.0,30.133333333333333,904,
fEijKQwtcD4_00,True,18.7292817679558,565.0,18.82614763645227,564,
QiPUrCmw4xk_00,True,19.966666666666665,599.0,19.988635224120063,598,
mUvPuML7-2k_00,True,29.933481152993348,900.0,29.966666666666665,899,
RmsH7RavMYM_00,True,19.972260748959776,600.0,19.994659189532012,599,
HsI9suJ4Mkw_00,True,20.47422680412371,331.0,20.46511627906977,330,
uh5OqU0h4ZM_00,True,30.0,901.0,29.933149299896897,900,
NuLbMFaj3Lk_00,True,24.6,738.0,24.595948142930826,737,
Ru94OqVK6Rs_00,True,14.853963838664813,445.0,14.841060266737975,444,
llupGpa4OMQ_00,True,15.91123439667129,478.0,15.922291207690767,477,
7Nc9tJ7R4KY_00,True,19.88950276243094,150.0,19.866666666666667,149,
ycOLojVqIAg_00,True,29.60044395116537,889.0,29.632926131989457,888,
SDYTt7CqbTE_00,True,14.286509040333797,428.0,14.292887029288703,427,
uAkT7TEx6uM_00,True,28.934517203107657,869.0,28.90154163753205,868,
1fpsdsKWH_M_00,True,22.938347718865597,689.0,22.961652705002837,688,
zYp-honyJC0_00,True,19.895910780669144,223.0,19.95505617977528,222,
EXaPMbnM4Vs_00,True,29.920529801324502,753.0,29.9601593625498,752,
EVZe1VSzboY_00,True,15.016648168701442,451.0,15.0,450,
ZsPhpxb8OTM_00,True,19.966666666666665,599.0,19.955506561857767,598,
JeIJWYefuBQ_00,True,28.044382801664355,674.0,28.08027704760713,673,
W6JG5xVIEHs_00,True,15.060402684563758,374.0,15.060362579238504,373,
KJdY94Xu5x0_00,True,32.04886174347585,962.0,32.051495847647,961,
jecwwv5-8Q0_00,True,18.53038674033149,559.0,18.626076507109953,558,
RoaPLskRqF8_00,True,15.0,451.0,15.0,450,
Q5YnuRI6QSM_00,True,30.0,900.0,29.999666299596225,899,
Gw3WQGxMH_I_00,True,17.766666666666666,533.0,17.75819480606182,532,
ulSxHhFWUhM_00,True,16.17753120665742,486.0,16.189331731090192,485,
DVEA5y2V4-w_00,True,19.466666666666665,584.0,19.460578142733162,583,
JdSFsM58Vrs_00,True,29.567147613762486,888.0,29.59922581506324,887,
rSQtKYBkOg0_00,True,29.767184035476717,895.0,29.8,894,
jiliVB6lsKE_00,True,14.313453536754508,430.0,14.320048067294213,429,
p5G4xCcukEA_00,True,15.016648168701442,451.0,14.966574649948448,450,
xrzQq265lAc_00,True,14.899866488651535,372.0,14.899598393574298,371,
ooFHzXAx7EU_00,True,16.237388724035608,228.0,16.263074939103024,227,
SCrgYtvPgzY_00,True,19.966666666666665,599.0,19.961279124107083,598,
ExU1_ouZ3bw_00,True,30.0,900.0,29.999666299596225,899,
s5rpnFmqofQ_00,True,14.02770083102493,422.0,14.053007543894786,421,
Jr-RXkEv6Ds_00,True,14.983388704318937,451.0,15.0,450,
S166sr07mgA_00,True,29.56762749445676,889.0,29.6,888,
LCkt9L0JnXU_00,True,14.945908460471568,449.0,14.954269310367849,448,
6sgXO96LXOE_00,True,27.669256381798004,831.0,27.69744221796312,830,
l4xiNaUc-Bw_00,True,15.075208913649025,451.0,15.021029441217706,450,
PW_hCnmtgf4_00,True,23.64723926380368,593.0,23.68,592,
07Eu77WorsY_00,True,19.972260748959776,600.0,19.994659189532012,599,
orZsH8JuEE4_00,True,23.96,599.0,23.984277864677335,598,
OJkIuYwVcHA_00,True,27.600475624256838,829.0,27.633159791750103,828,
v0VVrqk4l3o_00,True,30.0,900.0,30.000000667408248,899,
VSNqivMhWnM_00,True,24.666666666666668,740.0,24.660734697680414,739,
RJWAkvcho-k_00,True,29.60044395116537,889.0,29.6,888,
RpeH9OruLwI_00,True,17.198067632850243,445.0,17.187318546045756,444,
urdxgkwYUqM_00,True,15.18312985571587,456.0,15.18336837187573,455,
g9P2Y9bwPQQ_00,True,29.805194805194805,459.0,29.870214569881952,458,
TilBcBFe1gc_00,True,19.366666666666667,581.0,19.360437946458376,580,
6EqMA8no42o_00,True,19.966666666666665,599.0,19.961057245741944,598,
gZdaWZGFUs4_00,True,25.740932642487046,552.0,25.739244172466947,551,
dyMWcSQGi0g_00,True,20.633333333333333,619.0,20.64610964487355,618,
xApGBKUGoR4_00,True,23.758663366336634,711.0,23.72518879903763,710,
WYG0XT9hzQA_00,True,19.666666666666668,590.0,19.60011310163737,589,
Ga3FbFSHZdA_00,True,24.0,212.0,23.99909008189263,211,
F_UEUU6h33s_00,True,15.073170731707316,103.0,15.018404170875867,102,
w0jywVfX7LY_00,True,14.893760539629005,368.0,14.903553299492385,367,
G0jQdKiCbhU_00,True,14.913093858632676,429.0,14.912891986062718,428,
9z7lG2OdBoM_00,True,14.919786096256685,279.0,14.946236559139784,278,
sKJdbm04q6U_00,True,12.895125553914328,291.0,12.87001287001287,290,
_9zrXENlky0_00,True,12.759493670886076,126.0,12.712295332045153,125,
RyBUzrZQ0Bc_00,True,14.879334257975035,447.0,14.887343698329277,446,
7m77G8C7hiE_00,True,14.979195561719834,450.0,14.987649375792778,449,
4AWUHOvuV9I_00,True,14.983351831298558,450.0,14.983148129609237,449,
rTa4OCFz0i8_00,True,9.905817174515235,298.0,9.927465989236888,297,
LLead91Xhho_00,True,13.584158415841584,147.0,13.316307916818678,146,
VRayIckJrBs_00,True,14.606334841628959,269.0,14.585034013605442,268,
uQHq1rdhTNQ_00,True,14.945908460471568,449.0,14.974763512384262,448,
ZAVsunMOapQ_00,True,14.945908460471568,449.0,14.974763512384262,448,
E6rFBPMiDy0_00,True,15.012373737373737,442.0,15.001137841407699,441,
zCJ_1fc2nwk_00,True,12.915395284327323,388.0,12.918085319447227,387,
EOylWdC12mY_00,True,14.846846846846846,206.0,14.819634208053206,205,
GINQ6xQrz94_00,True,15.062586926286508,361.0,15.021280146874739,360,
XI9xhHUOo5o_00,True,14.940554821664465,377.0,14.959815389512213,376,
QwFFfl2CNUY_00,True,14.938775510204081,122.0,14.969072782229807,121,
nlRWwNiCtsE_00,True,14.967602591792657,231.0,14.967137372291273,230,
NTMLhz_KdXo_00,True,23.912257954811146,150.0,24.535905003562643,149,
B85gUt1fzIU_00,True,14.065116279069768,126.0,14.218010556815967,125,
B6eG9Bvwj8o_00,True,13.449118046132972,413.0,13.7524340890396,412,
xpVTZU4KeZA_00,True,14.988679245283018,331.0,15.0,330,
mTVpYeTKFN4_00,True,13.785813630041725,413.0,13.771587590288718,412,
aPavFeAFhnk_00,True,14.466666666666667,434.0,14.473376341210683,433,
GjcgUDvSdls_00,True,14.779472954230236,444.0,14.787368983243208,443,
oBN7DtMXoSw_00,True,14.883720930232558,448.0,14.866797485615459,447,
teLTVBt01wU_00,True,15.020862308762169,450.0,14.987649375792778,449,
KiVTcO5wpds_00,True,13.348127600554784,401.0,13.352026169971294,400,
fZfs2l5bv2Q_00,True,14.5,435.0,14.506802152622255,434,
CV8iSUAmHvw_00,True,14.903045454545454,373.0,14.900861205687963,372,
8o-2-9mO8C0_00,True,6.586956521739131,202.0,6.709393150410575,201,
-zhGaEV8w0o_00,True,23.755506607929515,719.0,24.013377926421402,718,
WigzRPlpVlQ_00,True,14.950166112956811,450.0,14.966666666666667,449,
1yedrznGA8g_00,True,14.385382059800664,433.0,14.36791166395051,432,
_hJdTE1wHoI_00,True,14.979195561719834,450.0,14.987649375792778,449,
BEBYF3xd0Lk_00,True,14.979973297730307,374.0,14.979919678714861,373,
gi01QYHz8-E_00,True,14.974003466204506,288.0,14.973652632128138,287,
UH2j4IrB2Sg_00,True,13.812244897959184,141.0,13.884297979646215,140,
YsyVUKTZgpo_00,True,14.92686170212766,449.0,14.893617021276597,448,
0vD3cfW9BtI_00,True,15.039370078740157,191.0,14.999605273545432,190,
inJcKZ42Ovc_00,True,14.945908460471568,449.0,14.974763512384262,448,
x25XtFGKc-E_00,True,15.016910935738444,444.0,15.000169302136593,443,
Xb0mQCFP8_o_00,True,15.018450184501845,407.0,14.99981527321092,406,
vsgWvWqscHk_00,True,14.983351831298558,450.0,14.983148129609237,449,
1VI1lKlJQd0_00,True,14.883720930232558,448.0,14.91640804885374,447,
EdvDlbnKQYI_00,True,14.979195561719834,450.0,14.966666666666667,449,
xP_sW92sGh8_00,True,14.979195561719834,450.0,14.987649375792778,449,
IxLBncFm-oE_00,True,14.983351831298558,450.0,14.983148129609237,449,
irYEjSeXzAM_00,True,14.980544747081712,385.0,14.980688955643117,384,
xFWObpD8KiE_00,True,14.979195561719834,450.0,14.987649375792778,449,
-dVU8qW4ik8_00,True,14.979195561719834,450.0,14.987649375792778,449,
qq34-Ch0SYE_00,True,14.945908460471568,449.0,14.974763512384262,448,
rA5O9Okdkss_00,True,14.966740576496674,450.0,14.966666666666667,449,
ZsVOhyuD0sQ_00,True,14.983351831298558,450.0,14.983148129609237,449,
X8JXbRxpKk0_00,True,14.979195561719834,450.0,14.987649375792778,449,
sckLwIfeCT4_00,True,14.945908460471568,449.0,14.974763512384262,448,
LPQ23LL3dG4_00,True,14.943396226415095,132.0,14.899909008189264,131,
0lkTO-H5z6I_00,True,12.064864864864864,93.0,12.132401424238427,92,
UY6g1DtnlGE_00,True,14.921739130434782,143.0,14.947368421052632,142,
1-xArHJFlAQ_00,True,5.874125874125874,175.0,5.808131383937513,174,
snpgCzf-mK4_00,True,15.006012024048097,312.0,14.987951807228916,311,
xDnxHFltzfQ_00,True,15.020576131687243,365.0,14.999793958874191,364,
0puo8kJOlmU_00,True,14.979195561719834,450.0,14.883813438525541,449,
CvNTYeiVF7s_00,True,14.974358974358974,365.0,14.98435698995554,364,
KwifJ6bebdo_00,True,14.945908460471568,449.0,14.974763512384262,448,
p3XgqO9PzH4_00,True,15.012912482065998,436.0,15.0,435,
bSq7XtY629s_00,True,14.979195561719834,450.0,14.987482781501894,449,
r-f6Tk6M_kQ_00,True,14.945908460471568,449.0,14.974763512384262,448,
zxu3S-7VZUA_00,True,14.979195561719834,450.0,14.987649375792778,449,
njI11mpdwo0_00,True,15.064615384615385,204.0,15.037037037037035,203,
cFpwh4gBvDc_00,True,14.813397129186603,129.0,14.91262193835425,128,
IvpRueS_9RI_00,True,14.983351831298558,450.0,14.983148129609237,449,
TLjDFutg8mI_00,True,14.950166112956811,450.0,14.966666666666667,449,
cBZ3KswoFZY_00,True,15.020862308762169,450.0,14.987649375792778,449,
jHJ3Sfhg4HA_00,True,14.979195561719834,450.0,14.987649375792778,449,
XAxaY7MPnms_00,True,14.979195561719834,450.0,14.987649375792778,449,
KOeH4VgqYR4_00,True,14.966666666666667,449.0,14.974763512384262,448,
5dZ0U3pINII_00,True,14.544253632760899,367.0,14.64,366,
Qi7voHChFxk_00,True,14.842105263157896,94.0,14.88,93,
Ef9PwNwVRvY_00,True,14.953271028037383,160.0,14.90578419424393,159,
oRG1-9tRk5w_00,True,14.984562607204117,364.0,14.995042961004627,363,
suSfwiex1Kk_00,True,14.751381215469614,89.0,14.832293949098265,88,
7UHfU52BUbQ_00,True,15.04225352112676,178.0,15.011449410567382,177,
E65lhgBF1rM_00,True,15.0124826629681,451.0,15.0,450,
0GPuugnrf3Y_00,True,12.319644839067703,370.0,12.3,369,
tX9OSNQL0hg_00,True,15.03114186851211,181.0,15.0,180,
V57SWCl2WTc_00,True,15.025041736227045,300.0,15.000250840315056,299,
uwdOQc-iC_c_00,True,14.720930232558139,422.0,14.729034740929924,421,
9z1bEUb3qGI_00,True,14.966666666666667,449.0,14.974763512384262,448,
_ky1Mxj5bQY_00,True,14.935779816513762,407.0,14.96774193548387,406,
rZ4OS1E_Hqg_00,True,15.016648168701442,451.0,15.0,450,
FyUKGsHyoxE_00,True,15.020862308762169,450.0,14.987649375792778,449,
XLGAfvkvHO0_00,True,11.384188626907074,342.0,11.382602309900529,341,
UWgxylOwa5M_00,True,14.979195561719834,450.0,14.987649375792778,449,
v9jwlgooOmE_00,True,14.76923076923077,96.0,14.901960784313726,95,
begSCBJgT4o_00,True,14.979195561719834,450.0,14.987649375792778,449,
jJ4IJnInYnE_00,True,15.020188425302827,372.0,15.000202159058746,371,
lpJL9-mBNmk_00,True,14.979195561719834,450.0,14.987649375792778,449,
-9oifpjUxxM_00,True,14.947368421052632,426.0,14.964788732394368,425,
XTAIiEEE8dU_00,True,14.979195561719834,450.0,14.987649375792778,449,
iYmL1rEyiqE_00,True,14.912621359223301,448.0,14.92088924494292,447,
dIbxWir400s_00,True,14.950166112956811,450.0,14.966666666666667,449,
p6vrqyzdnSQ_00,True,12.066666666666666,362.0,12.066717919577497,361,
seHQ5Y5g5Ns_00,True,15.004846526655896,387.0,14.990291262135923,386,
zMya6lxe5s8_00,True,14.976152623211446,314.0,14.976076555023925,313,
EcsgXARlmDI_00,True,14.523076923076923,236.0,14.536083073652911,235,
rsB7TD2zW4A_00,True,15.031847133757962,295.0,15.013021498238269,294,
3QBeZfYEAYY_00,True,15.049504950495049,380.0,15.03490955252301,379,
jw4_kT_xjsE_00,True,13.850953206239168,333.0,13.833333333333334,332,
mlkJl8ql03o_00,True,16.62162162162162,41.0,16.66666666666667,40,
4C5ZiBP7R04_00,True,14.967462039045554,230.0,14.967320261437909,229,
Iy_GdGD-ySg_00,True,14.979195561719834,450.0,14.987649375792778,449,
YBr96os6PvE_00,True,14.894849785407725,440.0,14.89296739831055,439,
71QSBkIXKXI_00,True,14.912621359223301,448.0,14.92088924494292,447,
ysTXjULP4u8_00,True,15.020862308762169,450.0,14.987482781501894,449,
BV2QGa5Dgaw_00,True,26.3659793814433,341.0,26.153846153846153,340,
_gv4lL1EPKU_00,True,13.16008316008316,211.0,13.207547169811322,210,
ebiX-_CCMSA_00,True,14.799490322580645,301.0,14.798007201696835,300,
uoY--IlBdjw_00,True,17.105263157894736,65.0,17.20430107526882,64,
uoY--IlBdjw_01,True,16.887417218543046,204.0,16.74917491749175,203,
uoY--IlBdjw_02,True,15.375,123.0,15.404040404040403,122,
hYuubWpYtrI_00,True,14.960212201591512,188.0,14.96,187,
SdeaEkrudys_00,True,13.734403162055337,404.0,13.673067788559408,403,
br57It5-6lM_00,True,13.828125,295.0,13.83529411764706,294,
__WFqm4i3vE_00,True,14.98044328552803,383.0,14.980392156862745,382,
6oAeUvxmeME_00,True,14.979195561719834,450.0,14.966666666666667,449,
30EzKWQx48c_00,True,14.804936440677967,215.0,14.862143204389193,214,
NdGEyXh1tqA_00,True,14.794520547945206,135.0,14.88888888888889,134,
CRu-S6GbqF0_00,True,14.979195561719834,450.0,14.987649375792778,449,
ljLoCD0O9fM_00,True,14.933333333333334,448.0,14.94133770097269,447,
As0H5IK0CBI_00,True,14.971428571428572,131.0,14.857142857142858,130,
c_u8oPMBGEI_00,True,14.820344490674161,135.0,14.81912866398809,134,
c_u8oPMBGEI_01,True,14.611722796776178,137.0,14.609046867111383,136,
c_u8oPMBGEI_02,True,13.424075924075924,86.0,13.920505723784412,85,
hiBY1OLw4RQ_00,True,14.968421052631578,237.0,14.967971078835543,236,
-VM9fVYVI_w_00,True,14.979195561719834,450.0,14.987649375792778,449,
kc_bYkuKn-g_00,True,26.89189189189189,398.0,26.8842689781269,397,
jWFyAaY7r8E_00,True,13.081545064377682,127.0,13.034483657550599,126,
3gY2nZW6ZCM_00,True,18.571428571428573,26.0,19.23076923076922,25,
LVrfZ4HLlR4_00,True,14.693877551020408,210.0,14.710022522522522,209,
gS2xiB7q7sk_00,True,14.945908460471568,449.0,14.974763512384262,448,
rNLWvxHU5E4_00,True,13.947295423023577,419.0,13.952867347620002,418,
-Y4PJwqDjGc_00,True,14.979195561719834,450.0,14.987649375792778,449,
BLq2n48HYZc_00,True,13.588621444201314,414.0,13.812709030100335,413,
BLq2n48HYZc_01,True,13.588621444201314,414.0,13.79732708691922,413,
3mB4p8BgiTg_00,True,21.393700638983656,454.0,22.003928356957925,453,
2QZf8MiIRK0_00,True,18.39477887382079,205.0,19.347740255069606,204,
2QZf8MiIRK0_01,True,24.77837123506415,525.0,24.887948424191524,524,
4uRL85n-kDw_00,True,13.263157894736842,210.0,13.284179749570965,209,
V_2hATv3LNY_00,True,14.750277469478357,443.0,14.749557846964995,442,
HYUcneYzPZM_00,True,15.0,375.0,14.979773300757,374,
czn7oGEwENs_00,True,12.709677419354838,197.0,12.727272727272727,196,
B_6HYZSji3I_00,True,14.933481152993348,449.0,14.949778089231488,448,
G203AMlz_Yo_00,True,15.0,450.0,14.983148129609237,449,
kI-AKIXGLiY_00,True,14.958448753462603,450.0,14.966666666666667,449,
be0m9oxCN98_00,True,13.218645948945616,397.0,13.185495954450104,396,
Jmd2l99EQZE_00,True,20.310765815760266,610.0,20.277694536010387,609,
l3GUdPH62y8_00,True,14.6,438.0,14.58708859069364,437,
70935VkkZSM_00,True,14.235924932975871,354.0,14.252836435579603,353,
AHIdbeOcAE0_00,True,14.971644612476371,264.0,14.971252917401946,263,
yGYOGSKjE3o_00,True,14.983351831298558,450.0,14.983148129609237,449,
JzYHiq1zaZs_00,True,14.950166112956811,450.0,14.966666666666667,449,
uCHnvKyEwYU_00,True,15.056892430278884,232.0,15.051801655046589,231,
LiLrm5Zn19w_00,True,14.903846153846153,310.0,14.927536231884059,309,
YGBuLu9t4Ts_00,True,15.09594882729211,236.0,15.064102564102564,235,
4XYVvTuLGCg_00,True,14.933481152993348,449.0,14.949778089231488,448,
MTOPgMW9aIg_00,True,14.983351831298558,450.0,14.983148129609237,449,
-6SQSDj8cYU_00,True,14.979195561719834,450.0,14.987649375792778,449,
deUf0-ljSIs_00,True,14.979195561719834,450.0,14.987649375792778,449,
Fk2lELADm8U_00,True,12.92358803986711,389.0,12.919122298804648,388,
yj1M5Qp3k4w_00,True,14.979195561719834,450.0,14.987649375792778,449,
OaB8oFL1uKY_00,True,14.983351831298558,450.0,14.983148129609237,449,
udobZNZzMZE_00,True,15.083426028921023,452.0,15.049888210364735,451,
RK-Btjd1oXs_00,True,14.950166112956811,450.0,14.916943521594684,449,
InbJMYd79yc_00,True,14.966666666666667,449.0,14.954269310367849,448,
zaafsIEj5DI_00,True,14.917127071823204,90.0,14.915367856544329,89,
zaafsIEj5DI_01,True,14.980184940554821,378.0,14.96031746031746,377,
NKA8MgHBw5A_00,True,13.451720310765817,404.0,13.403399075398276,403,
06jVQmpCJn4_00,True,14.903225806451612,77.0,14.806156243911943,76,
2aYst3H2hjo_00,True,14.955489614243323,168.0,14.954777469329274,167,
-7-vQ4obVwQ_00,True,13.4,402.0,13.385406235396221,401,
IMy1fD-bTng_00,True,14.96042216358839,378.0,14.96031746031746,377,
k-LD0H31Rug_00,True,14.546649145860709,369.0,14.545454545454545,368,
FjYZw1xUvqg_00,True,15.02608695652174,360.0,15.010243759668853,359,
mby2Klg_d10_00,True,14.233333333333333,427.0,14.231784318310895,426,
fHoZ2_uzu_k_00,True,14.617092119866815,439.0,14.616077685454,438,
50uYv-SxT-o_00,True,14.466666666666667,434.0,14.453568328993926,433,
lXKSWeJ9jEc_00,True,14.88888888888889,67.0,14.88833746898263,66,
IgfiZK91D64_00,True,14.850498338870432,447.0,14.866666666666667,446,
cvITZqgCI3M_00,True,14.712898751733704,442.0,14.720608852393351,441,
xDbMZ8L-1OY_00,True,29.933407325194228,899.0,29.966296259218474,898,
XbW5qJKc8O8_00,True,15.0,450.0,14.987649375792778,449,
9_rjoTFi3Ek_00,True,13.49840625,402.0,13.494867911829042,401,
DNXPVeHVfik_00,True,12.890365448504983,388.0,12.9,387,
nhEW6whH4HE_00,True,15.020862308762169,450.0,14.987649375792778,449,
rm4qKkLP9-A_00,True,14.983388704318937,451.0,14.983518130056936,450,
jwhAPqcuObs_00,True,14.980237154150197,379.0,14.980382832005706,378,
rRqKYOsYITQ_00,True,15.03448275862069,218.0,14.999654385843645,217,
ru5QM17tRfk_00,True,9.960629921259843,253.0,9.960474308300395,252,
WR1xUm9CjqY_00,True,15.098814229249012,382.0,15.059288537549408,381,
UUZr6xfWXPg_00,True,14.983351831298558,450.0,14.983148129609237,449,
QiRO0xdhcdY_00,True,14.933481152993348,449.0,14.949778089231488,448,
lwsVlWv6Oe8_00,True,14.950166112956811,450.0,14.950221423101254,449,
KTGByI3N4G0_00,True,14.966740576496674,450.0,14.966666666666667,449,
Y0_pbJCqL6k_00,True,7.286908077994429,218.0,7.243393682819401,217,
0NixrF6Mt00_0_00,True,24.078485616947155,94.0,24.027698510773583,93,
3Xd6PxEvbNk_11_00,True,11.311645552890688,97.0,11.695621451719013,96,
3Xd6PxEvbNk_2_00,True,16.202285109848134,193.0,15.895706942110568,192,
3Xd6PxEvbNk_3_00,True,23.35993770683278,364.0,23.345752459005535,363,
3Xd6PxEvbNk_4_00,True,18.44309536617229,176.0,18.33830441103287,175,
3Xd6PxEvbNk_5_00,True,22.85045271470611,337.0,22.83430854859426,336,
3Xd6PxEvbNk_7_00,True,17.59604032331305,155.0,17.68346595932803,154,
3Xd6PxEvbNk_8_00,True,17.96691973014391,238.0,17.45183606201749,237,
3Xd6PxEvbNk_9_00,True,16.49006015818243,252.0,16.31773901408221,251,
3p_-1RjvCmw_1_00,True,19.78723404255319,186.0,19.84978540772532,185,
4gFiGGeTp5w_0_00,True,12.933124966319987,104.0,12.651282625109209,103,
4gFiGGeTp5w_2_00,True,29.726371189785823,366.0,29.80670474466393,365,
651RQwxB3WA_1_00,True,4.588235294117647,26.0,4.838709365244557,25,
651RQwxB3WA_12_00,True,5.0,65.0,4.923076923076923,64,
651RQwxB3WA_13_00,True,5.142857142857143,36.0,5.0,35,
651RQwxB3WA_17_00,True,5.04,21.0,5.0,20,
651RQwxB3WA_2_00,True,5.09433962264151,45.0,5.076922881656812,44,
67eBRe-YfEE_2_00,True,25.864546412491617,189.0,25.845715103507274,188,
6mVcTFd5TzI_0_00,True,25.0,98.0,25.0,97,
6mVcTFd5TzI_12_00,True,23.7012987012987,73.0,18.367346938775512,72,
6mVcTFd5TzI_14_00,True,23.01829268292683,151.0,23.006134969325156,150,
6mVcTFd5TzI_16_00,True,24.576271186440678,232.0,24.679487179487182,231,
6mVcTFd5TzI_18_00,True,24.85549132947977,172.0,24.8546511627907,171,
6mVcTFd5TzI_2_00,True,22.727272727272727,80.0,22.96511627906977,79,
6mVcTFd5TzI_20_00,True,24.31192660550459,106.0,24.53271028037383,105,
6mVcTFd5TzI_22_00,True,24.345549738219894,186.0,24.342105263157897,185,
6mVcTFd5TzI_23_00,True,21.49390243902439,141.0,20.95808383233533,140,
6mVcTFd5TzI_3_00,True,20.58823529411765,70.0,20.535714285714285,69,
7YEUfIVVk9Y_0_00,True,24.70059880239521,165.0,24.84848484848485,164,
7YEUfIVVk9Y_2_00,True,25.0,219.0,25.000000000000004,218,
7YEUfIVVk9Y_4_00,True,25.0,108.0,25.0,107,
7YEUfIVVk9Y_6_00,True,24.772727272727273,109.0,24.77064220183486,108,
7YEUfIVVk9Y_7_00,True,17.96028880866426,199.0,17.67857142857143,198,
9DRFJxKHc6g_2_00,True,24.272305641126934,213.0,24.437102299127883,212,
9DRFJxKHc6g_3_00,True,22.971040935112793,128.0,23.067841249659434,127,
9DRFJxKHc6g_4_00,True,25.02732869225016,319.0,25.080183634265303,318,
9DRFJxKHc6g_5_00,True,24.486152145726614,384.0,24.370533924674053,383,
9fKAb-gGLRM_0_00,True,20.69252077562327,249.0,20.666666666666668,248,
9fKAb-gGLRM_1_00,True,9.830508474576272,116.0,10.298507155268442,115,
AJKLxHzIHYY_13_00,True,24.23076923076923,63.0,24.603174603174605,62,
AJKLxHzIHYY_15_00,True,24.161073825503355,288.0,24.239864864864867,287,
AJKLxHzIHYY_19_00,True,24.76851851851852,107.0,22.844827586206897,106,
AJKLxHzIHYY_9_00,True,25.0,130.0,25.0,129,
ALFF5620ljk_1_00,True,20.057142857142857,234.0,20.02865386901587,233,
ALFF5620ljk_10_00,True,20.11461318051576,234.0,20.1440916384988,233,
ALFF5620ljk_12_00,True,15.988023952095809,178.0,15.945945945945946,177,
ALFF5620ljk_2_00,True,20.028169014084508,237.0,20.05665665561879,236,
ALFF5620ljk_3_00,True,19.221556886227546,214.0,19.131737099752606,213,
ALFF5620ljk_5_00,True,24.6,369.0,24.587972726325777,368,
ALFF5620ljk_7_00,True,19.16417910447761,214.0,19.305136534898384,213,
ALFF5620ljk_8_00,True,19.57983193277311,233.0,19.60563435508829,232,
ALFF5620ljk_9_00,True,8.229665071770334,172.0,8.260869565217392,171,
AuQz_-J2kzc_1_00,True,24.415347222222223,177.0,24.165530589236646,176,
AuQz_-J2kzc_14_00,True,29.65641860465116,428.0,29.725386162004327,427,
AuQz_-J2kzc_15_00,True,28.116408450704224,402.0,28.178761000257474,401,
AuQz_-J2kzc_19_00,True,29.541425531914893,233.0,29.66712463159058,232,
AuQz_-J2kzc_25_00,True,21.491475409836067,220.0,21.464161612787702,219,
AuQz_-J2kzc_27_00,True,29.281293103448277,114.0,29.533642870304185,113,
AuQz_-J2kzc_29_00,True,29.21078431372549,150.0,29.400366695580317,149,
AuQz_-J2kzc_5_00,True,12.681342975206611,103.0,12.506542945077518,102,
B3ehIhlZVD8_2_00,True,24.61823890395319,276.0,24.60226414189584,275,
BSNh9UoKY54_1_00,True,15.0,63.0,15.048543689320388,62,
BpMHNEa79lo_2_00,True,24.931880108991827,305.0,24.98630068530683,304,
BpMHNEa79lo_3_00,True,15.926966292134832,189.0,15.977336657865816,188,
BpMHNEa79lo_4_00,True,25.20446096654275,226.0,25.186568103976423,225,
CkI203kbHQ8_11_00,True,18.38235294117647,50.0,17.753623188405797,49,
CkI203kbHQ8_12_00,True,25.0,175.0,25.0,174,
CkI203kbHQ8_29_00,True,13.81578947368421,105.0,13.612565445026178,104,
CkI203kbHQ8_32_00,True,23.986486486486488,71.0,23.972602739726028,70,
CkI203kbHQ8_5_00,True,20.24793388429752,98.0,19.246031746031747,97,
CnsDyfXdf8s_0_00,True,15.824175824175825,264.0,15.764236079205515,263,
CnsDyfXdf8s_1_00,True,23.13600888422741,325.0,23.064820617272975,324,
D1eP4Bn4hDQ_0_00,True,20.81860465116279,373.0,20.859813474015205,372,
D2AHpCitweI_0_00,True,21.442708333333332,138.0,21.51140379181672,137,
EN-JKUXkwPQ_2_00,True,25.0,126.0,25.0,125,
EN-JKUXkwPQ_4_00,True,24.53271028037383,105.0,24.76190476190476,104,
EN-JKUXkwPQ_6_00,True,22.690217391304348,167.0,22.802197802197803,166,
EN-JKUXkwPQ_7_00,True,24.53488372093023,211.0,24.41860465116279,210,
rNaMkFBhxmI_00,True,12.250347705146035,367.0,12.233983559531667,366,
7_GBBO6jreo_00,True,25.06426735218509,650.0,25.08988286233425,649,
Bv1O4yUKzEo_00,True,29.875,478.0,29.937864808887216,477,
kj23OkxXMfU_00,True,15.089108910891088,127.0,14.969704170131877,126,
XqNrTjSsGrg_00,True,29.7,198.0,29.69998492386552,197,
eTF4L0hxKtI_00,True,14.945908460471568,449.0,14.954269310367849,448,
NcksItQU_i0_00,True,8.244604316546763,191.0,8.172043010752688,190,
Rnip1LReTsg_00,True,19.972260748959776,600.0,19.994659189532012,599,
H7tS58aI1rM_00,True,14.166666666666666,425.0,14.172544038506533,424,
rAqvr6D_CwU_00,True,15.033259423503326,452.0,15.016648335367904,451,
a5AAO2Kcnhg_00,True,14.979195561719834,450.0,14.987649375792778,449,
AdbmoLPWCUo_00,True,30.0,171.0,29.99823539791777,170,
g-JnlWPEZd4_00,True,30.0,901.0,30.0,900,
jBZOG3jhKp4_00,True,11.880398671096346,149.0,11.95959595959596,148,
aQRTpyTLTV0_00,True,14.979195561719834,450.0,14.987649375792778,449,
AJjnEMemjDk_00,True,15.04,188.0,15.009230275302995,187,
YQG_FvZM9pg_00,True,15.098901098901099,229.0,15.074380165289256,228,
PNXLwYc7TFo_00,True,14.967602591792657,231.0,14.967137372291273,230,
qRIoLYMJVcs_00,True,15.173553719008265,459.0,15.288069964617131,458,
xKSqovMmBhw_00,True,10.133333333333333,304.0,10.122607155981692,303,
GnpwLP2THmM_0_00,True,29.97002997002997,117.0,29.970032551072425,116,
GnpwLP2THmM_1_00,True,29.97002997002997,211.0,29.970029970029973,210,
GnpwLP2THmM_10_00,True,29.60454179966375,162.0,29.785029785029785,161,
GnpwLP2THmM_2_00,True,29.595404595404595,158.0,29.78034811899165,157,
GnpwLP2THmM_3_00,True,29.97002997002997,198.0,29.970031489831563,197,
GnpwLP2THmM_4_00,True,29.647771583255455,184.0,29.80714775403142,183,
GnpwLP2THmM_5_00,True,15.318015318015318,46.0,15.681994247844509,45,
GnpwLP2THmM_6_00,True,29.62355563511633,171.0,29.7947666368719,170,
GnpwLP2THmM_7_00,True,29.501748251748253,126.0,29.732172589315446,125,
GnpwLP2THmM_9_00,True,29.97002997002997,227.0,29.97002864524729,226,
HD6QGx9d8ow_0_00,True,29.69633106619408,217.0,29.831917859471503,216,
HD6QGx9d8ow_1_00,True,29.698807979350967,219.0,29.833180518112027,218,
xDNd4r5dECc_00,True,15.020862308762169,450.0,14.987649375792778,449,
K98k1MB8rps_00,True,29.808306709265175,311.0,29.902575479888103,310,
EWacZjLgE18_00,True,15.020862308762169,450.0,15.008189323795834,449,
7NMgRqMghNs_00,True,15.047431421446385,380.0,15.008117847384469,379,
SBIUNqe_XTk_00,True,15.083426028921023,452.0,14.950111048496701,451,
oYaZpc8SL9c_00,True,8.933333333333334,268.0,8.912477468455839,267,
JZcTEwl1Od4_00,True,27.933333333333334,838.0,27.930723796175794,837,
-RE3XseZINA_00,True,12.989010989010989,394.0,13.118365711996796,393,
eSs-IaQJQtc_00,True,29.3007769145394,880.0,29.332265492041248,879,
v-XEgdEkmEk_00,True,14.945908460471568,449.0,14.974763512384262,448,
I2syQkUAm0g_00,True,14.966740576496674,450.0,14.983148129609237,449,
cTv27dfHJKM_00,True,15.079056865464633,453.0,15.087789572067562,452,
ngcjihGL0zg_00,True,15.085714285714285,132.0,14.971428571428572,131,
_lcVYPMK8RY_00,True,9.411764705882353,160.0,9.468982442303078,159,
3Si9WUEcmK8_00,True,14.26086956521739,82.0,13.224489795918368,81,
OoflvRjRL_Q_00,True,14.96,187.0,14.97946363856004,186,
69UT4E3LoAc_00,True,14.983351831298558,450.0,14.983148129609237,449,
LtBosyZywWw_00,True,14.754098360655737,225.0,14.809917355371901,224,
eUAbFjZa1MI_00,True,15.0124826629681,451.0,15.0,450,
TAx0an0Jo84_00,True,15.066666666666666,452.0,15.054409506642633,451,
29O6I-sITyw_00,True,14.966666666666667,449.0,14.974763512384262,448,
I2qAsVRZSkc_00,True,29.966666666666665,899.0,29.966296259218474,898,
EYPYs2UKPmE_00,True,15.020408163265307,368.0,15.005315234279173,367,
LsXzcdBISgw_00,True,10.485436893203884,315.0,10.481340543427466,314,
udz8ku0RP6Q_00,True,14.93362831858407,450.0,14.966666666666667,449,
QUvymz7GOQc_00,True,8.022284122562674,240.0,7.988768927365712,239,
bEwsn-J8API_00,True,8.033333333333333,241.0,8.022194738777284,240,
TDlmnB9JOHk_00,True,5.991678224687933,180.0,5.983220242671391,179,
Tk2ebvISDlk_00,True,8.02909090909091,184.0,8.0,183,
oqzyCtlqYUw_00,True,8.110803324099724,244.0,8.122472173012,243,
VbJ0P0Ranrw_00,True,8.072727272727272,111.0,8.024511234315728,110,
yzNEliTlFGk_00,True,8.03347280334728,240.0,8.0,239,
x9KDw9QoeKs_00,True,8.063241106719367,85.0,7.968127490039841,84,
F810q1TVR94_00,True,8.110803324099724,244.0,8.111265736982094,243,
CfyyqTRMA6A_00,True,7.857142857142857,110.0,7.951367974501349,109,
nzxBMPZE-Ow_00,True,8.411682892906814,252.0,8.413501826836054,251,
Z0GQkjeJ28s_00,True,7.933884297520661,240.0,7.977746959418603,239,
Xu_5PuNK6Mc_00,True,8.022284122562674,240.0,8.0,239,
Aq_-v8khHjQ_00,True,5.99103139013453,167.0,5.981981981981982,166,
jCoAyWsIyv8_00,True,8.022284122562674,240.0,8.0,239,
BdL1TIuXeuY_00,True,8.022284122562674,240.0,8.0,239,
P1CKuvV6ma4_00,True,15.136929460580912,152.0,15.1,151,
MLNUAH0Nc5w_00,True,9.980528511821975,299.0,9.947259496628615,298,
7DnAOa6rGgg_00,True,7.554317548746518,226.0,7.520891532498976,225,
ZGDoRBiCxEA_00,True,14.96103896103896,432.0,14.969435954431786,431,
TWCg8QXjraw_00,True,10.0,300.0,9.994317612060032,299,
h9aw9Upkwx4_00,True,9.920318725099602,83.0,9.91895488085158,82,
h5WtldZ9-68_00,True,14.948275862068966,289.0,14.96103896103896,288,
OPrn1pj3g5M_00,True,29.7669256381798,894.0,29.766666666666666,893,
H6A3xLciOZk_00,True,14.950055493895672,449.0,14.933333333333334,448,
ZoffyoNXhOo_00,True,14.923134657836645,443.0,14.922349763673193,442,
EzI5Rn3z4ew_00,True,14.983351831298558,450.0,14.983148129609237,449,
9w-8u8wKF5k_00,True,6.938388625592417,61.0,6.990291533603555,60,
Tfc5ixuHl3E_00,True,29.8,894.0,29.79944605732973,893,
ur7JERJrVQs_00,True,15.032159264931087,409.0,14.995589532490445,408,
022uvRkRJ8E_00,True,24.35967302452316,596.0,24.3513137431448,595,
GD6usZ7O7UU_00,True,20.0,600.0,19.993324432576767,599,
aERiIg9Dts4_00,True,14.945908460471568,449.0,14.954269310367849,448,
WiX5bXnWtXg_00,True,29.933407325194228,899.0,29.966296259218474,898,
bcuWtCE-SnE_00,True,30.0,318.0,29.999053657613324,317,
MTxBv0i8B8w_00,True,14.380027739251041,432.0,14.386648282466185,431,
X9mDWoU5gq0_00,True,11.447698744769875,342.0,11.382602309900529,341,
mhuM8U4OZw4_00,True,12.766666666666667,383.0,12.768802512953817,382,
1fe57nFDL_s_00,True,15.020862308762169,450.0,14.987482781501894,449,
C0faYXs1tA4_00,True,14.952413793103448,385.0,14.913779711045517,384,
whARwNPnlf0_00,True,14.871794871794872,174.0,14.913793103448276,173,
qOKeWK8IZHs_00,True,15.020862308762169,450.0,15.008189323795834,449,
nH1Xj9-rVwc_00,True,20.689655172413794,620.0,20.633333333333333,619,
ga0JEJ0fnGY_00,True,14.907488986784141,141.0,14.933333333333334,140,
zl0-TZHfZg0_00,True,15.012987012987013,289.0,14.992972044354206,288,
xR3X3G9hsZ0_00,True,15.016648168701442,451.0,15.0,450,
QE7qzpppF2c_00,True,18.5,555.0,18.492556245410242,554,
yQyB-0PLYAU_00,True,29.700665188470065,893.0,29.733333333333334,892,
62-L7OtC4tg_00,True,15.020862308762169,450.0,15.008189323795834,449,
H644DZi-cWQ_00,True,9.248780487804877,79.0,11.484663704016068,78,
lvIwOAjE7Ts_00,True,22.4,672.0,22.39431394018008,671,
9jbzA3-ub9c_00,True,14.65648854961832,80.0,14.813425839114943,79,
md2cHgL1TV0_00,True,14.966666666666667,449.0,14.974763512384262,448,
9AO9fQexSIo_00,True,14.954128440366972,326.0,14.930858639224514,325,
2OnAsVRtNQM_00,True,27.651663405088062,471.0,27.647058823529413,470,
pA_dEaPv-yk_00,True,29.786729857819907,419.0,29.857142857142858,418,
-FQxK6HdxNU_00,True,14.904458598726114,78.0,14.902264370040642,77,
fNoqwaXAqeA_00,True,14.979195561719834,450.0,14.987649375792778,449,
AGn3mKAiKQY_00,True,25.96529284164859,798.0,26.59592218106584,797,
O1AHOHWpTv8_00,True,17.560553633217992,203.0,17.657342657342657,202,
swAfXA86Sk8_00,True,13.36986301369863,244.0,13.345782073813709,243,
qx2zGl2mYt0_00,True,14.27027027027027,110.0,14.216773183774619,109,
BBFzGfSLEZE_00,True,15.016648168701442,451.0,15.0,450,
lqkfsE2tmbo_00,True,11.184466019417476,336.0,11.182321917350958,335,
pUUmNU7jrXI_00,True,15.023183925811438,405.0,14.98608982981255,404,
gDCiYQjLeEE_00,True,15.020862308762169,450.0,15.008356880409067,449,
JC52fZUaMio_00,True,14.933333333333334,448.0,14.9415045112313,447,
NQXpqL8dL8s_00,True,15.138461538461538,287.0,15.21951273506032,286,
4XE22RAmqnM_00,True,28.285714285714285,858.0,28.59812460373077,857,
Mzuyrdg3hxY_00,True,29.900110987791344,898.0,29.932926218840727,897,
hN69Cb16naw_00,True,30.0,572.0,30.00052540324699,571,
Sp7P1vH_ThU_00,True,29.2,876.0,29.199110771949073,875,
7O6n0GkXt_g_00,True,28.782467532467532,591.0,28.78048780487805,590,
6Oro7le8ZLQ_00,True,30.0,901.0,29.967036260113872,900,
S_HTEVMQK5g_00,True,29.733727810650887,335.0,29.821428571428573,334,
1_iNUkyy46E_00,True,28.385650224215247,844.0,28.225447058603727,843,
Kw_Xo2iUEZQ_00,True,30.0,133.0,30.000000000000004,132,
Kw_Xo2iUEZQ_01,True,29.6656050955414,621.0,29.66507177033493,620,
V3oNEkBwP7M_00,True,29.76127320954907,748.0,29.7609561752988,747,
6Ac5Ad5jcJ0_00,True,20.033898305084747,591.0,20.229033806487006,590,
Z3VF85Ibvc8_00,True,22.73230088495575,685.0,22.92763047631817,684,
miJaH5hcX5U_00,True,29.134295227524973,875.0,29.165415290152502,874,
DQ0vvyzJd3A_00,True,14.406685236768801,431.0,14.353428132719142,430,
Tb4q9PqHXRc_00,True,14.945908460471568,449.0,14.974763512384262,448,
cZqLDOqM9TM_00,True,14.047156726768378,422.0,14.053007543894786,421,
IjrWDrC23GY_00,True,24.292207792207794,645.0,24.317707985032825,644,
KZ8uvPQdYdk_00,True,29.9,897.0,29.899556178462976,896,
OrX9GrUmLy0_00,True,14.945908460471568,449.0,14.974763512384262,448,
FIBPRI-_xPo_00,True,14.613037447988905,439.0,14.620468656118566,438,
8a1onzDf0Eg_00,True,15.016759776536313,112.0,14.96561952271808,111,
LxNrteV6pVs_00,True,14.856867469879518,160.0,14.852872489490892,159,
LxNrteV6pVs_01,True,14.923554545454545,213.0,14.921171171171173,212,
ju6wnVi72qI_00,True,28.720770288858322,696.0,28.75822402449621,695,
WDKy_7gwkwI_00,True,30.0,900.0,29.999666299596225,899,
ZvegJ-6a3ow_00,True,26.58823529411765,339.0,26.50980392156863,338,
iXbPXFRanm4_00,True,13.780859916782246,414.0,13.804860112979242,413,
lKAtoCazPaE_00,True,26.0,780.0,26.026527680331426,779,
mr_it2B6muI_00,True,14.81686111111111,362.0,14.810256410256411,361,
JKYjZ-tLgrw_00,True,14.983351831298558,450.0,14.983148129609237,449,
VObOhcls5kI_00,True,14.945908460471568,449.0,14.974763512384262,448,
4GW-rpR12Rs_00,True,14.956521739130435,301.0,14.968566011376108,300,
OJvzrl3xheI_00,True,14.979195561719834,450.0,14.987649375792778,449,
ahyVT91vv8c_00,True,14.979195561719834,450.0,14.987649375792778,449,
8G_gWFWoV3U_00,True,14.983351831298558,450.0,14.983148129609237,449,
4Q4q7Y1GGHk_00,True,10.751733703190014,323.0,10.74838106682689,322,
fvnovsPGazc_00,True,14.916759156492786,448.0,14.91640804885374,447,
fy1ZkNZQhWA_00,True,15.065693430656934,86.0,14.999117698958885,85,
fy1ZkNZQhWA_01,True,15.168,79.0,14.976958525345626,78,
fy1ZkNZQhWA_02,True,15.022222222222222,169.0,14.987956106699974,168,
fy1ZkNZQhWA_03,True,14.857142857142858,65.0,14.770366951303952,64,
Ib9wzyr5GqE_00,True,14.679611650485437,441.0,14.707357021091687,440,
zOgTWOFJpKg_00,True,14.973134328358208,209.0,14.99099099099099,208,
zOgTWOFJpKg_01,True,15.0625,241.0,15.000000000000002,240,
K0RZlWi2qhA_00,True,14.979195561719834,450.0,14.987649375792778,449,
Y4QHUzvOwwQ_00,True,14.979195561719834,450.0,14.987649375792778,449,
CU0w8gexxew_00,True,14.979195561719834,450.0,14.987649375792778,449,
nbhL6NycXqc_00,True,15.020862308762169,450.0,14.987649375792778,449,
pK1JUx-kk5U_00,True,14.766666666666667,443.0,14.77420864391483,442,
ZFYfE3_Nz5o_00,True,14.945908460471568,449.0,14.974763512384262,448,
XPqOWbSVgbk_00,True,15.345353675450763,461.0,15.354830095466989,460,
3rBm5RyfhOw_00,True,14.903790087463557,213.0,14.964706586574428,212,
8eSV1Aza1uE_00,True,14.933481152993348,449.0,14.949778089231488,448,
vfx-a0mKrFo_00,True,14.925207756232687,449.0,14.954269310367849,448,
niL3O_tNdFY_00,True,15.043604651162791,345.0,15.000218026424802,344,
OlyJb8yf1dI_00,True,14.950166112956811,450.0,14.966666666666667,449,
pb5K0aVve9o_00,True,29.84771573604061,392.0,29.922706053417006,391,
r_s-IxnbXkw_00,True,14.693877551020408,150.0,14.36144578313253,149,
HSDqCUHuz8Q_0_00,True,25.120481927710845,139.0,25.09090909090909,138,
HSDqCUHuz8Q_3_00,True,14.30232558139535,287.0,14.347826326886727,286,
HSDqCUHuz8Q_5_00,True,20.257234726688104,210.0,20.357142196196683,209,
IAhGJNVqs1M_10_00,True,18.983957219251337,142.0,18.951612903225808,141,
IAhGJNVqs1M_14_00,True,22.910798122065728,976.0,22.908834586466163,975,
IAhGJNVqs1M_9_00,True,24.56575682382134,396.0,24.625935162094763,395,
L334aqEJxys_0_00,True,25.071082763390457,348.0,24.99904002245447,347,
L334aqEJxys_1_00,True,25.007460072395137,257.0,24.99129453636609,256,
ML52jXyFltw_0_00,True,9.84375,21.0,8.823528114187042,20,
MxiC2UdOzE8_0_00,True,27.164325036665463,1065.0,27.185091123710052,1064,
N6zJ2inqJn0_0_00,True,24.905842080357317,300.0,24.96111200668724,299,
N6zJ2inqJn0_1_00,True,24.056211347181247,240.0,24.03636551246185,239,
N6zJ2inqJn0_2_00,True,19.45921377200998,137.0,19.690454473063166,136,
N6zJ2inqJn0_3_00,True,25.06584324766143,184.0,25.04344970098395,183,
PF5pVn8N9wA_11_00,True,24.65846286701209,191.0,24.657116835541963,190,
eqwBLPxQ0z0_00,True,14.928,311.0,14.95200887474075,310,
acmBtouCwIU_00,True,14.846047156726769,446.0,14.854129114093064,445,
xoq6jahieRg_00,True,29.901800327332243,609.0,29.950738916256157,608,
fhZ9Mb-Ps3M_00,True,29.933481152993348,900.0,29.966666666666665,899,
kuwhQxdw6TU_00,True,14.712898751733704,442.0,14.720608852393351,441,
IKBt_1zB87o_00,True,6.990291262135922,210.0,6.976433673810001,209,
fVIMQD0Bo2M_00,True,14.844223602484472,156.0,14.84105706625814,155,
YObeSti3p2M_00,True,15.0,451.0,14.983351997595472,450,
KWBc4BKAUso_00,True,10.0209575,263.0,10.008021696779862,262,
gwHMR2FEVKA_00,True,29.933407325194228,899.0,29.966296259218474,898,
Cu647jk6n_s_00,True,14.964871194379391,213.0,14.96541013694762,212,
Okrusfvcpt8_00,True,14.735112936344969,299.0,14.716049382716049,298,
dn0Au-EvKJI_00,True,26.078740157480315,276.0,27.870680044593087,275,
IhxIuzCn1dM_00,True,29.644970414201183,167.0,29.818573738099513,166,
95Tx-2p0O_E_00,True,14.753824756606397,442.0,14.720608852393351,441,
SVcqRcsvGak_00,True,14.979195561719834,450.0,14.987649375792778,449,
1TfCsqNoWQw_00,True,14.967721518987341,375.0,14.965387539514225,374,
vUnflRkNPsI_00,True,14.979195561719834,450.0,14.987649375792778,449,
EV73dR7U00I_00,True,14.96629213483146,222.0,14.965802126362837,221,
QGey_zj5Cms_00,True,7.964601769911504,240.0,7.948914091861509,239,
VxcFvNWTn6M_00,True,14.966666666666667,449.0,14.974763512384262,448,
SrbylylFcsg_2_00,True,24.206349206349206,61.0,24.59016393442623,60,
T1WbCBVGCHg_0_00,True,23.597359735973598,286.0,23.4375,285,
T1WbCBVGCHg_12_00,True,23.05276381909548,367.0,23.04785894206549,366,
T1WbCBVGCHg_4_00,True,21.73913043478261,260.0,21.655518394648826,259,
T1WbCBVGCHg_8_00,True,17.883211678832115,392.0,17.9029304029304,391,
T_MwU0oQIBs_0_00,True,15.091291687036367,71.0,15.092823017676281,70,
TqwcLiIQq3A_3_00,True,9.668079545962856,951.0,9.625263174958915,950,
TvPX5q1VvE0_0_00,True,22.088003739379886,241.0,22.063826420935705,240,
UEXRGvWNta8_0_00,True,12.209302325581396,70.0,11.96531722743831,69,
UcJKeuDYOzc_12_00,True,23.15340909090909,163.0,22.625698324022345,162,
UcJKeuDYOzc_15_00,True,21.25,204.0,20.88477366255144,203,
UcJKeuDYOzc_16_00,True,25.0,247.0,25.0,246,
UcJKeuDYOzc_19_00,True,24.598393574297187,245.0,24.596774193548388,244,
UcJKeuDYOzc_3_00,True,25.0,352.0,25.0,351,
UcJKeuDYOzc_4_00,True,25.0,184.0,25.0,183,
UcJKeuDYOzc_6_00,True,15.095628415300547,221.0,15.027322404371585,220,
UcJKeuDYOzc_8_00,True,23.75,171.0,23.743016759776538,170,
UcJKeuDYOzc_9_00,True,22.96747967479675,226.0,22.959183673469386,225,
V0iWmOFca7w_4_00,True,18.687195157783393,424.0,18.746503311793614,423,
zs895pofwv4_00,True,14.943396226415095,297.0,14.955537590945836,296,
DEmCJ-_E3tY_00,True,15.075885328836424,298.0,15.025041736227045,297,
zefBTt5RXko_00,True,14.912621359223301,448.0,14.920723392720149,447,
K0YHy4UKGE4_00,True,14.850828729281767,112.0,14.966293480116267,111,
SMqZ9jI9TOE_00,True,29.666666666666668,890.0,29.665965895818736,889,
-yuVlpyayOI_00,True,18.838709677419356,511.0,18.831000996935348,510,
JEv4-TJDQlQ_00,True,15.009771986970684,384.0,15.009601442175805,383,
SZA0u7rLVL4_00,True,29.917355371900825,724.0,29.916828733396784,723,
i62_ZJJeR-Y_00,True,25.105438401775803,754.0,25.12764040444489,753,
efXT6-Z1BGg_00,True,20.02680965147453,498.0,20.01288556011919,497,
jndtah0zyZ4_00,True,25.435265104808877,764.0,25.464771291143666,763,
z6AXuWSU63M_00,True,14.950033311125916,374.0,14.9498997995992,373,
Xe9CoVqpv9c_2_00,True,25.142857142857142,176.0,25.0,175,
Xu1KsH1j2iQ_1_00,True,24.719805741703553,226.0,24.791385996040212,225,
Xu1KsH1j2iQ_11_00,True,20.074265357284226,355.0,20.05555842917841,354,
YTOvt3Ac1z4_0_00,True,27.16909258965334,1067.0,27.189831676322246,1066,
YtKuNIcpvlY_0_00,True,15.019633507853403,675.0,14.997382355993533,674,
Z52L6jGdSkY_0_00,True,29.97002997002997,162.0,29.970031829662997,161,
Z52L6jGdSkY_10_00,True,29.97002997002997,199.0,29.97002997002997,198,
Z52L6jGdSkY_11_00,True,29.97002997002997,66.0,29.970034576198355,65,
Z52L6jGdSkY_12_00,True,29.97002997002997,101.0,29.970026976021284,100,
Z52L6jGdSkY_14_00,True,29.97002997002997,111.0,29.97003269185657,110,
Z52L6jGdSkY_15_00,True,29.97002997002997,162.0,29.970031829662997,161,
Z52L6jGdSkY_3_00,True,29.425120334211243,108.0,29.692529692529693,107,
Z52L6jGdSkY_6_00,True,25.06114575080092,97.0,25.018457627723787,96,
Z52L6jGdSkY_7_00,True,24.77837123506415,105.0,24.935066927877475,104,
Z52L6jGdSkY_8_00,True,24.479337456436692,107.0,24.818933005973165,106,
Z52L6jGdSkY_9_00,True,29.97002997002997,113.0,29.970027296807896,112,
_FjROQyb1C8_1_00,True,21.978021978021978,165.0,21.844821844821844,164,
bSZkOI7eF8k_1_00,True,30.0,213.0,29.99999858490573,212,
bSZkOI7eF8k_2_00,True,28.74015748031496,365.0,28.88888888888889,364,
bSZkOI7eF8k_3_00,True,28.536585365853657,390.0,28.463413939916734,389,
bSZkOI7eF8k_4_00,True,28.083700440528634,425.0,28.079470198675498,424,
bSZkOI7eF8k_7_00,True,30.0,119.0,30.000002542373096,118,
bXaAw1730zE_0_00,True,14.368421052631579,91.0,14.36170136373929,90,
bwW_wL4TwZg_1_00,True,24.41176470588235,83.0,24.404761904761905,82,
bwW_wL4TwZg_2_00,True,24.820143884892087,276.0,24.819494584837546,275,
dmwcqNAuZcM_1_00,True,13.87074463997541,722.0,13.86041805443061,721,
h50TQ3i9k5I_0_00,True,12.534818941504179,300.0,12.527932785922726,299,
h50TQ3i9k5I_2_00,True,20.084033613445378,239.0,20.05617921190508,238,
hSt-aJwZqsY_2_00,True,30.0,215.0,30.000001401869223,214,
hSt-aJwZqsY_3_00,True,30.0,205.0,30.0,204,
ieFXAiS97A0_1_00,True,14.266555362445773,139.0,14.261600959785076,138,
ieFXAiS97A0_5_00,True,19.98001998001998,208.0,19.8839621916545,207,
k932VZGqE6c_0_00,True,28.492462311557787,378.0,28.488665705004173,377,
k932VZGqE6c_1_00,True,30.0,228.0,29.999998678414155,227,
k932VZGqE6c_2_00,True,28.44,237.0,28.548385945629597,236,
k932VZGqE6c_3_00,True,22.81967213114754,232.0,22.9470191077146,231,
kv-u4ZiEGJA_4_00,True,22.5,81.0,22.857142857142858,80,
lJvJnAxuX5U_0_00,True,22.580645161290324,224.0,22.57085020242915,223,
mOwuW8t6-GQ_2_00,True,24.943052391799544,438.0,24.942922374429223,437,
mOwuW8t6-GQ_4_00,True,20.183658170914544,1077.0,20.210368144252442,1076,
mOwuW8t6-GQ_5_00,True,18.995633187772924,174.0,19.05286343612335,173,
mOwuW8t6-GQ_6_00,True,17.988394584139265,372.0,17.974806201550386,371,
mg6PLF8sHWw_0_00,True,17.997675962815403,302.0,17.973885675816312,301,
mhQIf0yVU3g_1_00,True,15.151515151515152,100.0,15.076141366693331,99,
mhQIf0yVU3g_3_00,True,17.936507936507937,113.0,18.064516129032256,112,
nFpT2-RpAS8_0_00,True,25.0,172.0,25.0,171,
nFpT2-RpAS8_1_00,True,24.764521193092623,631.0,24.764150943396224,630,
nFpT2-RpAS8_2_00,True,24.326145552560646,361.0,24.324324324324323,360,
nFpT2-RpAS8_3_00,True,23.975409836065573,234.0,23.97119341563786,233,
nSK7cehJiCE_6_00,True,25.0,126.0,25.0,125,
nSK7cehJiCE_8_00,True,22.773972602739725,133.0,22.758620689655174,132,
nSK7cehJiCE_9_00,True,24.642857142857142,138.0,24.818840579710148,137,
nsHYg3ENgk4_1_00,True,29.72336305669639,241.0,29.84567176202753,240,
nsHYg3ENgk4_2_00,True,25.026519871880698,243.0,25.096010387674248,242,
nsHYg3ENgk4_5_00,True,29.76684332616536,293.0,29.867744196681958,292,
nsHYg3ENgk4_6_00,True,29.73680016481573,255.0,29.852500440735735,254,
nsHYg3ENgk4_7_00,True,29.728336179949082,246.0,29.8482005799079,245,
nsHYg3ENgk4_9_00,True,29.97002997002997,238.0,29.97002997002997,237,
pA6q7Q2EQrw_20_00,True,20.181818181818183,148.0,20.045455456611613,147,
pA6q7Q2EQrw_21_00,True,25.081967213114755,102.0,25.04132438358053,101,
pA6q7Q2EQrw_22_00,True,12.552631578947368,159.0,12.572943963582388,158,
pA6q7Q2EQrw_25_00,True,14.72972972972973,109.0,14.93087626409568,108,
pA6q7Q2EQrw_3_00,True,24.88095238095238,209.0,24.96000099840004,208,
pA6q7Q2EQrw_32_00,True,24.523809523809526,206.0,24.60000098400004,205,
pA6q7Q2EQrw_8_00,True,24.755244755244757,236.0,24.82394278788934,235,
rQy2l6gxB8c_0_00,True,29.81594241234344,387.0,29.892588032122916,386,
rQy2l6gxB8c_1_00,True,29.870791460195434,301.0,29.870460772766744,300,
rQy2l6gxB8c_3_00,True,25.894931230559457,502.0,25.88790475235274,501,
tDN-mwNSJc8_2_00,True,18.607843137254903,117.0,18.57017645669827,116,
tDN-mwNSJc8_3_00,True,17.985507246376812,102.0,18.204938945861937,101,
tDN-mwNSJc8_4_00,True,19.593073593073594,124.0,19.690790553223167,123,
tDN-mwNSJc8_5_00,True,18.343589743589742,98.0,18.15640941842213,97,
tDN-mwNSJc8_8_00,True,19.063694267515924,123.0,19.277056652583354,122,
tDN-mwNSJc8_9_00,True,18.951923076923077,162.0,19.01780030671814,161,
upawiSphDM8_2_00,True,27.870967741935484,144.0,28.039215686274513,143,
wScVipt0pWk_10_00,True,20.238095238095237,68.0,20.180722891566266,67,
wScVipt0pWk_12_00,True,19.642857142857142,121.0,19.867549668874172,120,
wScVipt0pWk_13_00,True,12.67605633802817,72.0,12.5,71,
wScVipt0pWk_15_00,True,16.544117647058822,45.0,16.176470588235293,44,
wScVipt0pWk_17_00,True,19.838709677419356,123.0,19.934640522875817,122,
wScVipt0pWk_3_00,True,12.719298245614034,58.0,12.61061946902655,57,
wScVipt0pWk_7_00,True,12.3046875,63.0,12.301587301587302,62,
xKT7khciy-c_10_00,True,22.66640922103107,90.0,19.90546915066047,89,
xKT7khciy-c_14_00,True,17.28001728001728,64.0,17.482517482517483,63,
xKT7khciy-c_16_00,True,19.722924134688842,179.0,19.612738760303024,178,
xKT7khciy-c_18_00,True,10.034018844591532,76.0,10.217055207653473,75,
xKT7khciy-c_2_00,True,16.956727483043274,43.0,16.783216783216787,42,
xKT7khciy-c_20_00,True,13.063859217705371,85.0,12.976714675876426,84,
xKT7khciy-c_22_00,True,18.605929386598532,167.0,18.988644218810034,166,
xKT7khciy-c_5_00,True,19.812120652456787,236.0,19.783587754481132,235,
xKT7khciy-c_8_00,True,16.206016206016205,73.0,16.10330088592757,72,
y4Evv5By6sg_1_00,True,24.840930881199338,247.0,24.907525748154743,246,
y4Evv5By6sg_3_00,True,24.84002484002484,184.0,24.929614706674474,183,
y4Evv5By6sg_4_00,True,24.707000316756414,169.0,24.802784644064538,168,
5m8QzQubYOI_00,True,5.753968253968254,116.0,5.727091633466136,115,
kaggle-fahaddalwai-cctvfootagevideo_1_00,True,25.518672199170126,205.0,25.289255153336562,204,
kaggle-fahaddalwai-cctvfootagevideo_3_00,True,29.424920127795527,307.0,29.235667858736694,306,
kaggle-fahaddalwai-cctvfootagevideo_4_00,True,22.395104895104897,427.0,22.342658123869164,426,
kaggle-fahaddalwai-cctvfootagevideo_5_00,True,25.285714285714285,177.0,25.142857142857142,176,
kaggle-fahaddalwai-cctvfootagevideo_6_00,True,25.189873417721518,199.0,25.169493658431666,198,
KUBbn-T3XYI_00,True,13.130434782608695,302.0,13.632246376811596,301,
russia1_00,True,29.12536443148688,333.0,29.080291121743326,332,
russia11_00,True,32.26700251889169,427.0,32.15094339622642,426,
russia12_00,True,29.488636363636363,173.0,29.485715970612343,172,
russia13_00,True,34.09090909090909,125.0,33.97260273972603,124,
russia14_00,True,23.414634146341463,176.0,23.48993288590604,175,
russia15_00,True,26.88679245283019,190.0,26.935865703759347,189,
russia16_00,True,25.5,238.0,25.438281737449667,237,
russia17_00,True,27.18562874251497,227.0,27.174347608242577,226,
russia18_00,True,20.236087689713322,200.0,20.134905893092352,199,
russia19_00,True,27.75,259.0,27.593582887700535,258,
russia2_00,True,30.2868068833652,264.0,30.17208297621098,263,
russia20_00,True,27.317073170731707,168.0,27.302450828204318,167,
russia21_00,True,19.541284403669724,284.0,20.859950347421368,283,
russia22_00,True,25.03937007874016,106.0,25.0,105,
russia23_00,True,30.0,135.0,29.999997761194194,134,
russia3_00,True,30.179640718562876,336.0,30.134931630136983,335,
russia4_00,True,25.83011583011583,446.0,25.872093023255815,445,
russia6_00,True,26.29955947136564,199.0,26.225165562913908,198,
russia7_00,True,22.599118942731277,342.0,22.607735306248294,341,
russia8_00,True,30.233463035019454,259.0,30.175438596491226,258,
video13_00,True,25.63953488372093,441.0,25.631067463474416,440,
video130_00,True,25.317073170731707,173.0,25.294117647058822,172,
video136_00,True,19.594202898550726,338.0,20.069478509787025,337,
video187_00,True,23.634453781512605,225.0,23.931623931623932,224,
video193_00,True,23.202416918429,640.0,23.201210006641936,639,
video24_00,True,23.484848484848484,124.0,24.0234375,123,
video26_00,True,23.826714801444044,792.0,23.854041013269,791,
video33_00,True,20.0,106.0,20.0,105,
video38_00,True,17.708333333333332,85.0,17.68421052631579,84,
video52_00,True,18.924205378973106,258.0,19.568528415444884,257,
video56_00,True,24.0,308.0,23.99999937459285,307,
video57_00,True,25.83732057416268,180.0,25.942028985507246,179,
video60_00,True,25.374449339207047,576.0,25.367646685769902,575,
video72_00,True,17.72200772200772,153.0,17.404580816968732,152,
hFaYR4zsGzA_00,True,22.666666666666668,680.0,22.663551401869157,679,
4qfPNqggweo_00,True,17.15661103979461,891.0,17.148362235067438,890,
6wze8ucfW1g_00,True,12.299647255399467,371.0,12.280119482243611,370,
v_i8N0-kt2w_00,True,24.493243243243242,580.0,24.49238578680203,579,
PVYTq0m-OR0_00,True,23.788372093023256,193.0,23.665117875089344,192,
KPyyCBJKS98_00,True,9.913163759317605,258.0,9.900227281482337,257,
Hg0kgEuDppk_00,True,16.6321773450454,501.0,16.638381418255634,500,
OehnhIPFm4Q_00,True,20.121951219512194,99.0,20.416666666666664,98,
OehnhIPFm4Q_01,True,25.0,148.0,25.0,147,
OehnhIPFm4Q_02,True,25.0,146.0,25.0,145,
OehnhIPFm4Q_03,True,25.0,150.0,25.0,149,
OehnhIPFm4Q_04,True,25.0,204.0,25.000000000000004,203,
kd7QwQqeJZQ_00,True,24.603174603174605,124.0,24.798387096774192,123,
kd7QwQqeJZQ_01,True,22.957198443579767,236.0,23.68951612903226,235,
kd7QwQqeJZQ_02,True,25.0,137.0,25.000000000000004,136,
Nlb0EeukIEQ_00,True,25.0,138.0,25.000000000000004,137,
KZl-FNCuiGs_00,True,22.86096256684492,171.0,22.8494623655914,170,
PoPhUbkrq9g_00,True,23.24561403508772,53.0,23.21428571428571,52,
zYgBOSbkY3A_00,True,22.058823529411764,75.0,22.289156626506024,74,
zYgBOSbkY3A_01,True,25.0,225.0,24.999999999999996,224,
T636miXHz3U_00,True,25.0,150.0,25.0,149,
2unYN0QzOFk_00,True,25.0,88.0,25.000000000000004,87,
1_F0r7KVJ1k_00,True,24.740484429065745,286.0,24.653979238754324,285,
e17Wq4Hpqlk_00,True,25.0,122.0,25.0,121,
e17Wq4Hpqlk_01,True,25.0,99.0,25.0,98,
e17Wq4Hpqlk_02,True,25.0,149.0,25.0,148,
OY5bWBGoSwc_00,True,24.834437086092716,125.0,24.96644630422098,124,
hdyWKrR5uCk_00,True,25.0,144.0,25.0,143,
hdyWKrR5uCk_01,True,25.0,150.0,25.0,149,
NF5q7ye97l0_00,True,25.0,160.0,25.000000000000004,159,
LeRsK6lfpK8_00,True,25.0,125.0,25.0,124,
LeRsK6lfpK8_01,True,25.0,98.0,25.0,97,
LeRsK6lfpK8_02,True,25.0,159.0,25.0,158,
nEszisiy2ho_00,True,25.0,200.0,25.0,199,
jYai-crKZx8_00,True,22.058823529411764,30.0,21.969696969696972,29,
Y5oIfasCYJM_00,True,25.0,87.0,24.999999999999996,86,
ACcnz_yNp6Q_00,True,25.0,145.0,25.0,144,
65p17BwHTaw_00,True,25.0,150.0,25.0,149,
65p17BwHTaw_01,True,25.0,79.0,25.0,78,
q7UutMH5DTM_00,True,25.0,191.0,24.999999999999996,190,
YueG1zLkV8o_00,True,25.0,62.0,24.999999999999996,61,
YueG1zLkV8o_01,True,25.0,155.0,25.0,154,
YueG1zLkV8o_02,True,25.0,197.0,24.999999999999996,196,
U53oza5hHEM_00,True,25.0,140.0,25.0,139,
X5RwksTFZW8_00,True,6.903945111492281,161.0,7.352941176470588,160,
987C4_UdnJE_00,True,20.88607594936709,66.0,20.833333333333332,65,
987C4_UdnJE_01,True,20.161290322580644,100.0,20.121951219512194,99,
eQvvIoDMXzY_00,True,22.231561612817455,288.0,23.046490714071023,287,
eQvvIoDMXzY_01,True,20.27260915152032,449.0,20.304078042349683,448,
ZftLPdDo5K8_00,True,14.979195561719834,450.0,14.987649375792778,449,
