track_id,dataset_id,video_id,path,source_cluster_id,native_anchor_field,anchor_s,anchor_frame,fps,duration_s,n_frames,post_anchor_length_s,class_code,class_name,map_status,split,split_geo,quality,day_time,scene_layout,region,license_note,decode_ok,decode_hash
roadside,ACCIDENT_real,Z4kg2Ev3vhk_00,real_videos/Z4kg2Ev3vhk_00.mp4,Z4kg2Ev3vhk,accident_time,11.333,170,14.148897120165516,29.967,424,18.634,1,rear-end,unique,test,test,Very_Poor,night,highway,Georgia,academic-noncommercial; see paper vs kaggle,True,bacf092dd92797d589d222d30b7c44e8
roadside,ACCIDENT_real,unS0-TLF1ao_00,real_videos/unS0-TLF1ao_00.mp4,unS0-TLF1ao,accident_time,2.56,64,25.0,5.92,148,3.36,2,t-bone,unique,test,train,Very_Poor,night,signalized_intersection,World,academic-noncommercial; see paper vs kaggle,True,c6244f01fcdde60ead6e0abf1df42133
roadside,ACCIDENT_real,UarP8qU1S-c_00,real_videos/UarP8qU1S-c_00.mp4,UarP8qU1S-c,accident_time,8.667,130,14.478575621209156,15.333,222,6.666,4,single,unique,train,test,Poor,night,highway,Virginia,academic-noncommercial; see paper vs kaggle,True,dc0e59ed4c7f8d01308c7647a3b911b0
roadside,ACCIDENT_real,UarP8qU1S-c_01,real_videos/UarP8qU1S-c_01.mp4,UarP8qU1S-c,accident_time,2.033999999999999,30,14.918112534457594,6.167000000000002,92,4.133000000000003,4,single,unique,train,test,Poor,night,highway,Virginia,academic-noncommercial; see paper vs kaggle,True,af0741a85130e394d30ad0a54406f5e0
roadside,ACCIDENT_real,nAXTthLfgtI_00,real_videos/nAXTthLfgtI_00.mp4,nAXTthLfgtI,accident_time,4.125,62,14.99099099099099,13.875,208,9.75,4,single,unique,test,test,Very_Poor,night,highway,Virginia,academic-noncommercial; see paper vs kaggle,True,8009c9133fdfe6764e2f22e6794b91ff
roadside,ACCIDENT_real,fzWY0vLAXzI_00,real_videos/fzWY0vLAXzI_00.mp4,fzWY0vLAXzI,accident_time,4.2,88,21.203009113008203,8.866666,188,4.666666,2,t-bone,unique,test,train,Fine,day,signalized_intersection,World,academic-noncommercial; see paper vs kaggle,True,a331e408001a531d8075aa53b1e9e60b
roadside,ACCIDENT_real,vxZ47DoPNY8_00,real_videos/vxZ47DoPNY8_00.mp4,vxZ47DoPNY8,accident_time,2.8333329999999997,50,17.844828355380532,7.733333000000001,138,4.900000000000001,4,single,unique,test,train,Good,day,city_street,World,academic-noncommercial; see paper vs kaggle,True,6e7c8a7a09023b907004b43a319dd97e
roadside,ACCIDENT_real,OXVXsdDT9QQ_00,real_videos/OXVXsdDT9QQ_00.mp4,OXVXsdDT9QQ,accident_time,0.9999999999999999,17,16.60377358490566,5.3,88,4.3,2,t-bone,unique,test,train,Fine,night,signalized_intersection,World,academic-noncommercial; see paper vs kaggle,True,1f2a9da51efc010e6e45bc7739a2ddc6
roadside,ACCIDENT_real,VozrseCzhQc_00,real_videos/VozrseCzhQc_00.mp4,VozrseCzhQc,accident_time,5.583,84,15.026609621204216,9.583,144,4.0,4,single,unique,test,test,Poor,day,highway,Virginia,academic-noncommercial; see paper vs kaggle,True,12dd410f53cc80b8893223ce424c947d
roadside,ACCIDENT_real,kABWTDKgc9U_00,real_videos/kABWTDKgc9U_00.mp4,kABWTDKgc9U,accident_time,6.566,197,29.966216216216218,29.599999999999998,887,23.034,2,t-bone,unique,test,test,Good,day,signalized_intersection,Alabama,academic-noncommercial; see paper vs kaggle,True,5192bfc7709e091303701d05d6f10f16
roadside,ACCIDENT_real,ftk_fSc4haM_00,real_videos/ftk_fSc4haM_00.mp4,ftk_fSc4haM,accident_time,5.200000000000001,130,24.791666666666664,14.4,357,9.2,2,t-bone,unique,test,train,Good,night,signalized_intersection,World,academic-noncommercial; see paper vs kaggle,True,4950010fbe5b18cc8544436fdb2a7336
roadside,ACCIDENT_real,BgdKGnFqz0I_00,real_videos/BgdKGnFqz0I_00.mp4,BgdKGnFqz0I,accident_time,5.033,125,24.91435689816257,9.633,240,4.599999999999999,2,t-bone,unique,test,train,Fine,day,signalized_intersection,World,academic-noncommercial; see paper vs kaggle,True,fa79b1e4ea5acdff0bf04b9e992fd26f
roadside,ACCIDENT_real,LiM5LPSZoow_00,real_videos/LiM5LPSZoow_00.mp4,LiM5LPSZoow,accident_time,3.583,53,14.974763512384262,29.917,448,26.334000000000003,2,t-bone,unique,test,test,Fine,day,signalized_intersection,Alabama,academic-noncommercial; see paper vs kaggle,True,84fbfbee5b224b05ca03a67cf6d2da45
roadside,ACCIDENT_real,F0NHENn-HS4_00,real_videos/F0NHENn-HS4_00.mp4,F0NHENn-HS4,accident_time,2.533,39,15.023923444976077,20.9,314,18.366999999999997,1,rear-end,unique,dev,test,Fine,day,highway,Alabama,academic-noncommercial; see paper vs kaggle,True,d2d1eb7f3401ac4bfab033b196b2e84b
roadside,ACCIDENT_real,maJsgJsapH4_00,real_videos/maJsgJsapH4_00.mp4,maJsgJsapH4,accident_time,7.0,69,9.966666666666667,30.0,299,23.0,1,rear-end,unique,train,test,Poor,day,highway,Alabama,academic-noncommercial; see paper vs kaggle,True,125eecb0357f132512a8901e9863f8d3
roadside,ACCIDENT_real,iA_u73BG4ZM_00,real_videos/iA_u73BG4ZM_00.mp4,iA_u73BG4ZM,accident_time,3.867,116,30.0,30.0,900,26.133,1,rear-end,unique,test,test,Very_Poor,day,highway,Alabama,academic-noncommercial; see paper vs kaggle,True,dfec76ccf79a925d0a8e6aeebcf73cbb
roadside,ACCIDENT_real,maJGw3hQs_s_00,real_videos/maJGw3hQs_s_00.mp4,maJGw3hQs_s,accident_time,3.125,31,9.994317612060032,29.917,299,26.792,2,t-bone,unique,test,test,Very_Poor,day,simple_intersection,Alabama,academic-noncommercial; see paper vs kaggle,True,c0e4c4b0b9e30e7880211aacef3f74f1
roadside,ACCIDENT_real,aPsS_HaokoU_00,real_videos/aPsS_HaokoU_00.mp4,aPsS_HaokoU,accident_time,5.375,80,10.93981419146358,29.708,325,24.333,2,t-bone,unique,test,test,Poor,day,signalized_intersection,Alabama,academic-noncommercial; see paper vs kaggle,True,2996014562a8cf42d5829348a586aa2b
roadside,ACCIDENT_real,aF2Hbp8C23A_00,real_videos/aF2Hbp8C23A_00.mp4,aF2Hbp8C23A,accident_time,3.042,45,14.936135146271116,9.708,145,6.666,1,rear-end,unique,test,test,Poor,day,signalized_intersection,Alabama,academic-noncommercial; see paper vs kaggle,True,e4c362c877de0d0d437ca54f9545f147
roadside,ACCIDENT_real,82sQ7N-aHOw_00,real_videos/82sQ7N-aHOw_00.mp4,82sQ7N-aHOw,accident_time,1.0,15,14.976,15.624999999999998,234,14.624999999999998,2,t-bone,unique,test,test,Poor,day,grade_separated_intersection,Alabama,academic-noncommercial; see paper vs kaggle,True,4658c19018fc64c91c9db1b5b2e131ee
roadside,ACCIDENT_real,bJMc3sNP2AU_00,real_videos/bJMc3sNP2AU_00.mp4,bJMc3sNP2AU,accident_time,2.133,32,15.0,6.6,99,4.467,2,t-bone,unique,test,test,Poor,night,highway,Alabama,academic-noncommercial; see paper vs kaggle,True,3edf490741376e5c8a77e322a84807de
roadside,ACCIDENT_real,XaqA-uzqeNc_00,real_videos/XaqA-uzqeNc_00.mp4,XaqA-uzqeNc,accident_time,2.25,34,14.892307692307693,8.125,121,5.875,4,single,unique,train,test,Fine,day,highway,Alabama,academic-noncommercial; see paper vs kaggle,True,5be7671eb7cbe0c517e125d9403eb8a9
roadside,ACCIDENT_real,gp_9zTMpVrs_00,real_videos/gp_9zTMpVrs_00.mp4,gp_9zTMpVrs,accident_time,1.917,29,15.013194493973325,28.042,421,26.125,4,single,unique,test,test,Very_Poor,day,signalized_intersection,Alabama,academic-noncommercial; see paper vs kaggle,True,7871218fdb1ec0fa02099910f09a5202
roadside,ACCIDENT_real,B_nBw3PcHXg_00,real_videos/B_nBw3PcHXg_00.mp4,B_nBw3PcHXg,accident_time,4.833,75,15.86877359436074,29.933,475,25.1,1,rear-end,unique,test,test,Poor,night,signalized_intersection,Alabama,academic-noncommercial; see paper vs kaggle,True,8a2b728efbce8a4498fdd1615d558be3
roadside,ACCIDENT_real,jq-5EaxSR3M_00,real_videos/jq-5EaxSR3M_00.mp4,jq-5EaxSR3M,accident_time,3.208,48,14.987649375792778,29.958,449,26.75,2,t-bone,unique,test,test,Poor,day,highway,Alabama,academic-noncommercial; see paper vs kaggle,True,4fa82591187d9124e13f9104a814b5e1
roadside,ACCIDENT_real,4jVVNw9AF2s_00,real_videos/4jVVNw9AF2s_00.mp4,4jVVNw9AF2s,accident_time,5.667,84,14.954269310367849,29.958,448,24.290999999999997,2,t-bone,unique,test,test,Poor,night,signalized_intersection,Alabama,academic-noncommercial; see paper vs kaggle,True,f0631855c036052bfe6a838676023330
roadside,ACCIDENT_real,FR3eYZzgeJY_00,real_videos/FR3eYZzgeJY_00.mp4,FR3eYZzgeJY,accident_time,2.875,38,12.183723880098805,29.958,365,27.083,2,t-bone,unique,test,test,Poor,night,signalized_intersection,Alabama,academic-noncommercial; see paper vs kaggle,True,e634dc96fb3887342fb1fb79d9f6525f
roadside,ACCIDENT_real,ApyekBAgfg8_00,real_videos/ApyekBAgfg8_00.mp4,ApyekBAgfg8,accident_time,4.0,60,14.954103087111022,29.958333,448,25.958333,0,head-on,unique,dev,test,Good,night,signalized_intersection,Alabama,academic-noncommercial; see paper vs kaggle,True,86157389a77f2a195c9ef449d311f441
roadside,ACCIDENT_real,Mem77KKhF8c_00,real_videos/Mem77KKhF8c_00.mp4,Mem77KKhF8c,accident_time,1.208,18,14.620468656118566,29.958,438,28.75,0,head-on,unique,test,test,Very_Poor,night,signalized_intersection,Alabama,academic-noncommercial; see paper vs kaggle,True,905a525a5ebe0c9fbe18fef9ac2df4e5
roadside,ACCIDENT_real,GSvQCAPnFGo_00,real_videos/GSvQCAPnFGo_00.mp4,GSvQCAPnFGo,accident_time,4.583,68,14.974763512384262,29.917,448,25.334000000000003,2,t-bone,unique,test,test,Fine,day,signalized_intersection,Alabama,academic-noncommercial; see paper vs kaggle,True,c9a0390b1294e856feaeb8ccf09dfcb9
roadside,ACCIDENT_real,fgI4vUtP_1I_00,real_videos/fgI4vUtP_1I_00.mp4,fgI4vUtP_1I,accident_time,4.25,63,14.974763512384262,29.917,448,25.667,4,single,unique,test,test,Poor,day,highway,Alabama,academic-noncommercial; see paper vs kaggle,True,251e29191b6346cadb18e3a6712a1939
roadside,ACCIDENT_real,TthKPyywzu8_00,real_videos/TthKPyywzu8_00.mp4,TthKPyywzu8,accident_time,5.0,74,14.466666666666667,30.0,434,25.0,1,rear-end,unique,test,test,Very_Poor,night,signalized_intersection,Alabama,academic-noncommercial; see paper vs kaggle,True,ff252e825952ec85140115cb79f5abd7
roadside,ACCIDENT_real,LklNl33KztU_00,real_videos/LklNl33KztU_00.mp4,LklNl33KztU,accident_time,6.667,100,15.0,26.6,399,19.933,4,single,unique,train,test,Poor,day,highway,Alabama,academic-noncommercial; see paper vs kaggle,True,615102342b3d13d0e16d8996e34238cb
roadside,ACCIDENT_real,tK1wd_HCYNo_00,real_videos/tK1wd_HCYNo_00.mp4,tK1wd_HCYNo,accident_time,7.533,113,14.983518130056936,30.033,450,22.5,2,t-bone,unique,test,test,Very_Poor,night,grade_separated_intersection,Alabama,academic-noncommercial; see paper vs kaggle,True,b85a2d6a1d2262ab8d7d3ab12cb8351f
roadside,ACCIDENT_real,mntY3Xh8lT4_00,real_videos/mntY3Xh8lT4_00.mp4,mntY3Xh8lT4,accident_time,4.833,70,14.60358784525892,24.583,359,19.75,3,sideswipe,unique,test,test,Poor,night,grade_separated_intersection,Alabama,academic-noncommercial; see paper vs kaggle,True,6b6a0d2a8b394836a7281970e6e59379
roadside,ACCIDENT_real,CzOWGXrwbp4_00,real_videos/CzOWGXrwbp4_00.mp4,CzOWGXrwbp4,accident_time,10.771,161,8.523088665564178,23.583,201,12.811999999999998,3,sideswipe,unique,test,test,Poor,night,city_street,Alabama,academic-noncommercial; see paper vs kaggle,True,d71cb99e02ef5036355c31fc04e9dcb5
roadside,ACCIDENT_real,7AFnEpBVrr4_00,real_videos/7AFnEpBVrr4_00.mp4,7AFnEpBVrr4,accident_time,6.267,180,29.59922581506324,29.967,887,23.7,2,t-bone,unique,test,test,Fine,day,simple_intersection,Alabama,academic-noncommercial; see paper vs kaggle,True,d5b4e7b2b419ab2f3b88ce1494034854
roadside,ACCIDENT_real,njJxs1KozgE_00,real_videos/njJxs1KozgE_00.mp4,njJxs1KozgE,accident_time,5.583,83,14.974763512384262,29.917,448,24.334000000000003,2,t-bone,unique,test,test,Fine,day,signalized_intersection,Alabama,academic-noncommercial; see paper vs kaggle,True,948b0fb787f8550a1fb2f15a49a0223c
roadside,ACCIDENT_real,-AztVDZ6cEE_00,real_videos/-AztVDZ6cEE_00.mp4,-AztVDZ6cEE,accident_time,2.167,33,15.014218009478673,26.375,396,24.208,2,t-bone,unique,test,test,Fine,day,signalized_intersection,Alabama,academic-noncommercial; see paper vs kaggle,True,7a5c56b9dcf9b00e4eb9de52547fabf0
roadside,ACCIDENT_real,kUp_0rJe_OI_00,real_videos/kUp_0rJe_OI_00.mp4,kUp_0rJe_OI,accident_time,2.958,61,20.929301021430003,29.958,627,27.0,2,t-bone,unique,test,test,Poor,day,signalized_intersection,Alabama,academic-noncommercial; see paper vs kaggle,True,204d0ed9d42359080ecd0167e7b3877a
roadside,ACCIDENT_real,a8zHkZ_t16k_00,real_videos/a8zHkZ_t16k_00.mp4,a8zHkZ_t16k,accident_time,5.267,157,29.732705976574234,29.967,891,24.7,3,sideswipe,unique,test,test,Poor,day,simple_intersection,Alabama,academic-noncommercial; see paper vs kaggle,True,7ec9dc848f0eff2f790abfc9e9f80120
roadside,ACCIDENT_real,PQHiBa179Ew_00,real_videos/PQHiBa179Ew_00.mp4,PQHiBa179Ew,accident_time,5.567,168,29.999666299596225,29.967,899,24.4,2,t-bone,unique,test,test,Poor,night,simple_intersection,Alabama,academic-noncommercial; see paper vs kaggle,True,1886c5f50333d1ed6fbb91cada169323
roadside,ACCIDENT_real,-SNFUobKjoM_00,real_videos/-SNFUobKjoM_00.mp4,-SNFUobKjoM,accident_time,13.533,403,29.9,30.0,897,16.467,2,t-bone,unique,test,test,Good,night,signalized_intersection,Alabama,academic-noncommercial; see paper vs kaggle,True,04b77aafb87235ede7784a125a6189b0
roadside,ACCIDENT_real,TahWBItdUvQ_00,real_videos/TahWBItdUvQ_00.mp4,TahWBItdUvQ,accident_time,3.625,58,15.926948396687196,4.709,75,1.0839999999999996,2,t-bone,unique,test,test,Very_Poor,day,signalized_intersection,Alabama,academic-noncommercial; see paper vs kaggle,True,3d1cc30a93e36329f2acc35b4142e374
roadside,ACCIDENT_real,reXieySb4JI_00,real_videos/reXieySb4JI_00.mp4,reXieySb4JI,accident_time,6.633,99,15.0,30.0,450,23.367,2,t-bone,unique,test,test,Fine,day,signalized_intersection,Alabama,academic-noncommercial; see paper vs kaggle,True,b81b9cc4ee05e45a3379b5d19e2a528c
roadside,ACCIDENT_real,m2uBNOFIvKk_00,real_videos/m2uBNOFIvKk_00.mp4,m2uBNOFIvKk,accident_time,3.917,60,15.421590226316845,29.958,462,26.040999999999997,2,t-bone,unique,test,test,Fine,night,signalized_intersection,Alabama,academic-noncommercial; see paper vs kaggle,True,bff9cd192da7090125e0d0cc8a6c4062
roadside,ACCIDENT_real,VXuNX_OYkig_00,real_videos/VXuNX_OYkig_00.mp4,VXuNX_OYkig,accident_time,1.333000000000001,40,29.86111111111111,7.2,215,5.866999999999999,2,t-bone,unique,test,test,Poor,night,signalized_intersection,Alabama,academic-noncommercial; see paper vs kaggle,True,e3273869888c5d516a115b9bebfc24e1
roadside,ACCIDENT_real,GsRdjuR2PpE_00,real_videos/GsRdjuR2PpE_00.mp4,GsRdjuR2PpE,accident_time,1.266,29,22.48129723161053,26.333,592,25.067,2,t-bone,unique,test,test,Poor,day,signalized_intersection,Alabama,academic-noncommercial; see paper vs kaggle,True,1da83660459c0308975ed1562dbfa79e
roadside,ACCIDENT_real,dGUCJwW8b1g_00,real_videos/dGUCJwW8b1g_00.mp4,dGUCJwW8b1g,accident_time,1.533,34,22.47011952191235,25.1,564,23.567,3,sideswipe,unique,train,test,Poor,day,highway,Alabama,academic-noncommercial; see paper vs kaggle,True,894bccaf0bd2e5b2906da057e3a87031
roadside,ACCIDENT_real,FV6XO5Yg9VU_00,real_videos/FV6XO5Yg9VU_00.mp4,FV6XO5Yg9VU,accident_time,2.167,33,15.004317789291882,27.792,417,25.625,3,sideswipe,unique,dev,test,Fine,day,highway,Alabama,academic-noncommercial; see paper vs kaggle,True,f1ba26e45eb439f69dc8e1ad9fe6441f
roadside,ACCIDENT_real,iYAIZEocjbg_00,real_videos/iYAIZEocjbg_00.mp4,iYAIZEocjbg,accident_time,13.146,167,12.615559189667255,29.963,378,16.817,2,t-bone,unique,test,test,Very_Poor,night,signalized_intersection,Alabama,academic-noncommercial; see paper vs kaggle,True,6bd32ee1ca548114c23f7edf4396d727
roadside,ACCIDENT_real,n-aa3NIlRMo_00,real_videos/n-aa3NIlRMo_00.mp4,n-aa3NIlRMo,accident_time,4.917,73,14.954269310367849,29.958,448,25.040999999999997,2,t-bone,unique,test,test,Poor,day,signalized_intersection,Alabama,academic-noncommercial; see paper vs kaggle,True,2f9b4e4c1c4b2e5207074548326c9e71
roadside,ACCIDENT_real,mDtCi-XVAbo_00,real_videos/mDtCi-XVAbo_00.mp4,mDtCi-XVAbo,accident_time,3.8,31,20.085106382978722,23.5,472,19.7,2,t-bone,unique,test,test,Very_Poor,day,simple_intersection,Alabama,academic-noncommercial; see paper vs kaggle,True,3ad601ca60889a941ad2c1f7fedc7638
roadside,ACCIDENT_real,QJYDZ1PBiYQ_00,real_videos/QJYDZ1PBiYQ_00.mp4,QJYDZ1PBiYQ,accident_time,3.7,55,14.979773300757,24.967,374,21.267,2,t-bone,unique,test,test,Fine,night,signalized_intersection,Alabama,academic-noncommercial; see paper vs kaggle,True,20336c08f0a597100ee00678aa11984c
roadside,ACCIDENT_real,1ZQAChv0TEI_00,real_videos/1ZQAChv0TEI_00.mp4,1ZQAChv0TEI,accident_time,6.0,60,9.899665551839465,29.9,296,23.9,2,t-bone,unique,test,test,Fine,day,signalized_intersection,Alabama,academic-noncommercial; see paper vs kaggle,True,77df99e95441c24cebb7ac4ab93acb99
roadside,ACCIDENT_real,e6ZQvn6NyLI_00,real_videos/e6ZQvn6NyLI_00.mp4,e6ZQvn6NyLI,accident_time,4.375,65,14.974763512384262,29.917,448,25.542,2,t-bone,unique,test,test,Good,day,simple_intersection,Alabama,academic-noncommercial; see paper vs kaggle,True,10a48f94068675083294a8754b72d905
roadside,ACCIDENT_real,ui52V2KkRN4_00,real_videos/ui52V2KkRN4_00.mp4,ui52V2KkRN4,accident_time,8.366999999999999,249,29.80952380952381,10.5,313,2.133000000000001,2,t-bone,unique,test,test,Poor,day,grade_separated_intersection,Alabama,academic-noncommercial; see paper vs kaggle,True,8ac071b6fe9e98e15bc9cd02dbec0b41
roadside,ACCIDENT_real,QyRcmm87rJ8_00,real_videos/QyRcmm87rJ8_00.mp4,QyRcmm87rJ8,accident_time,4.792,71,15.021029441217706,29.958,450,25.165999999999997,2,t-bone,unique,test,test,Fine,day,signalized_intersection,Alabama,academic-noncommercial; see paper vs kaggle,True,68d3c3ed37ded8ec88c4c1e8db07fc06
roadside,ACCIDENT_real,C7gOL8qM71E_00,real_videos/C7gOL8qM71E_00.mp4,C7gOL8qM71E,accident_time,2.6,39,15.0,30.0,450,27.4,4,single,unique,test,test,Very_Poor,night,grade_separated_intersection,Alabama,academic-noncommercial; see paper vs kaggle,True,199e0215f73f2ed56b201cc6934265de
roadside,ACCIDENT_real,At-4-Y2g7Y8_00,real_videos/At-4-Y2g7Y8_00.mp4,At-4-Y2g7Y8,accident_time,2.567,76,29.966666666666665,30.0,899,27.433,3,sideswipe,unique,test,test,Very_Poor,night,highway,Alabama,academic-noncommercial; see paper vs kaggle,True,e3c091237caa138c8d956d2718a8f389
roadside,ACCIDENT_real,1BIZOZtxRpY_00,real_videos/1BIZOZtxRpY_00.mp4,1BIZOZtxRpY,accident_time,9.625,106,13.719206889645504,29.958,411,20.333,4,single,unique,test,test,Very_Poor,night,highway,Alabama,academic-noncommercial; see paper vs kaggle,True,08259337d238aa36be94b683b4d2895b
roadside,ACCIDENT_real,GWx-Z5rWhzc_00,real_videos/GWx-Z5rWhzc_00.mp4,GWx-Z5rWhzc,accident_time,2.625,39,14.971974570214048,26.583,398,23.958,2,t-bone,unique,test,test,Fine,night,signalized_intersection,Alabama,academic-noncommercial; see paper vs kaggle,True,5bec298333ea7487f16e7a6aa22889e1
roadside,ACCIDENT_real,bow1eKeR6oY_00,real_videos/bow1eKeR6oY_00.mp4,bow1eKeR6oY,accident_time,2.75,41,14.974763512384262,29.917,448,27.167,4,single,unique,dev,test,Poor,night,highway,Alabama,academic-noncommercial; see paper vs kaggle,True,842ba12037d005397aa48ccacc97af34
roadside,ACCIDENT_real,7CO_LqgfiFg_00,real_videos/7CO_LqgfiFg_00.mp4,7CO_LqgfiFg,accident_time,2.5,37,14.974763512384262,29.917,448,27.417,3,sideswipe,unique,train,test,Poor,day,highway,Alabama,academic-noncommercial; see paper vs kaggle,True,41217efa7fa61350a95782c9f4b6f1c0
roadside,ACCIDENT_real,6T58bsyZz40_00,real_videos/6T58bsyZz40_00.mp4,6T58bsyZz40,accident_time,11.875,178,15.008189323795834,29.917,449,18.042,1,rear-end,unique,test,test,Very_Poor,day,highway,Alabama,academic-noncommercial; see paper vs kaggle,True,50bc5bc31122575aac6a808c64b6c729
roadside,ACCIDENT_real,bn7c9LxpeuA_00,real_videos/bn7c9LxpeuA_00.mp4,bn7c9LxpeuA,accident_time,3.125,47,15.00497512437811,25.125,377,22.0,1,rear-end,unique,train,test,Fine,day,highway,Alabama,academic-noncommercial; see paper vs kaggle,True,274b138d78845caceb7082c65a6358d3
roadside,ACCIDENT_real,zISHd2Jt7Qs_00,real_videos/zISHd2Jt7Qs_00.mp4,zISHd2Jt7Qs,accident_time,6.233,93,15.083258250742483,29.967,452,23.733999999999998,1,rear-end,unique,train,test,Poor,day,highway,Alabama,academic-noncommercial; see paper vs kaggle,True,93123cad7c1e0bf715b296629587e55c
roadside,ACCIDENT_real,0isplBZQftg_00,real_videos/0isplBZQftg_00.mp4,0isplBZQftg,accident_time,7.8,117,15.0,30.0,450,22.2,1,rear-end,unique,test,test,Very_Poor,day,signalized_intersection,Alabama,academic-noncommercial; see paper vs kaggle,True,4b4a913cd63dd56517622c0917c31449
roadside,ACCIDENT_real,1lD9kE-VJ7I_00,real_videos/1lD9kE-VJ7I_00.mp4,1lD9kE-VJ7I,accident_time,5.067,76,15.000245905670585,20.333,305,15.265999999999998,2,t-bone,unique,test,test,Poor,day,signalized_intersection,Alabama,academic-noncommercial; see paper vs kaggle,True,2a2f9e049b04ad5b306a1368197cef60
roadside,ACCIDENT_real,afVZZ3v87cc_00,real_videos/afVZZ3v87cc_00.mp4,afVZZ3v87cc,accident_time,3.167,47,14.966666666666667,30.0,449,26.833,1,rear-end,unique,test,test,Fine,day,highway,Alabama,academic-noncommercial; see paper vs kaggle,True,128b69c0adc795e03be49c5163eee826
roadside,ACCIDENT_real,fYUPTfVRKEk_00,real_videos/fYUPTfVRKEk_00.mp4,fYUPTfVRKEk,accident_time,2.0,30,14.999999589041106,24.333334,365,22.333334,1,rear-end,unique,test,test,Poor,day,highway,Alabama,academic-noncommercial; see paper vs kaggle,True,1f7f3f1e1f0f4447c746a76e6a4cb541
roadside,ACCIDENT_real,NDkAFTqHLzo_00,real_videos/NDkAFTqHLzo_00.mp4,NDkAFTqHLzo,accident_time,4.367,65,15.0,24.6,369,20.233,1,rear-end,unique,test,test,Very_Poor,night,highway,Alabama,academic-noncommercial; see paper vs kaggle,True,72dc0230b3b3255576fbecfd65da428e
roadside,ACCIDENT_real,BR4WAtlyQEQ_00,real_videos/BR4WAtlyQEQ_00.mp4,BR4WAtlyQEQ,accident_time,5.917,88,13.27389132839473,29.833,396,23.915999999999997,4,single,unique,train,test,Fine,day,highway,Alabama,academic-noncommercial; see paper vs kaggle,True,521aed5f82d4ba7569d59c4b0dab691e
roadside,ACCIDENT_real,zXKdiWjxhd8_00,real_videos/zXKdiWjxhd8_00.mp4,zXKdiWjxhd8,accident_time,7.333,109,14.966666666666667,30.0,449,22.667,1,rear-end,unique,test,test,Fine,day,signalized_intersection,Alabama,academic-noncommercial; see paper vs kaggle,True,76097035b578f095178014e2db640fa8
roadside,ACCIDENT_real,JHq6SVNhY0Y_00,real_videos/JHq6SVNhY0Y_00.mp4,JHq6SVNhY0Y,accident_time,3.633,108,29.732705976574234,29.967,891,26.334,1,rear-end,unique,test,test,Very_Poor,day,signalized_intersection,Alabama,academic-noncommercial; see paper vs kaggle,True,7809ffb8d2fca2f2f9c9ad40147bd5fc
roadside,ACCIDENT_real,03HtRCJa8Yk_00,real_videos/03HtRCJa8Yk_00.mp4,03HtRCJa8Yk,accident_time,6.583,98,14.966666666666667,30.0,449,23.417,2,t-bone,unique,test,test,Poor,day,signalized_intersection,Alabama,academic-noncommercial; see paper vs kaggle,True,f9ae692e096f89432d95f7afc9d6f958
roadside,ACCIDENT_real,6EW9PrDqKA8_00,real_videos/6EW9PrDqKA8_00.mp4,6EW9PrDqKA8,accident_time,4.533,136,28.600876062870395,27.166999999999998,777,22.633999999999997,1,rear-end,unique,test,test,Poor,day,city_street,Alabama,academic-noncommercial; see paper vs kaggle,True,73bdf18525b8ee6cd57f138ebb2822e4
roadside,ACCIDENT_real,-NgnSm_oEB4_00,real_videos/-NgnSm_oEB4_00.mp4,-NgnSm_oEB4,accident_time,3.375,50,14.43995052979911,29.917,432,26.542,1,rear-end,unique,test,test,Good,day,tunnel,Alabama,academic-noncommercial; see paper vs kaggle,True,495336a3b433b5fa39024adcefdb0079
roadside,ACCIDENT_real,wQ_pGHoj2SI_00,real_videos/wQ_pGHoj2SI_00.mp4,wQ_pGHoj2SI,accident_time,5.133,77,15.0,30.0,450,24.867,1,rear-end,unique,dev,test,Poor,day,highway,Alabama,academic-noncommercial; see paper vs kaggle,True,e73bc24daf72bf6a4920f84f11f316f0
roadside,ACCIDENT_real,dZ-F8lZ16-A_00,real_videos/dZ-F8lZ16-A_00.mp4,dZ-F8lZ16-A,accident_time,2.533,75,29.863013698630137,7.3,218,4.7669999999999995,1,rear-end,unique,test,test,Very_Poor,day,highway,Alabama,academic-noncommercial; see paper vs kaggle,True,b010419a51cda93d9680dd81a720d996
roadside,ACCIDENT_real,Chf8yRqccCM_00,real_videos/Chf8yRqccCM_00.mp4,Chf8yRqccCM,accident_time,4.25,63,14.966234714363935,10.958,164,6.708,1,rear-end,unique,test,test,Poor,day,city_street,Alabama,academic-noncommercial; see paper vs kaggle,True,50a01d0bd39bdd04c5a129fadc5c9a00
roadside,ACCIDENT_real,P4oEdSFJvfU_00,real_videos/P4oEdSFJvfU_00.mp4,P4oEdSFJvfU,accident_time,0.45899999999999963,7,14.999589052354729,24.334000000000003,365,23.875000000000004,1,rear-end,unique,train,test,Fine,day,highway,Alabama,academic-noncommercial; see paper vs kaggle,True,d89f4919b2d207207cb740866896e8ad
roadside,ACCIDENT_real,yQz3PyPvr5Y_00,real_videos/yQz3PyPvr5Y_00.mp4,yQz3PyPvr5Y,accident_time,5.917,88,13.236621318982518,29.917,396,24.0,2,t-bone,unique,test,test,Poor,night,signalized_intersection,Alabama,academic-noncommercial; see paper vs kaggle,True,55b5f13f219eb780bd0494b13b8bb446
roadside,ACCIDENT_real,FhFwhsyOjUU_00,real_videos/FhFwhsyOjUU_00.mp4,FhFwhsyOjUU,accident_time,4.9,147,29.99926562385254,27.233999999999998,817,22.333999999999996,4,single,unique,test,test,Very_Poor,day,highway,Alabama,academic-noncommercial; see paper vs kaggle,True,62d08ced84f798f0a87678d424e3008b
roadside,ACCIDENT_real,GaAVUUYx9q8_00,real_videos/GaAVUUYx9q8_00.mp4,GaAVUUYx9q8,accident_time,5.533,82,14.966666666666667,30.0,449,24.467,4,single,unique,test,test,Very_Poor,night,highway,Alabama,academic-noncommercial; see paper vs kaggle,True,ed2126698f89220fa7b63af7d5f538ec
roadside,ACCIDENT_real,-jZ5Rlhzzi4_00,real_videos/-jZ5Rlhzzi4_00.mp4,-jZ5Rlhzzi4,accident_time,3.583,53,14.954269310367849,29.958,448,26.375,4,single,unique,train,test,Poor,day,highway,Alabama,academic-noncommercial; see paper vs kaggle,True,ad0e4cdd371361c36ce674e838d31ee0
roadside,ACCIDENT_real,LP_C34tyPl4_00,real_videos/LP_C34tyPl4_00.mp4,LP_C34tyPl4,accident_time,7.042,106,15.021029441217706,29.958,450,22.915999999999997,1,rear-end,unique,test,test,Poor,night,grade_separated_intersection,Alabama,academic-noncommercial; see paper vs kaggle,True,4a42af715d0b2b7b4b4866578adc2e15
roadside,ACCIDENT_real,tFS_Hk-qEiQ_00,real_videos/tFS_Hk-qEiQ_00.mp4,tFS_Hk-qEiQ,accident_time,2.75,40,14.902264370040642,5.167,77,2.417,2,t-bone,unique,train,test,Poor,night,highway,Alabama,academic-noncommercial; see paper vs kaggle,True,030aedda79fb7fb8f30ebca748adec8e
roadside,ACCIDENT_real,mzHmLvV9QlM_00,real_videos/mzHmLvV9QlM_00.mp4,mzHmLvV9QlM,accident_time,5.2669999999999995,78,14.889424129625574,9.134,136,3.867000000000001,4,single,unique,test,test,Fine,day,highway,Alabama,academic-noncommercial; see paper vs kaggle,True,5d9e07f982c231eed5718b1ce24ef975
roadside,ACCIDENT_real,c4exlXawFaM_00,real_videos/c4exlXawFaM_00.mp4,c4exlXawFaM,accident_time,4.417,48,10.948661459376462,29.958,328,25.540999999999997,3,sideswipe,unique,train,test,Poor,day,highway,Alabama,academic-noncommercial; see paper vs kaggle,True,729d8815809199b55b0a5b2f2a56e5b0
roadside,ACCIDENT_real,-yLuZ5wxAsc_00,real_videos/-yLuZ5wxAsc_00.mp4,-yLuZ5wxAsc,accident_time,5.833,173,26.162111656155105,29.967,784,24.134,2,t-bone,unique,train,test,Fine,day,highway,Alabama,academic-noncommercial; see paper vs kaggle,True,1a42cfccb50b7fdc86ea5957f5a443b6
roadside,ACCIDENT_real,uKieP03gwxQ_00,real_videos/uKieP03gwxQ_00.mp4,uKieP03gwxQ,accident_time,13.0,194,14.961631897582231,25.933,388,12.933,1,rear-end,unique,test,test,Poor,day,highway,Alabama,academic-noncommercial; see paper vs kaggle,True,208f4b1bfcbe9027459f8c9aec6da8ad
roadside,ACCIDENT_real,Q72Ly8rGtnc_00,real_videos/Q72Ly8rGtnc_00.mp4,Q72Ly8rGtnc,accident_time,3.5,52,14.987649375792778,29.958,449,26.458,3,sideswipe,unique,test,test,Poor,day,grade_separated_intersection,Alabama,academic-noncommercial; see paper vs kaggle,True,f3a3927323789870fc3c77406d1a239e
roadside,ACCIDENT_real,Img4DcUjRmo_00,real_videos/Img4DcUjRmo_00.mp4,Img4DcUjRmo,accident_time,5.792,87,14.987649375792778,29.958,449,24.165999999999997,1,rear-end,unique,train,test,Fine,day,highway,Alabama,academic-noncommercial; see paper vs kaggle,True,41bea2eeb52c4a62f9bcb7a96dfda5d6
roadside,ACCIDENT_real,LMw1OJe37fM_00,real_videos/LMw1OJe37fM_00.mp4,LMw1OJe37fM,accident_time,4.833,72,14.486948394418853,29.958,434,25.125,2,t-bone,unique,test,test,Poor,day,signalized_intersection,Alabama,academic-noncommercial; see paper vs kaggle,True,7a7208a897d2cdac45bd24e8d7ac6e87
roadside,ACCIDENT_real,jgAGNNIG13E_00,real_videos/jgAGNNIG13E_00.mp4,jgAGNNIG13E,accident_time,7.375,110,14.954269310367849,29.958,448,22.583,4,single,unique,train,test,Fine,day,grade_separated_intersection,Alabama,academic-noncommercial; see paper vs kaggle,True,5e96d350e16df63c86a3d6015973ac10
roadside,ACCIDENT_real,Fb1XWmXZTZw_00,real_videos/Fb1XWmXZTZw_00.mp4,Fb1XWmXZTZw,accident_time,8.083,121,14.971974570214048,26.583,398,18.5,4,single,unique,train,test,Poor,day,highway,Alabama,academic-noncommercial; see paper vs kaggle,True,3e39d3984e9a301fcdaf64567463ccfd
roadside,ACCIDENT_real,mllfWsyVZ1s_00,real_videos/mllfWsyVZ1s_00.mp4,mllfWsyVZ1s,accident_time,5.208,78,13.018225515722012,29.958,390,24.75,4,single,unique,train,test,Fine,night,highway,Alabama,academic-noncommercial; see paper vs kaggle,True,0a266c298380b22da57567f549c3302b
roadside,ACCIDENT_real,clXKxQWjB4c_00,real_videos/clXKxQWjB4c_00.mp4,clXKxQWjB4c,accident_time,2.542,38,15.0,26.0,390,23.458,2,t-bone,unique,test,test,Poor,day,highway,Alabama,academic-noncommercial; see paper vs kaggle,True,babea827d7f2ee205113675fc0f555fb
roadside,ACCIDENT_real,ozOAT76M0PM_00,real_videos/ozOAT76M0PM_00.mp4,ozOAT76M0PM,accident_time,3.4,51,15.049888210364735,29.967,451,26.567,2,t-bone,unique,test,test,Good,day,signalized_intersection,Alabama,academic-noncommercial; see paper vs kaggle,True,85b4287df76bcca2196c3c53368528c9
roadside,ACCIDENT_real,jc-fa_AjIXw_00,real_videos/jc-fa_AjIXw_00.mp4,jc-fa_AjIXw,accident_time,15.367,461,29.999666299596225,29.967,899,14.599999999999998,2,t-bone,unique,test,test,Poor,night,signalized_intersection,Alabama,academic-noncommercial; see paper vs kaggle,True,5c9912c999a05804611a7e52ea62f3b7
roadside,ACCIDENT_real,YmMM4JeUJJ0_00,real_videos/YmMM4JeUJJ0_00.mp4,YmMM4JeUJJ0,accident_time,1.625,24,8.25,24.0,198,22.375,2,t-bone,unique,test,test,Poor,night,signalized_intersection,Alabama,academic-noncommercial; see paper vs kaggle,True,694a1f708e618e39cc052bc657f6eacb
roadside,ACCIDENT_real,JNsoId5gPK8_00,real_videos/JNsoId5gPK8_00.mp4,JNsoId5gPK8,accident_time,2.0330000000000004,30,14.981818181818182,27.5,412,25.467,4,single,unique,train,test,Fine,day,highway,Alabama,academic-noncommercial; see paper vs kaggle,True,f59b5acbe62f935e52700e35dfc3bc1d
roadside,ACCIDENT_real,a8-i2E4jrpk_00,real_videos/a8-i2E4jrpk_00.mp4,a8-i2E4jrpk,accident_time,3.0,44,14.864864864864865,7.4,110,4.4,4,single,unique,test,test,Fine,day,grade_separated_intersection,Alabama,academic-noncommercial; see paper vs kaggle,True,49ca236165775bf107455bbab11c7db7
roadside,ACCIDENT_real,a8-i2E4jrpk_01,real_videos/a8-i2E4jrpk_01.mp4,a8-i2E4jrpk,accident_time,2.5329999999999995,38,14.974874371859297,19.9,298,17.366999999999997,4,single,unique,test,test,Fine,day,grade_separated_intersection,Alabama,academic-noncommercial; see paper vs kaggle,True,a26878b3d832ec2d009026f3d0092259
roadside,ACCIDENT_real,GIm11SfAp8c_00,real_videos/GIm11SfAp8c_00.mp4,GIm11SfAp8c,accident_time,9.25,136,14.841060266737975,29.917,444,20.667,4,single,unique,train,test,Good,night,tunnel,Alabama,academic-noncommercial; see paper vs kaggle,True,eaa51f74cc774b7e984736c99c12a166
roadside,ACCIDENT_real,CVSBJThqVgA_00,real_videos/CVSBJThqVgA_00.mp4,CVSBJThqVgA,accident_time,8.2,122,14.9609375,25.6,383,17.400000000000002,4,single,unique,train,test,Poor,night,grade_separated_intersection,Alabama,academic-noncommercial; see paper vs kaggle,True,ec0c1ac9b3c3c4cbae95df094745d59d
roadside,ACCIDENT_real,CBPD-SF1p90_00,real_videos/CBPD-SF1p90_00.mp4,CBPD-SF1p90,accident_time,2.633,78,29.80499576077741,15.333,457,12.7,4,single,unique,test,test,Very_Poor,night,grade_separated_intersection,Alabama,academic-noncommercial; see paper vs kaggle,True,9ef7b87e7caffc566d77403f821fb187
roadside,ACCIDENT_real,vMqldj7d7e0_00,real_videos/vMqldj7d7e0_00.mp4,vMqldj7d7e0,accident_time,22.167,664,29.966296259218474,29.967,898,7.799999999999997,1,rear-end,unique,test,test,Very_Poor,night,highway,Alabama,academic-noncommercial; see paper vs kaggle,True,843f475607118357e8f493c6be319c02
roadside,ACCIDENT_real,pQ84BiOk854_00,real_videos/pQ84BiOk854_00.mp4,pQ84BiOk854,accident_time,0.13400000000000034,2,14.999608365316833,25.534,383,25.4,2,t-bone,unique,test,test,Poor,day,signalized_intersection,Alabama,academic-noncommercial; see paper vs kaggle,True,70920dcad34666c418449cb5a6db65ad
roadside,ACCIDENT_real,NaRgSBNtbFY_00,real_videos/NaRgSBNtbFY_00.mp4,NaRgSBNtbFY,accident_time,4.933,147,29.867109634551493,30.1,899,25.167,2,t-bone,unique,test,test,Poor,night,signalized_intersection,Alabama,academic-noncommercial; see paper vs kaggle,True,3ddc8c6d41eb13ea8d8dac699419bae3
roadside,ACCIDENT_real,2xFyklpa54I_00,real_videos/2xFyklpa54I_00.mp4,2xFyklpa54I,accident_time,6.167,92,14.966666666666667,30.0,449,23.833,2,t-bone,unique,test,test,Good,night,signalized_intersection,Alabama,academic-noncommercial; see paper vs kaggle,True,079df88fe87d963c4eea0bbf48264098
roadside,ACCIDENT_real,PyYCjM8tvSY_00,real_videos/PyYCjM8tvSY_00.mp4,PyYCjM8tvSY,accident_time,3.417,51,14.987649375792778,29.958,449,26.540999999999997,2,t-bone,unique,test,test,Fine,day,signalized_intersection,Alabama,academic-noncommercial; see paper vs kaggle,True,e4ef4724f98045743495b29ba521f3c7
roadside,ACCIDENT_real,nHmyMVHNPDs_00,real_videos/nHmyMVHNPDs_00.mp4,nHmyMVHNPDs,accident_time,1.533,23,14.583333333333334,26.4,385,24.866999999999997,2,t-bone,unique,test,test,Poor,day,signalized_intersection,Alabama,academic-noncommercial; see paper vs kaggle,True,350f3648fc0952c126b78e89c02c41fa
roadside,ACCIDENT_real,diYHDL2G4KA_00,real_videos/diYHDL2G4KA_00.mp4,diYHDL2G4KA,accident_time,5.167,77,14.535315985130111,26.9,391,21.732999999999997,2,t-bone,unique,test,test,Poor,night,signalized_intersection,Alabama,academic-noncommercial; see paper vs kaggle,True,c0cacc12f1d2ede79b10e343789a2aa4
roadside,ACCIDENT_real,HZXYwgLy0RE_00,real_videos/HZXYwgLy0RE_00.mp4,HZXYwgLy0RE,accident_time,4.1,61,14.966666666666667,30.0,449,25.9,2,t-bone,unique,test,test,Good,day,signalized_intersection,Alabama,academic-noncommercial; see paper vs kaggle,True,34946cf763ef4cd307e2be18637d5fbf
roadside,ACCIDENT_real,YYgdkr0Qiw0_00,real_videos/YYgdkr0Qiw0_00.mp4,YYgdkr0Qiw0,accident_time,8.1,243,29.999666299596225,29.967,899,21.866999999999997,2,t-bone,unique,test,test,Fine,day,signalized_intersection,Alabama,academic-noncommercial; see paper vs kaggle,True,4679a4a0b127f12989e520c4bdfaab8a
roadside,ACCIDENT_real,mDHuTgnSxMs_00,real_videos/mDHuTgnSxMs_00.mp4,mDHuTgnSxMs,accident_time,4.067,61,15.0,30.0,450,25.933,2,t-bone,unique,test,test,Good,day,signalized_intersection,Alabama,academic-noncommercial; see paper vs kaggle,True,a38d112dcf6465e8393a2886fede105d
roadside,ACCIDENT_real,aUvorQJ7jRU_00,real_videos/aUvorQJ7jRU_00.mp4,aUvorQJ7jRU,accident_time,7.967,119,14.967971078835543,15.767,236,7.8,4,single,unique,test,test,Very_Poor,night,highway,Alabama,academic-noncommercial; see paper vs kaggle,True,b3f1c0f2785983c139f90a9b25f76004
roadside,ACCIDENT_real,M6WWLqx3z88_00,real_videos/M6WWLqx3z88_00.mp4,M6WWLqx3z88,accident_time,2.033,30,14.966666666666667,30.0,449,27.967,3,sideswipe,unique,test,test,Fine,night,signalized_intersection,Alabama,academic-noncommercial; see paper vs kaggle,True,3462770f2c99a0ee552b183bd67a98de
roadside,ACCIDENT_real,HROdEY9OZk4_00,real_videos/HROdEY9OZk4_00.mp4,HROdEY9OZk4,accident_time,2.867,43,14.983148129609237,29.967,449,27.099999999999998,2,t-bone,unique,test,test,Good,night,signalized_intersection,Alabama,academic-noncommercial; see paper vs kaggle,True,cb8c9aa0e2cf8c8c89fd75d173d36c72
roadside,ACCIDENT_real,PgdU-LSKlZU_00,real_videos/PgdU-LSKlZU_00.mp4,PgdU-LSKlZU,accident_time,5.167,51,10.010975488076628,30.067,301,24.9,2,t-bone,unique,test,test,Good,night,signalized_intersection,Alabama,academic-noncommercial; see paper vs kaggle,True,7df63ad972f45c063fb16805a1254f62
roadside,ACCIDENT_real,jFpORnj_-cI_00,real_videos/jFpORnj_-cI_00.mp4,jFpORnj_-cI,accident_time,1.83,11,5.07883565797453,26.384,134,24.554000000000002,2,t-bone,unique,test,test,Fine,day,signalized_intersection,Alabama,academic-noncommercial; see paper vs kaggle,True,57aee527da2207bf98eb2c232c464068
roadside,ACCIDENT_real,Aj5AlGboqeI_00,real_videos/Aj5AlGboqeI_00.mp4,Aj5AlGboqeI,accident_time,2.633,79,30.000365858120222,27.333,820,24.7,4,single,unique,dev,test,Poor,day,highway,Alabama,academic-noncommercial; see paper vs kaggle,True,a6f8253ef07037087857ebbefdd40ede
roadside,ACCIDENT_real,GsL5oknV-w0_00,real_videos/GsL5oknV-w0_00.mp4,GsL5oknV-w0,accident_time,4.75,51,10.347820281727753,29.958,310,25.208,2,t-bone,unique,test,test,Poor,night,signalized_intersection,Alabama,academic-noncommercial; see paper vs kaggle,True,5fb5f427cbce0540ad46bedc69b7fab2
roadside,ACCIDENT_real,1BsCOLh_qEs_00,real_videos/1BsCOLh_qEs_00.mp4,1BsCOLh_qEs,accident_time,3.333,50,15.001013581998784,4.933,74,1.5999999999999996,4,single,unique,train,test,Fine,day,grade_separated_intersection,Alabama,academic-noncommercial; see paper vs kaggle,True,98694f10b9daf5851268e2bffd844682
roadside,ACCIDENT_real,jPTJZRBPQgc_00,real_videos/jPTJZRBPQgc_00.mp4,jPTJZRBPQgc,accident_time,3.3,49,14.950662812718031,10.033,150,6.733,1,rear-end,unique,test,test,Fine,day,signalized_intersection,Alabama,academic-noncommercial; see paper vs kaggle,True,9054980fcb1205b579ca38514f3a1fea
roadside,ACCIDENT_real,c8wyblfra3o_00,real_videos/c8wyblfra3o_00.mp4,c8wyblfra3o,accident_time,2.9330000000000003,44,15.000903668895718,5.5329999999999995,83,2.599999999999999,4,single,unique,test,test,Fine,night,highway,Alabama,academic-noncommercial; see paper vs kaggle,True,c24553d0153949fda525ada5e3f79223
roadside,ACCIDENT_real,hT1Hz_gFnBs_00,real_videos/hT1Hz_gFnBs_00.mp4,hT1Hz_gFnBs,accident_time,4.875,73,14.987649375792778,29.958,449,25.083,2,t-bone,unique,test,test,Poor,day,signalized_intersection,Alabama,academic-noncommercial; see paper vs kaggle,True,bab6ff4ed2c29edab150799ae7353cbf
roadside,ACCIDENT_real,YnYUC6nonG8_00,real_videos/YnYUC6nonG8_00.mp4,YnYUC6nonG8,accident_time,2.4,35,14.866666666666667,30.0,446,27.6,4,single,unique,train,test,Poor,day,grade_separated_intersection,Alabama,academic-noncommercial; see paper vs kaggle,True,dce263d40ab21b6fc877ede1d3af70d9
roadside,ACCIDENT_real,fJxVsTAIK5Y_00,real_videos/fJxVsTAIK5Y_00.mp4,fJxVsTAIK5Y,accident_time,1.6660000000000004,25,14.084507042253524,22.790999999999997,321,21.124999999999996,4,single,unique,test,test,Very_Poor,night,highway,Alabama,academic-noncommercial; see paper vs kaggle,True,033b4a0daf0be7256ceaa3ae9cbdfbb5
roadside,ACCIDENT_real,8UJFstPfuhU_00,real_videos/8UJFstPfuhU_00.mp4,8UJFstPfuhU,accident_time,3.6,108,29.90033222591362,30.1,900,26.5,4,single,unique,dev,test,Poor,day,highway,Alabama,academic-noncommercial; see paper vs kaggle,True,e1b0156b504cabf04c770bb61811e128
roadside,ACCIDENT_real,jiiHFFhdKPc_00,real_videos/jiiHFFhdKPc_00.mp4,jiiHFFhdKPc,accident_time,5.708,88,15.354830095466989,29.958,460,24.25,2,t-bone,unique,test,test,Fine,day,signalized_intersection,Alabama,academic-noncommercial; see paper vs kaggle,True,89b8b859631562ee6b2c3c5c5778ad82
roadside,ACCIDENT_real,JTIfOGQql0A_00,real_videos/JTIfOGQql0A_00.mp4,JTIfOGQql0A,accident_time,8.267,124,14.866535262085325,29.933,445,21.666,0,head-on,unique,test,test,Good,day,signalized_intersection,Alabama,academic-noncommercial; see paper vs kaggle,True,bab5e8d2addea51bccc6a548d87b4c34
roadside,ACCIDENT_real,r4P0kKBitVM_00,real_videos/r4P0kKBitVM_00.mp4,r4P0kKBitVM,accident_time,10.625000000000002,159,14.980483173330521,18.958,284,8.332999999999997,3,sideswipe,unique,train,test,Poor,day,highway,Alabama,academic-noncommercial; see paper vs kaggle,True,549feee7bb8990e415f3f16a4a177a8a
roadside,ACCIDENT_real,OMjHjaMBzus_00,real_videos/OMjHjaMBzus_00.mp4,OMjHjaMBzus,accident_time,1.9580000000000002,30,15.009102054463721,26.917,404,24.959000000000003,1,rear-end,unique,test,test,Poor,day,signalized_intersection,Alabama,academic-noncommercial; see paper vs kaggle,True,0d9196d079e861b51018f61419b4318c
roadside,ACCIDENT_real,otYsKPJqTr0_00,real_videos/otYsKPJqTr0_00.mp4,otYsKPJqTr0,accident_time,4.172,116,27.16411933524661,29.966,814,25.794,2,t-bone,unique,test,test,Fine,day,signalized_intersection,Alabama,academic-noncommercial; see paper vs kaggle,True,feab929966f7b9bb1a3cb428ff097089
roadside,ACCIDENT_real,zVoe5ZUg3kE_00,real_videos/zVoe5ZUg3kE_00.mp4,zVoe5ZUg3kE,accident_time,2.767,42,15.18336837187573,29.967,455,27.2,2,t-bone,unique,test,test,Fine,night,signalized_intersection,Alabama,academic-noncommercial; see paper vs kaggle,True,5c83c6e6cbff969c65aa6fd1c6427a95
roadside,ACCIDENT_real,6J-qSLHzj_k_00,real_videos/6J-qSLHzj_k_00.mp4,6J-qSLHzj_k,accident_time,5.033,150,29.850746268656714,6.767,202,1.734,2,t-bone,unique,test,test,Very_Poor,day,signalized_intersection,Alabama,academic-noncommercial; see paper vs kaggle,True,357f616f179fb2b02e0e87e22400da47
roadside,ACCIDENT_real,qNH-EtH6qPo_00,real_videos/qNH-EtH6qPo_00.mp4,qNH-EtH6qPo,accident_time,5.5,82,14.987649375792778,29.958,449,24.458,2,t-bone,unique,test,test,Fine,night,signalized_intersection,Alabama,academic-noncommercial; see paper vs kaggle,True,bf8f6b3b1480642e4502c568895f436a
roadside,ACCIDENT_real,sRyjIctHIdA_00,real_videos/sRyjIctHIdA_00.mp4,sRyjIctHIdA,accident_time,2.867,43,15.0,30.0,450,27.133,2,t-bone,unique,test,test,Fine,night,signalized_intersection,Alabama,academic-noncommercial; see paper vs kaggle,True,241acb8773b045e45b5d89916d3fcc2d
roadside,ACCIDENT_real,VpQn6ugiG1M_00,real_videos/VpQn6ugiG1M_00.mp4,VpQn6ugiG1M,accident_time,1.9,28,14.983518130056936,30.033,450,28.133000000000003,3,sideswipe,unique,train,test,Poor,night,highway,Alabama,academic-noncommercial; see paper vs kaggle,True,f1d6196ceca5bb7b52bd9bc034ffeeb9
roadside,ACCIDENT_real,qOTEPSVfGSI_00,real_videos/qOTEPSVfGSI_00.mp4,qOTEPSVfGSI,accident_time,12.533,376,30.0,30.0,900,17.467,2,t-bone,unique,test,test,Very_Poor,night,signalized_intersection,Alabama,academic-noncommercial; see paper vs kaggle,True,58ce8dd51bd79ffb13903adfc41eb9f2
roadside,ACCIDENT_real,FnahNGsmeSQ_00,real_videos/FnahNGsmeSQ_00.mp4,FnahNGsmeSQ,accident_time,7.542,112,13.470601998863522,29.917,403,22.375,0,head-on,unique,test,test,Fine,day,simple_intersection,Alabama,academic-noncommercial; see paper vs kaggle,True,843ca1c5213487cca5c3a825d9031e81
roadside,ACCIDENT_real,exMp0HFGLFY_00,real_videos/exMp0HFGLFY_00.mp4,exMp0HFGLFY,accident_time,3.042,45,14.987649375792778,29.958,449,26.915999999999997,2,t-bone,unique,test,test,Fine,night,signalized_intersection,Alabama,academic-noncommercial; see paper vs kaggle,True,5e4fd05b2f1e1dd959c26842fd7889ab
roadside,ACCIDENT_real,6hJ8mYLUfE8_00,real_videos/6hJ8mYLUfE8_00.mp4,6hJ8mYLUfE8,accident_time,9.100000000000001,273,27.255003382007718,25.133,685,16.032999999999998,0,head-on,unique,test,test,Fine,day,signalized_intersection,Alabama,academic-noncommercial; see paper vs kaggle,True,5ec274a6e5ab6c4045748c0b2c061776
roadside,ACCIDENT_real,Er-dsvrO1UU_00,real_videos/Er-dsvrO1UU_00.mp4,Er-dsvrO1UU,accident_time,7.8,233,25.361230687089133,29.967,760,22.166999999999998,2,t-bone,unique,test,test,Poor,day,signalized_intersection,Alabama,academic-noncommercial; see paper vs kaggle,True,2a6e909eb30d734e32d868d7889b7aa0
roadside,ACCIDENT_real,OKlebmp3c0M_00,real_videos/OKlebmp3c0M_00.mp4,OKlebmp3c0M,accident_time,8.067,161,19.933554817275745,30.1,600,22.033,2,t-bone,unique,test,test,Good,day,signalized_intersection,Alabama,academic-noncommercial; see paper vs kaggle,True,42d3b1eaba7889a63e8b2f849e7b5e6c
roadside,ACCIDENT_real,ZDiU58ZiXTk_00,real_videos/ZDiU58ZiXTk_00.mp4,ZDiU58ZiXTk,accident_time,7.333,79,13.52663474738005,29.867,404,22.534,0,head-on,unique,test,test,Fine,night,signalized_intersection,Alabama,academic-noncommercial; see paper vs kaggle,True,8641022580ebea6fed7e5b7e2afb4923
roadside,ACCIDENT_real,0oA6iej2zdk_00,real_videos/0oA6iej2zdk_00.mp4,0oA6iej2zdk,accident_time,2.0999999999999996,32,15.01982617054512,24.967,375,22.866999999999997,2,t-bone,unique,test,test,Poor,day,signalized_intersection,Alabama,academic-noncommercial; see paper vs kaggle,True,e35685e8fada56e5ef92d72d9e0a0e23
roadside,ACCIDENT_real,S5EyvIwUUU0_00,real_videos/S5EyvIwUUU0_00.mp4,S5EyvIwUUU0,accident_time,8.267,124,15.0,30.0,450,21.733,2,t-bone,unique,test,test,Fine,night,signalized_intersection,Alabama,academic-noncommercial; see paper vs kaggle,True,dcc075fe5ebed0b6e2835aa2d79314e7
roadside,ACCIDENT_real,T0Rkm2Q2e2k_00,real_videos/T0Rkm2Q2e2k_00.mp4,T0Rkm2Q2e2k,accident_time,4.233,127,28.366666666666667,30.0,851,25.767,2,t-bone,unique,test,test,Poor,night,signalized_intersection,Alabama,academic-noncommercial; see paper vs kaggle,True,57f67801a4cbccb91b992e5dccc5e00a
roadside,ACCIDENT_real,-RrDtLjWsT4_00,real_videos/-RrDtLjWsT4_00.mp4,-RrDtLjWsT4,accident_time,6.0,180,29.733333333333334,30.0,892,24.0,2,t-bone,unique,test,test,Poor,day,signalized_intersection,Alabama,academic-noncommercial; see paper vs kaggle,True,fe5aa3ecb26a99a4918b0f0299094f01
roadside,ACCIDENT_real,FD2WTKo0V94_00,real_videos/FD2WTKo0V94_00.mp4,FD2WTKo0V94,accident_time,3.917,58,14.974763512384262,29.917,448,26.0,2,t-bone,unique,test,test,Fine,day,signalized_intersection,Alabama,academic-noncommercial; see paper vs kaggle,True,197bf79e0d6514e8984de5129e8a1179
roadside,ACCIDENT_real,CQaoY2QypM8_00,real_videos/CQaoY2QypM8_00.mp4,CQaoY2QypM8,accident_time,3.25,48,14.974763512384262,29.917,448,26.667,0,head-on,unique,test,test,Fine,night,signalized_intersection,Alabama,academic-noncommercial; see paper vs kaggle,True,06695a90c14d7da0a6db9f5672e7eb87
roadside,ACCIDENT_real,kgifRjE69lo_00,real_videos/kgifRjE69lo_00.mp4,kgifRjE69lo,accident_time,7.875,87,11.082181721076173,29.958,332,22.083,2,t-bone,unique,test,test,Fine,day,signalized_intersection,Alabama,academic-noncommercial; see paper vs kaggle,True,af2dad7f7d9075c786bccce80ee509ca
roadside,ACCIDENT_real,cPyZuPSQrkI_00,real_videos/cPyZuPSQrkI_00.mp4,cPyZuPSQrkI,accident_time,8.433,126,14.983148129609237,29.967,449,21.534,2,t-bone,unique,test,test,Fine,night,signalized_intersection,Alabama,academic-noncommercial; see paper vs kaggle,True,a04e51a3421b26323484988729e98041
roadside,ACCIDENT_real,aRQeSqO9Ri4_00,real_videos/aRQeSqO9Ri4_00.mp4,aRQeSqO9Ri4,accident_time,7.792,117,15.009453254620519,25.917,389,18.125,2,t-bone,unique,test,test,Fine,night,signalized_intersection,Alabama,academic-noncommercial; see paper vs kaggle,True,9057b0d7f1102aee977667079739513e
roadside,ACCIDENT_real,-oreKuCoQnI_00,real_videos/-oreKuCoQnI_00.mp4,-oreKuCoQnI,accident_time,5.333,79,14.974763512384262,29.917,448,24.584000000000003,2,t-bone,unique,test,test,Poor,day,grade_separated_intersection,Alabama,academic-noncommercial; see paper vs kaggle,True,e53e2ec9a14e31972eab09bf5fec0072
roadside,ACCIDENT_real,JGeH83hHjpE_00,real_videos/JGeH83hHjpE_00.mp4,JGeH83hHjpE,accident_time,3.0,44,14.949778089231488,29.967,448,26.967,2,t-bone,unique,test,test,Good,night,signalized_intersection,Alabama,academic-noncommercial; see paper vs kaggle,True,d8bdc90ac677559d53a8e0b709d65f0c
roadside,ACCIDENT_real,ZVFTg3X2Acc_00,real_videos/ZVFTg3X2Acc_00.mp4,ZVFTg3X2Acc,accident_time,3.933,117,29.79944605732973,29.967,893,26.034,2,t-bone,unique,test,test,Poor,night,signalized_intersection,Alabama,academic-noncommercial; see paper vs kaggle,True,6934f24865b687729978ff3276153d3a
roadside,ACCIDENT_real,xQCJTgk1AxQ_00,real_videos/xQCJTgk1AxQ_00.mp4,xQCJTgk1AxQ,accident_time,1.2080000000000002,18,14.607215427673198,26.083,381,24.875,2,t-bone,unique,test,test,Fine,day,grade_separated_intersection,Alabama,academic-noncommercial; see paper vs kaggle,True,666914a1053409603025006eb8fb5100
roadside,ACCIDENT_real,FojgBxlQgiw_00,real_videos/FojgBxlQgiw_00.mp4,FojgBxlQgiw,accident_time,3.567,107,29.999666299596225,29.967,899,26.4,2,t-bone,unique,test,test,Fine,day,signalized_intersection,Alabama,academic-noncommercial; see paper vs kaggle,True,45f0315fa681ebeb31995c25889368c4
roadside,ACCIDENT_real,bzNkUstnRMM_00,real_videos/bzNkUstnRMM_00.mp4,bzNkUstnRMM,accident_time,4.667,69,15.242170003676838,29.917,456,25.25,2,t-bone,unique,test,test,Fine,day,signalized_intersection,Alabama,academic-noncommercial; see paper vs kaggle,True,36c7ef3f8665e928b2dc22b108a27c6f
roadside,ACCIDENT_real,BVvMdTfk43Y_00,real_videos/BVvMdTfk43Y_00.mp4,BVvMdTfk43Y,accident_time,2.4000000000000004,72,29.88888888888889,27.0,807,24.6,2,t-bone,unique,test,test,Poor,night,signalized_intersection,Alabama,academic-noncommercial; see paper vs kaggle,True,429a17cc540f59b9f54aa98b0e30c192
roadside,ACCIDENT_real,5fSIVNb3L64_00,real_videos/5fSIVNb3L64_00.mp4,5fSIVNb3L64,accident_time,5.958,89,14.987649375792778,29.958,449,24.0,0,head-on,unique,test,test,Fine,day,signalized_intersection,Alabama,academic-noncommercial; see paper vs kaggle,True,2c9987a5520a984eeb18422fa2b2b002
roadside,ACCIDENT_real,uJR-x2ahMjo_00,real_videos/uJR-x2ahMjo_00.mp4,uJR-x2ahMjo,accident_time,8.7,130,14.983148129609237,29.967,449,21.267,2,t-bone,unique,test,test,Fine,day,signalized_intersection,Alabama,academic-noncommercial; see paper vs kaggle,True,c76c87a2037d446bb89ad7c273ccda00
roadside,ACCIDENT_real,Jafouq9fwp4_00,real_videos/Jafouq9fwp4_00.mp4,Jafouq9fwp4,accident_time,3.233,47,14.215637200921014,29.967,426,26.733999999999998,2,t-bone,unique,test,test,Poor,night,signalized_intersection,Alabama,academic-noncommercial; see paper vs kaggle,True,e2f1a1dcf4cdbae4784e0b479472db02
roadside,ACCIDENT_real,tnXaQLZivt0_00,real_videos/tnXaQLZivt0_00.mp4,tnXaQLZivt0,accident_time,2.433,72,29.966296259218474,29.967,898,27.534,2,t-bone,unique,test,test,Poor,night,signalized_intersection,Alabama,academic-noncommercial; see paper vs kaggle,True,eb545e289b27c9cb579fca37f4853555
roadside,ACCIDENT_real,neiYtur4FOY_00,real_videos/neiYtur4FOY_00.mp4,neiYtur4FOY,accident_time,6.167,93,15.083258250742483,29.967,452,23.799999999999997,2,t-bone,unique,test,test,Fine,day,highway,Alabama,academic-noncommercial; see paper vs kaggle,True,7edc71c6e9a5d90f2d3f6dce1fac7e45
roadside,ACCIDENT_real,sy3K_DPXi1g_00,real_videos/sy3K_DPXi1g_00.mp4,sy3K_DPXi1g,accident_time,9.467,142,15.0,30.0,450,20.533,0,head-on,unique,test,test,Poor,night,signalized_intersection,Alabama,academic-noncommercial; see paper vs kaggle,True,3a21702c03fc6e0cb100de05cbb91e1b
roadside,ACCIDENT_real,5UK0XveIgBA_00,real_videos/5UK0XveIgBA_00.mp4,5UK0XveIgBA,accident_time,5.2,78,15.049888210364735,29.967,451,24.767,2,t-bone,unique,test,test,Fine,day,signalized_intersection,Alabama,academic-noncommercial; see paper vs kaggle,True,242b78baaa014c1767401eea4ec8065a
roadside,ACCIDENT_real,8uCJX3Qp78g_00,real_videos/8uCJX3Qp78g_00.mp4,8uCJX3Qp78g,accident_time,8.208,110,14.473376341210683,29.917,433,21.709000000000003,2,t-bone,unique,test,test,Poor,day,signalized_intersection,Alabama,academic-noncommercial; see paper vs kaggle,True,b0cad51d62c09ac63012fef144f29944
roadside,ACCIDENT_real,X6sdr4NzEdU_00,real_videos/X6sdr4NzEdU_00.mp4,X6sdr4NzEdU,accident_time,4.276,123,27.53120202896616,29.966,825,25.69,2,t-bone,unique,test,test,Fine,day,signalized_intersection,Alabama,academic-noncommercial; see paper vs kaggle,True,dd3af9d1c6add8deb1f26cd4439a259f
roadside,ACCIDENT_real,gcbYjCgvbFc_00,real_videos/gcbYjCgvbFc_00.mp4,gcbYjCgvbFc,accident_time,5.042,63,12.918085319447227,29.958,387,24.915999999999997,2,t-bone,unique,test,test,Poor,day,signalized_intersection,Alabama,academic-noncommercial; see paper vs kaggle,True,c106a7899b5c12caf0f0c8cf1f42fc1f
roadside,ACCIDENT_real,bb7h-E9S_xE_00,real_videos/bb7h-E9S_xE_00.mp4,bb7h-E9S_xE,accident_time,2.367,70,29.73881561934316,3.867,115,1.5,2,t-bone,unique,test,test,Poor,night,signalized_intersection,Alabama,academic-noncommercial; see paper vs kaggle,True,6750c63a0ffd456098cea288a7ca5265
roadside,ACCIDENT_real,Rph4qz-nnAY_00,real_videos/Rph4qz-nnAY_00.mp4,Rph4qz-nnAY,accident_time,1.2999999999999998,19,15.0,25.6,384,24.3,2,t-bone,unique,test,test,Poor,night,signalized_intersection,Alabama,academic-noncommercial; see paper vs kaggle,True,a341b9f37b6fe170e48a1a9e9aa6b201
roadside,ACCIDENT_real,dVgyJhT1tiQ_00,real_videos/dVgyJhT1tiQ_00.mp4,dVgyJhT1tiQ,accident_time,4.633,69,14.966666666666667,30.0,449,25.367,2,t-bone,unique,test,test,Good,day,signalized_intersection,Alabama,academic-noncommercial; see paper vs kaggle,True,6d55ab938d1cee526870819d80ec1d54
roadside,ACCIDENT_real,mYTte8BTffA_00,real_videos/mYTte8BTffA_00.mp4,mYTte8BTffA,accident_time,2.833,85,26.075098945687962,30.067,784,27.234,2,t-bone,unique,test,test,Poor,day,signalized_intersection,Alabama,academic-noncommercial; see paper vs kaggle,True,6e68b8f3d66f68a47b9963af5f71ea4e
roadside,ACCIDENT_real,z4J6Y7Hgprc_00,real_videos/z4J6Y7Hgprc_00.mp4,z4J6Y7Hgprc,accident_time,2.0839999999999996,31,15.004040900945217,28.459000000000003,427,26.375000000000004,2,t-bone,unique,test,test,Fine,day,signalized_intersection,Alabama,academic-noncommercial; see paper vs kaggle,True,bcfa0836d9a1d1f252c9a690b9874784
roadside,ACCIDENT_real,EYu49m3fAp4_00,real_videos/EYu49m3fAp4_00.mp4,EYu49m3fAp4,accident_time,5.833,88,15.176470588235293,25.5,387,19.667,1,rear-end,unique,train,test,Fine,day,highway,Alabama,academic-noncommercial; see paper vs kaggle,True,c218618754e865ebf739f360afef9b6a
roadside,ACCIDENT_real,lprYC7noW0w_00,real_videos/lprYC7noW0w_00.mp4,lprYC7noW0w,accident_time,0.5830000000000002,9,15.020408163265307,24.5,368,23.917,4,single,unique,train,test,Poor,day,highway,Alabama,academic-noncommercial; see paper vs kaggle,True,dcbb7f6af2a35540f5d52fd1cbafe6ec
roadside,ACCIDENT_real,SX6WrzujsNg_00,real_videos/SX6WrzujsNg_00.mp4,SX6WrzujsNg,accident_time,1.5999999999999996,24,15.555555555555555,7.2,112,5.6000000000000005,4,single,unique,test,test,Very_Poor,night,grade_separated_intersection,Alabama,academic-noncommercial; see paper vs kaggle,True,36874c4aa79d4e590f31756724e538c5
roadside,ACCIDENT_real,pWUkfZdWn7M_00,real_videos/pWUkfZdWn7M_00.mp4,pWUkfZdWn7M,accident_time,2.625,39,15.008189323795834,29.917,449,27.292,4,single,unique,train,test,Fine,day,grade_separated_intersection,Alabama,academic-noncommercial; see paper vs kaggle,True,e20855f8badd2acbd43f833b7c0af75d
roadside,ACCIDENT_real,NW8ZJK5zv_M_00,real_videos/NW8ZJK5zv_M_00.mp4,NW8ZJK5zv_M,accident_time,7.467,113,15.066666666666666,30.0,452,22.533,4,single,unique,train,test,Poor,night,highway,Alabama,academic-noncommercial; see paper vs kaggle,True,39cf45e299b120730bc71ab71f3b944e
roadside,ACCIDENT_real,4VuF1Be1yLE_00,real_videos/4VuF1Be1yLE_00.mp4,4VuF1Be1yLE,accident_time,3.567,107,30.0,30.0,900,26.433,4,single,unique,train,test,Poor,day,grade_separated_intersection,Alabama,academic-noncommercial; see paper vs kaggle,True,a2fd5b994419de8dcf99adbb76dc7b73
roadside,ACCIDENT_real,OmriwRCPF7M_00,real_videos/OmriwRCPF7M_00.mp4,OmriwRCPF7M,accident_time,7.233,108,10.244602395968899,29.967,307,22.733999999999998,4,single,unique,test,test,Fine,night,signalized_intersection,Alabama,academic-noncommercial; see paper vs kaggle,True,286fc23c57acf4f4d6d2b835114d4a18
roadside,ACCIDENT_real,IF-F7mUXhas_00,real_videos/IF-F7mUXhas_00.mp4,IF-F7mUXhas,accident_time,3.083,46,14.987649375792778,29.958,449,26.875,3,sideswipe,unique,test,test,Very_Poor,night,highway,Alabama,academic-noncommercial; see paper vs kaggle,True,df7773cae0b8e1a6012abd0c4e085d6d
roadside,ACCIDENT_real,NhVQ26Tutwg_00,real_videos/NhVQ26Tutwg_00.mp4,NhVQ26Tutwg,accident_time,6.633,73,10.930232558139535,25.8,282,19.167,1,rear-end,unique,test,test,Fine,day,highway,Alabama,academic-noncommercial; see paper vs kaggle,True,0c5780fe3358477903458a98f57322f8
roadside,ACCIDENT_real,qCBttHwTwnQ_00,real_videos/qCBttHwTwnQ_00.mp4,qCBttHwTwnQ,accident_time,6.083,91,14.987649375792778,29.958,449,23.875,4,single,unique,test,test,Very_Poor,day,grade_separated_intersection,Alabama,academic-noncommercial; see paper vs kaggle,True,016aeb3928f135f22f4f74d651966696
roadside,ACCIDENT_real,xJTY4uupVuI_00,real_videos/xJTY4uupVuI_00.mp4,xJTY4uupVuI,accident_time,4.067,60,14.883720930232558,30.1,448,26.033,1,rear-end,unique,test,test,Fine,day,grade_separated_intersection,Alabama,academic-noncommercial; see paper vs kaggle,True,ec7eb5fa5cc5f67c94c05c02e1551e34
roadside,ACCIDENT_real,3UBcAuDgcOg_00,real_videos/3UBcAuDgcOg_00.mp4,3UBcAuDgcOg,accident_time,2.3000000000000007,35,15.02964832971291,17.033,256,14.733,3,sideswipe,unique,train,test,Fine,day,highway,Alabama,academic-noncommercial; see paper vs kaggle,True,c5a5cb80906ad7efe528e5a15a382fc5
roadside,ACCIDENT_real,YkEtYW_U1IY_00,real_videos/YkEtYW_U1IY_00.mp4,YkEtYW_U1IY,accident_time,6.208,92,14.974763512384262,29.917,448,23.709000000000003,1,rear-end,unique,test,test,Poor,day,signalized_intersection,Alabama,academic-noncommercial; see paper vs kaggle,True,4bdef4b43881a569c585dd46117fbc9f
roadside,ACCIDENT_real,p-8rTEjl_30_00,real_videos/p-8rTEjl_30_00.mp4,p-8rTEjl,accident_time,15.292,209,14.320048067294213,29.958,429,14.665999999999999,1,rear-end,unique,test,test,Poor,day,signalized_intersection,Alabama,academic-noncommercial; see paper vs kaggle,True,cd6dd24bd54d42c4b17b225f61aa2466
roadside,ACCIDENT_real,Z3s9Wv38oRc_00,real_videos/Z3s9Wv38oRc_00.mp4,Z3s9Wv38oRc,accident_time,6.7,200,29.966296259218474,29.967,898,23.267,2,t-bone,unique,test,test,Poor,day,signalized_intersection,Alabama,academic-noncommercial; see paper vs kaggle,True,1392cde60ded13a2bf5bcabc3288f26e
roadside,ACCIDENT_real,WFPy6Jpx5iE_00,real_videos/WFPy6Jpx5iE_00.mp4,WFPy6Jpx5iE,accident_time,6.2,178,29.733333333333334,30.0,892,23.8,2,t-bone,unique,test,test,Fine,night,signalized_intersection,Alabama,academic-noncommercial; see paper vs kaggle,True,647cfc6d6afd174b9e5376b9870f1a29
roadside,ACCIDENT_real,VMOqX7S4IVU_00,real_videos/VMOqX7S4IVU_00.mp4,VMOqX7S4IVU,accident_time,12.208,183,14.353428132719142,29.958,430,17.75,1,rear-end,unique,train,test,Good,day,highway,Alabama,academic-noncommercial; see paper vs kaggle,True,2331e1905857c698f612a859fed71023
roadside,ACCIDENT_real,Pv0z5OwmK-Y_00,real_videos/Pv0z5OwmK-Y_00.mp4,Pv0z5OwmK-Y,accident_time,6.167000000000002,119,20.85,20.0,417,13.832999999999998,1,rear-end,unique,test,test,Very_Poor,day,highway,Alabama,academic-noncommercial; see paper vs kaggle,True,41d91433afcdd28657d74811333ced5e
roadside,ACCIDENT_real,JZnyV3r3cA4_00,real_videos/JZnyV3r3cA4_00.mp4,JZnyV3r3cA4,accident_time,5.25,78,14.921661278288983,8.042,120,2.792,4,single,unique,test,test,Poor,night,highway,Alabama,academic-noncommercial; see paper vs kaggle,True,2698c058ad457f36c99695ef02d4e368
roadside,ACCIDENT_real,gVXvlSSUr88_00,real_videos/gVXvlSSUr88_00.mp4,gVXvlSSUr88,accident_time,4.2,63,15.0,30.0,450,25.8,4,single,unique,test,test,Fine,day,signalized_intersection,Alabama,academic-noncommercial; see paper vs kaggle,True,8a14a4a530b82b5f5bba43c1712e75f0
roadside,ACCIDENT_real,y396l4X6WOk_00,real_videos/y396l4X6WOk_00.mp4,y396l4X6WOk,accident_time,6.467,96,14.949778089231488,29.967,448,23.5,2,t-bone,unique,test,test,Good,day,signalized_intersection,Alabama,academic-noncommercial; see paper vs kaggle,True,375c86fbd9c40aa9078ab7f23f738797
roadside,ACCIDENT_real,WqO5068PPhA_00,real_videos/WqO5068PPhA_00.mp4,WqO5068PPhA,accident_time,1.1339999999999995,34,29.999219786221424,25.634,769,24.5,2,t-bone,unique,test,test,Poor,day,signalized_intersection,Alabama,academic-noncommercial; see paper vs kaggle,True,73fcd40a2d7a93a0d976ea17105a006b
roadside,ACCIDENT_real,GAuVOgez5bQ_00,real_videos/GAuVOgez5bQ_00.mp4,GAuVOgez5bQ,accident_time,6.333,63,9.927465989236888,29.917,297,23.584000000000003,2,t-bone,unique,test,test,Poor,night,signalized_intersection,Alabama,academic-noncommercial; see paper vs kaggle,True,a18d9642d04a3aa84313fa5edb46ae91
roadside,ACCIDENT_real,djlikkK0NnM_00,real_videos/djlikkK0NnM_00.mp4,djlikkK0NnM,accident_time,22.489,337,14.951773854420452,29.963,448,7.474,2,t-bone,unique,test,test,Fine,day,signalized_intersection,Alabama,academic-noncommercial; see paper vs kaggle,True,0b06e4360482be668b4f4e30a0c9bf32
roadside,ACCIDENT_real,VsJNApu-LP4_00,real_videos/VsJNApu-LP4_00.mp4,VsJNApu-LP4,accident_time,5.917,88,14.615446050634933,25.042,366,19.125,2,t-bone,unique,test,test,Fine,day,signalized_intersection,Alabama,academic-noncommercial; see paper vs kaggle,True,dbe9f0d552297e181eafd005b636cb73
roadside,ACCIDENT_real,9PeFHB3oBKg_00,real_videos/9PeFHB3oBKg_00.mp4,9PeFHB3oBKg,accident_time,5.875,66,11.231072634288196,29.917,336,24.042,1,rear-end,unique,train,test,Poor,day,highway,Alabama,academic-noncommercial; see paper vs kaggle,True,b3480937d3a2f153c2c996ffa41b1150
roadside,ACCIDENT_real,wrKbzGEUOlI_00,real_videos/wrKbzGEUOlI_00.mp4,wrKbzGEUOlI,accident_time,9.1,182,19.97802417340925,30.033,600,20.933,4,single,unique,train,test,Poor,day,highway,Alabama,academic-noncommercial; see paper vs kaggle,True,e760e482846e030bdce497812575b935
roadside,ACCIDENT_real,ILLwcx7DKvM_00,real_videos/ILLwcx7DKvM_00.mp4,ILLwcx7DKvM,accident_time,3.733,112,29.99927362533595,13.767,413,10.033999999999999,4,single,unique,dev,test,Poor,day,highway,Alabama,academic-noncommercial; see paper vs kaggle,True,858851c13afa60430700c4335a988deb
roadside,ACCIDENT_real,yap1ac36OsU_00,real_videos/yap1ac36OsU_00.mp4,yap1ac36OsU,accident_time,7.0,105,15.008189323795834,29.917,449,22.917,4,single,unique,test,test,Very_Poor,day,highway,Virginia,academic-noncommercial; see paper vs kaggle,True,3b7dc901c59baba6deac49c6ba04d761
roadside,ACCIDENT_real,Zp5xCOo7DSE_00,real_videos/Zp5xCOo7DSE_00.mp4,Zp5xCOo7DSE,accident_time,10.145999999999999,152,15.01271237741636,24.779,372,14.633000000000001,1,rear-end,unique,test,test,Poor,day,highway,Virginia,academic-noncommercial; see paper vs kaggle,True,5dc4498f933a5bf002bf16b0a5d319a9
roadside,ACCIDENT_real,MAlk_czfNIs_00,real_videos/MAlk_czfNIs_00.mp4,MAlk_czfNIs,accident_time,3.033,45,14.983518130056936,30.033,450,27.0,2,t-bone,unique,test,test,Poor,night,simple_intersection,Virginia,academic-noncommercial; see paper vs kaggle,True,e421dab04f97fca4e229cf05daa5a3b4
roadside,ACCIDENT_real,swb5GdD__W0_00,real_videos/swb5GdD__W0_00.mp4,swb5GdD__W0,accident_time,3.933,58,14.522739028369077,25.133,365,21.2,1,rear-end,unique,train,test,Fine,day,highway,Virginia,academic-noncommercial; see paper vs kaggle,True,bba474d015faa71415496bb92b3aa7ed
roadside,ACCIDENT_real,GVHE7LumYVo_00,real_videos/GVHE7LumYVo_00.mp4,GVHE7LumYVo,accident_time,6.629834,96,14.847655979339605,21.21547,315,14.585636000000001,1,rear-end,unique,test,test,Poor,day,highway,Virginia,academic-noncommercial; see paper vs kaggle,True,4e5b4787e5d005cd525a6cccb5c84d19
roadside,ACCIDENT_real,k-QTjGUDtZY_00,real_videos/k-QTjGUDtZY_00.mp4,k-QTjGUDtZY,accident_time,3.042,45,15.238095238095237,21.0,320,17.958,2,t-bone,unique,test,test,Good,night,simple_intersection,Virginia,academic-noncommercial; see paper vs kaggle,True,70c254685330705f7b46d7cd01bcce47
roadside,ACCIDENT_real,jF_WIm0oxLc_00,real_videos/jF_WIm0oxLc_00.mp4,jF_WIm0oxLc,accident_time,1.6250000000000002,24,15.0,28.0,420,26.375,1,rear-end,unique,test,test,Poor,day,highway,Virginia,academic-noncommercial; see paper vs kaggle,True,65eff47f49d03011b35e04ef0f52f0c0
roadside,ACCIDENT_real,Ga8NZJ64V80_00,real_videos/Ga8NZJ64V80_00.mp4,Ga8NZJ64V80,accident_time,4.25,33,7.901234567901234,10.125,80,5.875,4,single,unique,test,test,Poor,day,highway,Arkansas,academic-noncommercial; see paper vs kaggle,True,f6caadda01e8dcda53608c6aa34361ca
roadside,ACCIDENT_real,HMdWAx9g5eI_00,real_videos/HMdWAx9g5eI_00.mp4,HMdWAx9g5eI,accident_time,5.867,46,7.913074288413841,8.467,67,2.6000000000000005,4,single,unique,train,test,Good,day,highway,Arkansas,academic-noncommercial; see paper vs kaggle,True,03f1368a5d00baedd432654e59d817d8
roadside,ACCIDENT_real,57T5Z3aTh4s_00,real_videos/57T5Z3aTh4s_00.mp4,57T5Z3aTh4s,accident_time,4.958,39,7.977835636557848,29.958,239,25.0,3,sideswipe,unique,test,test,Poor,day,highway,Arkansas,academic-noncommercial; see paper vs kaggle,True,470617b53c7df6d51550d09fef81190e
roadside,ACCIDENT_real,PAuYsJns-Fc_00,real_videos/PAuYsJns-Fc_00.mp4,PAuYsJns-Fc,accident_time,12.2,97,7.984498713794141,29.933,239,17.733,4,single,unique,train,test,Fine,day,highway,Arkansas,academic-noncommercial; see paper vs kaggle,True,30ddbe86f41474fff72cca83c0251399
roadside,ACCIDENT_real,lgU3T6kySLw_00,real_videos/lgU3T6kySLw_00.mp4,lgU3T6kySLw,accident_time,3.291666,19,6.0417246847479795,29.958333,181,26.666667,4,single,unique,dev,test,Fine,day,highway,Arkansas,academic-noncommercial; see paper vs kaggle,True,58593efaea9b423a8c73c12564a8c6fc
roadside,ACCIDENT_real,y1FUdBq8QII_00,real_videos/y1FUdBq8QII_00.mp4,y1FUdBq8QII,accident_time,4.75,38,7.966666666666667,30.0,239,25.25,3,sideswipe,unique,test,test,Fine,day,highway,Arkansas,academic-noncommercial; see paper vs kaggle,True,890508015a48abd9dd6e5f8cd9995190
roadside,ACCIDENT_real,XdFylnj-1B4_00,real_videos/XdFylnj-1B4_00.mp4,XdFylnj-1B4,accident_time,4.834,71,14.805194805194805,7.7,114,2.8660000000000005,4,single,unique,test,test,Poor,day,grade_separated_intersection,Arkansas,academic-noncommercial; see paper vs kaggle,True,b7da804a85fce03f725ca90a6a85d3d2
roadside,ACCIDENT_real,nxtAJF0x3qQ_00,real_videos/nxtAJF0x3qQ_00.mp4,nxtAJF0x3qQ,accident_time,0.867,7,8.008298755186722,24.099999999999998,193,23.232999999999997,3,sideswipe,unique,test,test,Fine,day,highway,Arkansas,academic-noncommercial; see paper vs kaggle,True,bc8503b85441eaeae4aa442301e285cf
roadside,ACCIDENT_real,RTPo9EzJ2q4_00,real_videos/RTPo9EzJ2q4_00.mp4,RTPo9EzJ2q4,accident_time,5.542,44,7.95534311595414,29.917,238,24.375,4,single,unique,test,test,Fine,day,highway,Arkansas,academic-noncommercial; see paper vs kaggle,True,60cac18d8504fd971b314e0aded419a1
roadside,ACCIDENT_real,pwc7SEk8BA4_00,real_videos/pwc7SEk8BA4_00.mp4,pwc7SEk8BA4,accident_time,10.333,84,8.077975832832633,29.958,242,19.625,2,t-bone,unique,test,test,Good,day,simple_intersection,Arkansas,academic-noncommercial; see paper vs kaggle,True,9ae77deefad68c8925b0091720d24ef3
roadside,ACCIDENT_real,7v3_mO6HyPk_00,real_videos/7v3_mO6HyPk_00.mp4,7v3_mO6HyPk,accident_time,4.167,25,5.958347254705425,17.958,107,13.790999999999999,3,sideswipe,unique,test,test,Poor,night,highway,Arkansas,academic-noncommercial; see paper vs kaggle,True,c6b0521b9125dd3bba3d4b066ac542cb
roadside,ACCIDENT_real,ve9ThZ4xzrQ_00,real_videos/ve9ThZ4xzrQ_00.mp4,ve9ThZ4xzrQ,accident_time,6.292,50,7.977835636557848,29.958,239,23.665999999999997,4,single,unique,test,test,Poor,night,highway,Arkansas,academic-noncommercial; see paper vs kaggle,True,23c0844ab5a5b20c9c3db7549e75d53a
roadside,ACCIDENT_real,olrS9Xl-I70_00,real_videos/olrS9Xl-I70_00.mp4,olrS9Xl-I70,accident_time,6.791666,54,7.988858116743357,29.916666,239,23.125,4,single,unique,test,test,Fine,day,highway,Arkansas,academic-noncommercial; see paper vs kaggle,True,cf30954a248204e11b7ac6a60f9b6fee
roadside,ACCIDENT_real,QiRF34ZCDBo_00,real_videos/QiRF34ZCDBo_00.mp4,QiRF34ZCDBo,accident_time,9.367,74,7.966666666666667,30.0,239,20.633,4,single,unique,train,test,Fine,day,highway,Arkansas,academic-noncommercial; see paper vs kaggle,True,a55feeb647dcd24ea3156cd84e567b06
roadside,ACCIDENT_real,paIiPXuFj7Q_00,real_videos/paIiPXuFj7Q_00.mp4,paIiPXuFj7Q,accident_time,5.7669999999999995,46,8.0,24.5,196,18.733,4,single,unique,train,test,Good,day,highway,Arkansas,academic-noncommercial; see paper vs kaggle,True,bafe63b8016e3f70625c4598f1e989aa
roadside,ACCIDENT_real,ig4k6LEEMy0_00,real_videos/ig4k6LEEMy0_00.mp4,ig4k6LEEMy0,accident_time,9.208,73,7.966666666666667,30.0,239,20.792,2,t-bone,unique,train,test,Excellent,day,highway,Arkansas,academic-noncommercial; see paper vs kaggle,True,77c664fa4135e8e85e5f3232074d1d5b
roadside,ACCIDENT_real,n1da-gnbUBU_00,real_videos/n1da-gnbUBU_00.mp4,n1da-gnbUBU,accident_time,9.417,75,7.987574883514532,27.042,216,17.625,4,single,unique,test,test,Poor,day,highway,Arkansas,academic-noncommercial; see paper vs kaggle,True,03fd69972ab1ee11725056b82bf5f486
roadside,ACCIDENT_real,PaOMI4lZ7UI_00,real_videos/PaOMI4lZ7UI_00.mp4,PaOMI4lZ7UI,accident_time,3.267,25,7.8991745806337095,11.267,89,8.0,2,t-bone,unique,test,test,Excellent,day,simple_intersection,Arkansas,academic-noncommercial; see paper vs kaggle,True,5de09a99be067921ecc64a90a57ad30f
roadside,ACCIDENT_real,R8HeYWy2-HI_00,real_videos/R8HeYWy2-HI_00.mp4,R8HeYWy2-HI,accident_time,6.208,49,7.974296442534743,25.833,206,19.625,3,sideswipe,unique,test,test,Fine,day,highway,Arkansas,academic-noncommercial; see paper vs kaggle,True,b9915d631cae4d5d5bbaadd72bf00d9f
roadside,ACCIDENT_real,EkSE8710mGg_00,real_videos/EkSE8710mGg_00.mp4,EkSE8710mGg,accident_time,3.458,60,9.07937779558048,29.958,272,26.5,4,single,unique,test,test,Poor,night,highway,Arkansas,academic-noncommercial; see paper vs kaggle,True,763cf00821e1c89d07a606418385317a
roadside,ACCIDENT_real,1DTzvlqxm5c_00,real_videos/1DTzvlqxm5c_00.mp4,1DTzvlqxm5c,accident_time,4.125,32,8.036992183199382,9.083,73,4.958,4,single,unique,test,test,Fine,day,highway,Arkansas,academic-noncommercial; see paper vs kaggle,True,7bd92aa27c16564d74b916d5e2bba194
roadside,ACCIDENT_real,YaMXFpSYjOk_00,real_videos/YaMXFpSYjOk_00.mp4,YaMXFpSYjOk,accident_time,3.875,31,8.114285714285714,17.5,142,13.625,3,sideswipe,unique,test,test,Fine,day,highway,Arkansas,academic-noncommercial; see paper vs kaggle,True,ea1bfd98d82061e9be00485d2f951efc
roadside,ACCIDENT_real,U9lXW10TLQw_00,real_videos/U9lXW10TLQw_00.mp4,U9lXW10TLQw,accident_time,6.667,53,8.0,29.875,239,23.208,4,single,unique,train,test,Fine,day,highway,Arkansas,academic-noncommercial; see paper vs kaggle,True,6df2c6c42972d452a532e11ababb208c
roadside,ACCIDENT_real,mjKiqWEZoAM_00,real_videos/mjKiqWEZoAM_00.mp4,mjKiqWEZoAM,accident_time,5.467,42,7.816626175134678,9.467,74,4.000000000000001,4,single,unique,test,test,Poor,day,highway,Arkansas,academic-noncommercial; see paper vs kaggle,True,6beccff6a24dcfc0b05c1bbe9d1780ec
roadside,ACCIDENT_real,pSjvg4Zq3-4_00,real_videos/pSjvg4Zq3-4_00.mp4,pSjvg4Zq3-4,accident_time,9.667,77,7.993311036789298,29.9,239,20.232999999999997,4,single,unique,test,test,Poor,night,highway,Arkansas,academic-noncommercial; see paper vs kaggle,True,ce583c742c598f7f8fbf2652b0fdaf3d
roadside,ACCIDENT_real,-i9bRJWMtTo_00,real_videos/-i9bRJWMtTo_00.mp4,-i9bRJWMtTo,accident_time,6.125,24,3.98326359832636,29.875,119,23.75,3,sideswipe,unique,train,test,Good,day,highway,Arkansas,academic-noncommercial; see paper vs kaggle,True,d3d14d1d8c25d44d100dd04a7ba3283e
roadside,ACCIDENT_real,3taDrOi_n0E_00,real_videos/3taDrOi_n0E_00.mp4,3taDrOi_n0E,accident_time,5.834,47,8.103655550113539,22.459000000000003,182,16.625000000000004,1,rear-end,unique,test,test,Fine,day,highway,Arkansas,academic-noncommercial; see paper vs kaggle,True,51b513dcc8cb7ff24aa047db43ad8f8d
roadside,ACCIDENT_real,LY4ki_2dmwU_00,real_videos/LY4ki_2dmwU_00.mp4,LY4ki_2dmwU,accident_time,9.292,74,12.835511582043653,29.917,384,20.625,4,single,unique,test,test,Very_Poor,night,highway,Arkansas,academic-noncommercial; see paper vs kaggle,True,749348485ccfd3a8e0afdb2174183d47
roadside,ACCIDENT_real,7ORiNi_LtxY_00,real_videos/7ORiNi_LtxY_00.mp4,7ORiNi_LtxY,accident_time,3.792,30,8.011215701982776,29.958,240,26.165999999999997,3,sideswipe,unique,test,test,Good,day,highway,Arkansas,academic-noncommercial; see paper vs kaggle,True,56206c0c1b7d1d25bb17a38c07db7051
roadside,ACCIDENT_real,gbM45Kpz814_00,real_videos/gbM45Kpz814_00.mp4,gbM45Kpz814,accident_time,9.833,78,7.973261386058874,24.833,198,14.999999999999998,4,single,unique,test,test,Poor,night,highway,Arkansas,academic-noncommercial; see paper vs kaggle,True,b6286a69eba4904781ee854f1b9d2483
roadside,ACCIDENT_real,kDvSnh2NmpM_00,real_videos/kDvSnh2NmpM_00.mp4,kDvSnh2NmpM,accident_time,15.167,170,8.64814132001475,29.833,258,14.665999999999999,1,rear-end,unique,test,test,Poor,day,highway,Arkansas,academic-noncommercial; see paper vs kaggle,True,7021b48e8b60fcddc48c9135678b6073
roadside,ACCIDENT_real,Ah1BmOi3V4Q_00,real_videos/Ah1BmOi3V4Q_00.mp4,Ah1BmOi3V4Q,accident_time,9.333,63,7.608369206126739,29.967,228,20.634,1,rear-end,unique,test,test,Poor,day,highway,Arkansas,academic-noncommercial; see paper vs kaggle,True,0b53069af8c7901eaa7ec7cd2f03125c
roadside,ACCIDENT_real,BEZNd0pYy-4_00,real_videos/BEZNd0pYy-4_00.mp4,BEZNd0pYy-4,accident_time,4.166666,33,7.988858116743357,29.916666,239,25.75,1,rear-end,unique,test,test,Fine,day,highway,Arkansas,academic-noncommercial; see paper vs kaggle,True,c8544b1d26f226f74b03a02391e11b07
roadside,ACCIDENT_real,WvBtraA2jsA_00,real_videos/WvBtraA2jsA_00.mp4,WvBtraA2jsA,accident_time,5.733,46,8.0,30.0,240,24.267,1,rear-end,unique,train,test,Good,day,highway,Arkansas,academic-noncommercial; see paper vs kaggle,True,697b95c3fef28bd724ed4610fdf7dfc0
roadside,ACCIDENT_real,Jt65lD9BAPY_00,real_videos/Jt65lD9BAPY_00.mp4,Jt65lD9BAPY,accident_time,2.667,21,7.988768927365712,29.917,239,27.25,1,rear-end,unique,test,test,Good,day,grade_separated_intersection,Arkansas,academic-noncommercial; see paper vs kaggle,True,c27f015621be26007ed6ee48b66b3dad
roadside,ACCIDENT_real,l2iiHvICI2Y_00,real_videos/l2iiHvICI2Y_00.mp4,l2iiHvICI2Y,accident_time,12.375,99,8.0,15.875,127,3.5,1,rear-end,unique,test,test,Fine,day,highway,Arkansas,academic-noncommercial; see paper vs kaggle,True,8cb09fc01eed22f5f626893284d6f999
roadside,ACCIDENT_real,WTz4apKhaQY_00,real_videos/WTz4apKhaQY_00.mp4,WTz4apKhaQY,accident_time,3.75,15,3.9327731092436973,29.75,117,26.0,1,rear-end,unique,test,test,Fine,day,highway,Arkansas,academic-noncommercial; see paper vs kaggle,True,545f31138115fd150b0fb1eead573636
roadside,ACCIDENT_real,pS5SXfuqz-4_00,real_videos/pS5SXfuqz-4_00.mp4,pS5SXfuqz-4,accident_time,8.291667,66,7.948303612945995,25.791667,205,17.5,1,rear-end,unique,test,test,Fine,day,highway,Arkansas,academic-noncommercial; see paper vs kaggle,True,737713bcd59fb2f389ea24f30c9c3957
roadside,ACCIDENT_real,dfEFaPk-2-Y_00,real_videos/dfEFaPk-2-Y_00.mp4,dfEFaPk-2-Y,accident_time,3.125,25,8.017841023734935,18.833,151,15.707999999999998,1,rear-end,unique,test,test,Very_Poor,night,highway,Arkansas,academic-noncommercial; see paper vs kaggle,True,d8e8f3ee9e44dae779eece641565bcf7
roadside,ACCIDENT_real,24IyPsinbH8_00,real_videos/24IyPsinbH8_00.mp4,24IyPsinbH8,accident_time,7.958333,63,7.977746959418603,29.958333,239,22.0,4,single,unique,train,test,Good,day,highway,Arkansas,academic-noncommercial; see paper vs kaggle,True,eff0a781daba4dd445edc8dcdf02a771
roadside,ACCIDENT_real,9VTtD6Sw6N4_00,real_videos/9VTtD6Sw6N4_00.mp4,9VTtD6Sw6N4,accident_time,22.25,178,8.0,30.0,240,7.75,4,single,unique,test,test,Poor,night,highway,Arkansas,academic-noncommercial; see paper vs kaggle,True,5de17d51e56aa4e08522ef8c08322624
roadside,ACCIDENT_real,xSMybsal-zs_00,real_videos/xSMybsal-zs_00.mp4,xSMybsal-zs,accident_time,4.5,35,7.901234567901234,10.125,80,5.625,4,single,unique,train,test,Good,day,highway,Arkansas,academic-noncommercial; see paper vs kaggle,True,6669586476fbbb8c4c3c5336142c5599
roadside,ACCIDENT_real,-dmYsQc-odI_00,real_videos/-dmYsQc-odI_00.mp4,-dmYsQc-odI,accident_time,5.75,45,8.044506348200349,29.958333,241,24.208333,1,rear-end,unique,train,test,Good,day,highway,Arkansas,academic-noncommercial; see paper vs kaggle,True,152889bef89d29fa6713f61fcc410b4e
roadside,ACCIDENT_real,Z_GJQ1KrRJw_00,real_videos/Z_GJQ1KrRJw_00.mp4,Z_GJQ1KrRJw,accident_time,16.5,99,6.000067039855194,29.833,179,13.332999999999998,1,rear-end,unique,train,test,Fine,night,highway,Arkansas,academic-noncommercial; see paper vs kaggle,True,75933e6474e53aca448351ea997bcc2e
roadside,ACCIDENT_real,a5_Q39h5LM4_00,real_videos/a5_Q39h5LM4_00.mp4,a5_Q39h5LM4,accident_time,5.208,65,12.095543345543346,26.208,317,21.0,4,single,unique,test,test,Poor,day,grade_separated_intersection,Arkansas,academic-noncommercial; see paper vs kaggle,True,96c1772970f2ec8bbb9813f76e50b6d4
roadside,ACCIDENT_real,OIbLSlLL47A_00,real_videos/OIbLSlLL47A_00.mp4,OIbLSlLL47A,accident_time,4.25,34,8.03347280334728,29.875,240,25.625,4,single,unique,test,test,Poor,night,highway,Arkansas,academic-noncommercial; see paper vs kaggle,True,9d4e1f0803b24b8cbcc4678dd710cae3
roadside,ACCIDENT_real,AEzHgZ0xjlk_00,real_videos/AEzHgZ0xjlk_00.mp4,AEzHgZ0xjlk,accident_time,13.125,97,7.7322175732217575,29.875,231,16.75,4,single,unique,dev,test,Fine,day,highway,Arkansas,academic-noncommercial; see paper vs kaggle,True,fc5a36b3f19ca3cdb75262ca3dd7b121
roadside,ACCIDENT_real,Czp_f_DrRB8_00,real_videos/Czp_f_DrRB8_00.mp4,Czp_f_DrRB8,accident_time,10.916666,87,7.988858116743357,29.916666,239,19.0,3,sideswipe,unique,test,test,Good,day,highway,Arkansas,academic-noncommercial; see paper vs kaggle,True,22f8b56eda4b7834aaf716d77130f76b
roadside,ACCIDENT_real,H6FXwjTkWYI_00,real_videos/H6FXwjTkWYI_00.mp4,H6FXwjTkWYI,accident_time,8.083333,64,8.03285407748905,20.291667,163,12.208334,4,single,unique,dev,test,Good,day,highway,Arkansas,academic-noncommercial; see paper vs kaggle,True,bdd0969521cd054cac641336fd0d93f0
roadside,ACCIDENT_real,XSgpMS9s9B8_00,real_videos/XSgpMS9s9B8_00.mp4,XSgpMS9s9B8,accident_time,2.7,40,14.915138007886165,5.833,87,3.133,4,single,unique,test,test,Poor,night,highway,Arkansas,academic-noncommercial; see paper vs kaggle,True,ce267b1e11be1aeb6f61ee5a29e8d131
roadside,ACCIDENT_real,XSgpMS9s9B8_01,real_videos/XSgpMS9s9B8_01.mp4,XSgpMS9s9B8,accident_time,1.867,28,14.368042946238257,25.334,364,23.467,4,single,unique,test,test,Poor,night,highway,Arkansas,academic-noncommercial; see paper vs kaggle,True,f64197c0a07e178007c9a6d5f67a95b9
roadside,ACCIDENT_real,bCQ6OCJYKw0_00,real_videos/bCQ6OCJYKw0_00.mp4,bCQ6OCJYKw0,accident_time,1.2339999999999995,10,20.174094967684088,26.767,540,25.533,4,single,unique,test,test,Poor,night,grade_separated_intersection,Arkansas,academic-noncommercial; see paper vs kaggle,True,a8f66e3207ea9ae4f0c7856807c812f8
roadside,ACCIDENT_real,T4luKRj7Mhg_00,real_videos/T4luKRj7Mhg_00.mp4,T4luKRj7Mhg,accident_time,4.0,32,8.002338582964885,27.367,219,23.367,4,single,unique,train,test,Fine,day,highway,Arkansas,academic-noncommercial; see paper vs kaggle,True,b774ec7ea35fcad76c8eee7ad1963f9a
roadside,ACCIDENT_real,04O2SOGSG_U_00,real_videos/04O2SOGSG_U_00.mp4,04O2SOGSG_U,accident_time,2.167,17,7.9455164585698075,6.167,49,4.0,1,rear-end,unique,test,test,Good,day,highway,Arkansas,academic-noncommercial; see paper vs kaggle,True,1aaf4470e5c28abb84e60a16a768c795
roadside,ACCIDENT_real,0BHjx8wX7pc_00,real_videos/0BHjx8wX7pc_00.mp4,0BHjx8wX7pc,accident_time,8.375,67,7.832635983263598,29.875,234,21.5,4,single,unique,test,test,Very_Poor,night,highway,Arkansas,academic-noncommercial; see paper vs kaggle,True,72c45ecd96f484fea8fcb19c2a7c34f4
roadside,ACCIDENT_real,sl2h_VexIkA_00,real_videos/sl2h_VexIkA_00.mp4,sl2h_VexIkA,accident_time,4.583333,32,7.076495210865037,29.958333,212,25.375,3,sideswipe,unique,test,test,Good,day,grade_separated_intersection,Arkansas,academic-noncommercial; see paper vs kaggle,True,d9e32fc5549539e7ea417dd91128ec15
roadside,ACCIDENT_real,uPwNRl6V9i8_00,real_videos/uPwNRl6V9i8_00.mp4,uPwNRl6V9i8,accident_time,5.167,31,6.000067039855194,29.833,179,24.665999999999997,4,single,unique,train,test,Fine,night,highway,Arkansas,academic-noncommercial; see paper vs kaggle,True,8140b44d3c7684e8d17beb1dd38a12a7
roadside,ACCIDENT_real,IcHtsAFIRjk_00,real_videos/IcHtsAFIRjk_00.mp4,IcHtsAFIRjk,accident_time,9.125,45,4.959284883364967,16.333,81,7.207999999999998,4,single,unique,test,test,Very_Poor,night,highway,Arkansas,academic-noncommercial; see paper vs kaggle,True,635187683dc71418e5e3dce5b6ec1f5a
roadside,ACCIDENT_real,5lfIORCL5FA_00,real_videos/5lfIORCL5FA_00.mp4,5lfIORCL5FA,accident_time,6.333333,44,7.02928870292887,29.875,210,23.541667,1,rear-end,unique,test,test,Good,day,highway,Arkansas,academic-noncommercial; see paper vs kaggle,True,00b2c49c12dfc0c77f0aab775210193d
roadside,ACCIDENT_real,7EqwXtQkP1I_00,real_videos/7EqwXtQkP1I_00.mp4,7EqwXtQkP1I,accident_time,4.333,34,7.988768927365712,29.917,239,25.584000000000003,4,single,unique,test,test,Fine,day,highway,Arkansas,academic-noncommercial; see paper vs kaggle,True,99e371bdedb2ca0cb638929d37aad5bb
roadside,ACCIDENT_real,n0pXXp0cWWw_00,real_videos/n0pXXp0cWWw_00.mp4,n0pXXp0cWWw,accident_time,1.792,14,7.977835636557848,29.958,239,28.165999999999997,4,single,unique,test,test,Fine,day,highway,Arkansas,academic-noncommercial; see paper vs kaggle,True,ba8cb9c1d9237505d32f270d73e73d4f
roadside,ACCIDENT_real,KMUWUj13hFw_00,real_videos/KMUWUj13hFw_00.mp4,KMUWUj13hFw,accident_time,6.0,47,7.665271966527197,29.875,229,23.875,4,single,unique,test,test,Poor,day,highway,Arkansas,academic-noncommercial; see paper vs kaggle,True,6523043eea5aea86e2ffdb009dc653c9
roadside,ACCIDENT_real,8s8en2EJPzg_00,real_videos/8s8en2EJPzg_00.mp4,8s8en2EJPzg,accident_time,7.791666,62,7.977746959418603,29.958333,239,22.166667,4,single,unique,test,test,Poor,day,highway,Arkansas,academic-noncommercial; see paper vs kaggle,True,27eaca7e5a9fb32cf3cb0332b62710ef
roadside,ACCIDENT_real,5Vhz1P2k8Ds_00,real_videos/5Vhz1P2k8Ds_00.mp4,5Vhz1P2k8Ds,accident_time,14.292,114,11.833333333333334,30.0,355,15.708,4,single,unique,test,test,Very_Poor,night,highway,Arkansas,academic-noncommercial; see paper vs kaggle,True,ee0b385fb27cf2141e1d7658763aa53b
roadside,ACCIDENT_real,M1ooGq00a4w_00,real_videos/M1ooGq00a4w_00.mp4,M1ooGq00a4w,accident_time,8.625,69,7.988768927365712,29.917,239,21.292,4,single,unique,test,test,Fine,day,highway,Arkansas,academic-noncommercial; see paper vs kaggle,True,bcd17828851f545a9118df8e5bf0ed66
roadside,ACCIDENT_real,r30SzXochSk_00,real_videos/r30SzXochSk_00.mp4,r30SzXochSk,accident_time,9.958,59,6.008411776487082,29.958,180,20.0,4,single,unique,train,test,Fine,night,highway,Arkansas,academic-noncommercial; see paper vs kaggle,True,767b274463349745f45b2fe6cfc43aa5
roadside,ACCIDENT_real,G84adP8TOLw_00,real_videos/G84adP8TOLw_00.mp4,G84adP8TOLw,accident_time,6.083,48,7.977835636557848,29.958,239,23.875,4,single,unique,test,test,Good,day,highway,Arkansas,academic-noncommercial; see paper vs kaggle,True,02e7837ed901dee70cf573b4ae20cc13
roadside,ACCIDENT_real,oXMCX36zERc_00,real_videos/oXMCX36zERc_00.mp4,oXMCX36zERc,accident_time,9.765999999999998,78,8.0,27.0,216,17.234,4,single,unique,train,test,Fine,day,highway,Arkansas,academic-noncommercial; see paper vs kaggle,True,2f23e3df0cc23bfd07d731f692520c66
roadside,ACCIDENT_real,2wUrP2wgXhs_00,real_videos/2wUrP2wgXhs_00.mp4,2wUrP2wgXhs,accident_time,7.8,62,7.958980638249024,13.067,104,5.267,3,sideswipe,unique,test,test,Poor,day,highway,Arkansas,academic-noncommercial; see paper vs kaggle,True,7b232ed35d5ce475f139e98f100c3f3e
roadside,ACCIDENT_real,5K9ZZNwt9Fw_00,real_videos/5K9ZZNwt9Fw_00.mp4,5K9ZZNwt9Fw,accident_time,7.367,58,7.975439650281977,29.967,239,22.599999999999998,4,single,unique,test,test,Fine,night,highway,Arkansas,academic-noncommercial; see paper vs kaggle,True,505d772d7be66bbe69bdec47018fa9d4
roadside,ACCIDENT_real,i3WeiV3H_aQ_00,real_videos/i3WeiV3H_aQ_00.mp4,i3WeiV3H_aQ,accident_time,4.667,37,7.993311036789298,29.9,239,25.232999999999997,4,single,unique,test,test,Poor,night,highway,Arkansas,academic-noncommercial; see paper vs kaggle,True,da1f711ed2ecb0b7553da790389073c9
roadside,ACCIDENT_real,aPXUOJ6X43E_00,real_videos/aPXUOJ6X43E_00.mp4,aPXUOJ6X43E,accident_time,4.708,37,10.775862068965518,10.208,110,5.5,4,single,unique,train,test,Fine,night,highway,Arkansas,academic-noncommercial; see paper vs kaggle,True,29e98ceb3422268b2007836292530ea2
roadside,ACCIDENT_real,KIAzlkbMog4_00,real_videos/KIAzlkbMog4_00.mp4,KIAzlkbMog4,accident_time,8.083,48,12.751184992322585,29.958,382,21.875,1,rear-end,unique,test,test,Poor,night,highway,Arkansas,academic-noncommercial; see paper vs kaggle,True,a0670ffa4bf31d5c5e762e48a5570674
roadside,ACCIDENT_real,o45cTuevkJ8_00,real_videos/o45cTuevkJ8_00.mp4,o45cTuevkJ8,accident_time,2.833,23,8.11135589825756,29.958,243,27.125,4,single,unique,train,test,Fine,day,highway,Arkansas,academic-noncommercial; see paper vs kaggle,True,de94a23d47c8963f1a0bbde7ccdb96bd
roadside,ACCIDENT_real,a9U54ImNK2M_00,real_videos/a9U54ImNK2M_00.mp4,a9U54ImNK2M,accident_time,5.625,33,5.972850678733032,27.625,165,22.0,4,single,unique,test,test,Good,day,highway,Arkansas,academic-noncommercial; see paper vs kaggle,True,ea94daa16a0bc705a6c4f11602cf3e97
roadside,ACCIDENT_real,oPdIw4WJ6ZU_00,real_videos/oPdIw4WJ6ZU_00.mp4,oPdIw4WJ6ZU,accident_time,6.5,51,7.9,10.0,79,3.5,3,sideswipe,unique,test,test,Fine,night,highway,Arkansas,academic-noncommercial; see paper vs kaggle,True,3e1d170d260cf25333c8db6ab33e027e
roadside,ACCIDENT_real,91DHD6SEyVU_00,real_videos/91DHD6SEyVU_00.mp4,91DHD6SEyVU,accident_time,3.375,27,7.698744769874477,29.875,230,26.5,4,single,unique,test,test,Very_Poor,night,highway,Arkansas,academic-noncommercial; see paper vs kaggle,True,5acd9e6e6472ae16d590764060881f59
roadside,ACCIDENT_real,kOOstkWDxz0_00,real_videos/kOOstkWDxz0_00.mp4,kOOstkWDxz0,accident_time,8.917,69,7.754788247484707,29.917,232,21.0,4,single,unique,dev,test,Fine,night,highway,Arkansas,academic-noncommercial; see paper vs kaggle,True,fe8cd502098333ef6a32d69ec7e0952e
roadside,ACCIDENT_real,mEQxozTl1S4_00,real_videos/mEQxozTl1S4_00.mp4,mEQxozTl1S4,accident_time,3.266,26,8.042289793520988,22.133,178,18.866999999999997,1,rear-end,unique,test,test,Fine,day,grade_separated_intersection,Arkansas,academic-noncommercial; see paper vs kaggle,True,3c6c78688de60897c6335d7fb5b1d6c1
roadside,ACCIDENT_real,mlv_VGdtang_00,real_videos/mlv_VGdtang_00.mp4,mlv_VGdtang,accident_time,12.133,96,7.983533961205014,16.033,128,3.900000000000002,4,single,unique,train,test,Fine,day,highway,Arkansas,academic-noncommercial; see paper vs kaggle,True,6cde1c57ccfdbc7a66945c34b8d818c9
roadside,ACCIDENT_real,UrmfisD-cpk_00,real_videos/UrmfisD-cpk_00.mp4,UrmfisD-cpk,accident_time,8.25,65,7.96652719665272,29.875,238,21.625,1,rear-end,unique,test,test,Good,day,highway,Arkansas,academic-noncommercial; see paper vs kaggle,True,5a0b6125538fc08c2e7fb78a6242e0a2
roadside,ACCIDENT_real,g59nWt3t9ZM_00,real_videos/g59nWt3t9ZM_00.mp4,g59nWt3t9ZM,accident_time,2.25,13,5.929412043737037,7.083333,42,4.833333,4,single,unique,train,test,Good,day,highway,Arkansas,academic-noncommercial; see paper vs kaggle,True,dcfa524a2185891262b2097839123f45
roadside,ACCIDENT_real,8i0FSER7SuE_00,real_videos/8i0FSER7SuE_00.mp4,8i0FSER7SuE,accident_time,3.417,27,7.988768927365712,29.917,239,26.5,0,head-on,unique,test,test,Poor,night,highway,Arkansas,academic-noncommercial; see paper vs kaggle,True,4f88eb53ae19e00996c22eba9f25120b
roadside,ACCIDENT_real,LMr2EuxQ1IY_00,real_videos/LMr2EuxQ1IY_00.mp4,LMr2EuxQ1IY,accident_time,10.208,80,16.25609186194005,29.958,487,19.75,4,single,unique,test,test,Very_Poor,night,highway,Arkansas,academic-noncommercial; see paper vs kaggle,True,e59450d3dcf49f0372ad934c878d01ee
roadside,ACCIDENT_real,HxxaCH818LI_00,real_videos/HxxaCH818LI_00.mp4,HxxaCH818LI,accident_time,5.867,46,7.975439650281977,29.967,239,24.099999999999998,4,single,unique,dev,test,Fine,day,highway,Arkansas,academic-noncommercial; see paper vs kaggle,True,7c8cb3c91e7bebac43eb9e72cc11f8eb
roadside,ACCIDENT_real,SUK79gpopL0_00,real_videos/SUK79gpopL0_00.mp4,SUK79gpopL0,accident_time,27.179,217,7.984031936127745,30.06,240,2.8810000000000002,4,single,unique,test,test,Fine,day,highway,Arkansas,academic-noncommercial; see paper vs kaggle,True,1ab43ed37ef062d973d19ea8fe6f4f1f
roadside,ACCIDENT_real,uAmblqScf8Q_00,real_videos/uAmblqScf8Q_00.mp4,uAmblqScf8Q,accident_time,3.708,29,19.360437946458376,29.958,580,26.25,4,single,unique,test,test,Very_Poor,night,highway,Arkansas,academic-noncommercial; see paper vs kaggle,True,47c11e1314f0dee6ad57e0baee8cd8eb
roadside,ACCIDENT_real,7dMxFaTmaBs_00,real_videos/7dMxFaTmaBs_00.mp4,7dMxFaTmaBs,accident_time,6.366,51,8.002954937207585,24.366,195,18.0,2,t-bone,unique,test,test,Poor,night,highway,Arkansas,academic-noncommercial; see paper vs kaggle,True,9eb9d2051852c99113bc9e261f1e98cb
roadside,ACCIDENT_real,LZY4HepPGu0_00,real_videos/LZY4HepPGu0_00.mp4,LZY4HepPGu0,accident_time,4.833333,38,9.146036263099152,29.958333,274,25.125,4,single,unique,test,test,Good,day,highway,Arkansas,academic-noncommercial; see paper vs kaggle,True,040720e3445e9658f45d06dc917cec74
roadside,ACCIDENT_real,adNfN1i5mXs_00,real_videos/adNfN1i5mXs_00.mp4,adNfN1i5mXs,accident_time,6.033,48,7.981651376146789,10.9,87,4.867,3,sideswipe,unique,test,test,Fine,day,highway,Arkansas,academic-noncommercial; see paper vs kaggle,True,462f0d8affa818c827c257553e310c92
roadside,ACCIDENT_real,3N9sKQIYMy4_00,real_videos/3N9sKQIYMy4_00.mp4,3N9sKQIYMy4,accident_time,5.25,42,8.0,14.25,114,9.0,4,single,unique,test,test,Fine,day,highway,Arkansas,academic-noncommercial; see paper vs kaggle,True,74eaf3d06d2cc7096078c673a9b21693
roadside,ACCIDENT_real,yxdh-n8LgyY_00,real_videos/yxdh-n8LgyY_00.mp4,yxdh-n8LgyY,accident_time,4.458,35,8.011215701982776,29.958,240,25.5,4,single,unique,dev,test,Fine,day,highway,Arkansas,academic-noncommercial; see paper vs kaggle,True,0de305a6db4915794976508006eb7d87
roadside,ACCIDENT_real,LmWvBPSBxNE_00,real_videos/LmWvBPSBxNE_00.mp4,LmWvBPSBxNE,accident_time,4.042,20,4.994469211946503,29.833,149,25.790999999999997,4,single,unique,train,test,Fine,day,highway,Arkansas,academic-noncommercial; see paper vs kaggle,True,6db9e1bfaa2cbf42d80fe922c54a89a2
roadside,ACCIDENT_real,SFQKAmwf-3g_00,real_videos/SFQKAmwf-3g_00.mp4,SFQKAmwf-3g,accident_time,5.708333,34,5.99163179916318,29.875,179,24.166667,4,single,unique,test,test,Excellent,day,highway,Arkansas,academic-noncommercial; see paper vs kaggle,True,7cf3b3658b3ce34c5daab45669d54fd1
roadside,ACCIDENT_real,ITahkTaWzyQ_00,real_videos/ITahkTaWzyQ_00.mp4,ITahkTaWzyQ,accident_time,5.792,46,17.624674544362108,29.958,528,24.165999999999997,3,sideswipe,unique,test,test,Poor,day,highway,Arkansas,academic-noncommercial; see paper vs kaggle,True,a06a32a65a04bd5ac74302d0d333a5ec
roadside,ACCIDENT_real,XBOz63PuSvE_00,real_videos/XBOz63PuSvE_00.mp4,XBOz63PuSvE,accident_time,7.916666,63,7.988858116743357,29.916666,239,22.0,4,single,unique,test,test,Good,day,highway,Arkansas,academic-noncommercial; see paper vs kaggle,True,f3d3a806030d975b03c7c5c729273b5c
roadside,ACCIDENT_real,xrQ3mx08clM_00,real_videos/xrQ3mx08clM_00.mp4,xrQ3mx08clM,accident_time,5.875,47,14.1,30.0,423,24.125,4,single,unique,test,test,Poor,night,highway,Arkansas,academic-noncommercial; see paper vs kaggle,True,ce1eb3a80287c50555160e0a402aafd1
roadside,ACCIDENT_real,MA3KBCQu9eY_00,real_videos/MA3KBCQu9eY_00.mp4,MA3KBCQu9eY,accident_time,14.233,113,7.966666666666667,30.0,239,15.767,4,single,unique,dev,test,Fine,day,highway,Arkansas,academic-noncommercial; see paper vs kaggle,True,33f1d926afc7770be196c8ceaac48e88
roadside,ACCIDENT_real,9K5XWxsJleU_00,real_videos/9K5XWxsJleU_00.mp4,9K5XWxsJleU,accident_time,8.041666,64,7.988858116743357,29.916666,239,21.875,4,single,unique,test,test,Good,day,highway,Arkansas,academic-noncommercial; see paper vs kaggle,True,c88abe9dc496d20bb54424495b6235f3
roadside,ACCIDENT_real,6nM9m2VkeYk_00,real_videos/6nM9m2VkeYk_00.mp4,6nM9m2VkeYk,accident_time,6.708333,53,7.905882352941177,10.625,84,3.9166670000000003,4,single,unique,test,test,Good,day,highway,Arkansas,academic-noncommercial; see paper vs kaggle,True,a6a7d44789a2ddd886afd51188e66c81
roadside,ACCIDENT_real,4EJgJ6IcI9E_00,real_videos/4EJgJ6IcI9E_00.mp4,4EJgJ6IcI9E,accident_time,6.458,52,10.648240870552106,29.958,319,23.5,4,single,unique,test,test,Fine,day,highway,Arkansas,academic-noncommercial; see paper vs kaggle,True,51d0ef2ee9435320ce1d68e31d32a6f2
roadside,ACCIDENT_real,X-S19mWQG9s_00,real_videos/X-S19mWQG9s_00.mp4,X-S19mWQG9s,accident_time,0.9160000000000004,8,8.050089445438282,6.708,54,5.792,4,single,unique,test,test,Fine,day,grade_separated_intersection,Arkansas,academic-noncommercial; see paper vs kaggle,True,d104c16b1eb2c982a284684fe42d72b9
roadside,ACCIDENT_real,nGHp5y9P0Ic_00,real_videos/nGHp5y9P0Ic_00.mp4,nGHp5y9P0Ic,accident_time,4.125,32,10.815141197676748,29.958,324,25.833,4,single,unique,test,test,Fine,day,highway,Arkansas,academic-noncommercial; see paper vs kaggle,True,abfc752b8ee612467251b43b9e5b999b
roadside,ACCIDENT_real,9u2VbfYpcBw_00,real_videos/9u2VbfYpcBw_00.mp4,9u2VbfYpcBw,accident_time,3.542,28,8.566666666666666,30.0,257,26.458,4,single,unique,test,test,Fine,day,highway,Arkansas,academic-noncommercial; see paper vs kaggle,True,b2c8a331df30ee57e48d7ffe46d7a737
roadside,ACCIDENT_real,og42C5ewnRY_00,real_videos/og42C5ewnRY_00.mp4,og42C5ewnRY,accident_time,10.067,80,7.975439650281977,29.967,239,19.9,4,single,unique,test,test,Poor,night,highway,Tennessee,academic-noncommercial; see paper vs kaggle,True,74ed9d50e5630c073a145289b3cb2ec7
roadside,ACCIDENT_real,Yllfxm5QxVE_00,real_videos/Yllfxm5QxVE_00.mp4,Yllfxm5QxVE,accident_time,7.6,49,7.6,30.0,228,22.4,4,single,unique,train,test,Fine,day,highway,Arkansas,academic-noncommercial; see paper vs kaggle,True,333e06564a30b785a029ec7c1d029ffd
roadside,ACCIDENT_real,RBriQvW6fa4_00,real_videos/RBriQvW6fa4_00.mp4,RBriQvW6fa4,accident_time,7.542,60,7.977835636557848,29.958,239,22.415999999999997,4,single,unique,test,test,Poor,night,grade_separated_intersection,Arkansas,academic-noncommercial; see paper vs kaggle,True,ddd9d91a15ca55c48b4fb98978881c5b
roadside,ACCIDENT_real,p7GtPUgji9w_00,real_videos/p7GtPUgji9w_00.mp4,p7GtPUgji9w,accident_time,2.958,23,7.977835636557848,29.958,239,27.0,4,single,unique,test,test,Fine,day,grade_separated_intersection,Arkansas,academic-noncommercial; see paper vs kaggle,True,24a1ee22a4bf1dc0d74c6643a574a74f
roadside,ACCIDENT_real,1AfecaLCueU_00,real_videos/1AfecaLCueU_00.mp4,1AfecaLCueU,accident_time,12.0,95,7.733333333333333,30.0,232,18.0,4,single,unique,test,test,Poor,night,highway,Arkansas,academic-noncommercial; see paper vs kaggle,True,c2eea0a53c1b5d2bf154183204739ec4
roadside,ACCIDENT_real,tB1MoGqqKsA_00,real_videos/tB1MoGqqKsA_00.mp4,tB1MoGqqKsA,accident_time,7.125,57,8.0,29.875,239,22.75,4,single,unique,test,test,Poor,day,highway,Arkansas,academic-noncommercial; see paper vs kaggle,True,f02471ffba8d672881ae38a024e67d35
roadside,ACCIDENT_real,O_WaBEjEV2Y_00,real_videos/O_WaBEjEV2Y_00.mp4,O_WaBEjEV2Y,accident_time,10.5,84,8.0,30.0,240,19.5,4,single,unique,test,test,Good,day,highway,Arkansas,academic-noncommercial; see paper vs kaggle,True,b56701dd1a257ba8e88a5d5f4582febb
roadside,ACCIDENT_real,snZGxCZ7vFM_00,real_videos/snZGxCZ7vFM_00.mp4,snZGxCZ7vFM,accident_time,17.5,128,7.421686746987952,20.75,154,3.25,1,rear-end,unique,test,test,Very_Poor,night,highway,Arkansas,academic-noncommercial; see paper vs kaggle,True,c07e705c69de7a7225f5f22bedf221bb
roadside,ACCIDENT_real,J80rwyEvSlY_00,real_videos/J80rwyEvSlY_00.mp4,J80rwyEvSlY,accident_time,6.533,41,7.733333333333333,30.0,232,23.467,1,rear-end,unique,test,test,Fine,day,highway,Arkansas,academic-noncommercial; see paper vs kaggle,True,9f7baf3733e886f67d981c4a170ac81d
roadside,ACCIDENT_real,vbIXlHZnRo4_00,real_videos/vbIXlHZnRo4_00.mp4,vbIXlHZnRo4,accident_time,8.267,65,7.966666666666667,30.0,239,21.733,4,single,unique,test,test,Good,day,highway,Arkansas,academic-noncommercial; see paper vs kaggle,True,869e3abc47eb6e3eff1663f01faf74a7
roadside,ACCIDENT_real,YigXRe0SDos_00,real_videos/YigXRe0SDos_00.mp4,YigXRe0SDos,accident_time,8.633,68,7.91765637371338,11.367,90,2.7340000000000018,2,t-bone,unique,test,test,Fine,day,highway,Arkansas,academic-noncommercial; see paper vs kaggle,True,b0ef1d5b07b48c8ebc76918ccbebeb12
roadside,ACCIDENT_real,8h2Xq-MfXPE_00,real_videos/8h2Xq-MfXPE_00.mp4,8h2Xq-MfXPE,accident_time,14.967,119,7.973421926910299,30.1,240,15.133000000000001,4,single,unique,test,test,Very_Poor,night,highway,Arkansas,academic-noncommercial; see paper vs kaggle,True,0e305d85da5d8941c9e745acff6e922a
roadside,ACCIDENT_real,KQ1M-32l-E0_00,real_videos/KQ1M-32l-E0_00.mp4,KQ1M-32l-E0,accident_time,2.0416659999999993,17,8.621360562541447,4.291665999999999,37,2.25,1,rear-end,unique,test,test,Fine,day,highway,Arkansas,academic-noncommercial; see paper vs kaggle,True,e65ccb5481636ddc92da6a0bc2632495
roadside,ACCIDENT_real,NpV7pI8k-SQ_00,real_videos/NpV7pI8k-SQ_00.mp4,NpV7pI8k-SQ,accident_time,5.2,41,7.984498713794141,29.933,239,24.733,4,single,unique,test,test,Fine,day,highway,Arkansas,academic-noncommercial; see paper vs kaggle,True,ad26e06104ba2a7bbadc5e4ce74ef725
roadside,ACCIDENT_real,2xyiKlvOZUQ_00,real_videos/2xyiKlvOZUQ_00.mp4,2xyiKlvOZUQ,accident_time,2.542,20,8.0,29.875,239,27.333,4,single,unique,test,test,Poor,day,highway,Arkansas,academic-noncommercial; see paper vs kaggle,True,53e5282dd829d90d4474b8ab6dd3716c
roadside,ACCIDENT_real,WA6hL9bRnNs_00,real_videos/WA6hL9bRnNs_00.mp4,WA6hL9bRnNs,accident_time,9.125,73,8.0,9.125,73,0.0,4,single,unique,test,test,Good,day,highway,Arkansas,academic-noncommercial; see paper vs kaggle,True,abee18b8a9ec7c1f824a825d8e8baa23
roadside,ACCIDENT_real,YwqAnRgRntg_00,real_videos/YwqAnRgRntg_00.mp4,YwqAnRgRntg,accident_time,7.333333,58,10.723404711634243,15.666666,168,8.333333,4,single,unique,test,test,Fine,night,highway,Arkansas,academic-noncommercial; see paper vs kaggle,True,5d118753f7c8625c3134835605667dda
roadside,ACCIDENT_real,6RZ_i-xao0s_00,real_videos/6RZ_i-xao0s_00.mp4,6RZ_i-xao0s,accident_time,13.042,245,14.907911889561118,29.917,446,16.875,4,single,unique,test,test,Very_Poor,night,highway,Arkansas,academic-noncommercial; see paper vs kaggle,True,3366a2cc55a4196d1b1ae55c7175e295
roadside,ACCIDENT_real,4tOmPxnuANw_00,real_videos/4tOmPxnuANw_00.mp4,4tOmPxnuANw,accident_time,4.0,32,7.997453547129273,25.133,201,21.133,2,t-bone,unique,test,test,Poor,day,grade_separated_intersection,Arkansas,academic-noncommercial; see paper vs kaggle,True,d8de38a108449fa6c8d7245aa2aa10f6
roadside,ACCIDENT_real,hs-_vD6T78s_00,real_videos/hs-_vD6T78s_00.mp4,hs-_vD6T78s,accident_time,19.583,155,7.933054393305439,29.875,237,10.292000000000002,4,single,unique,test,test,Very_Poor,day,highway,Arkansas,academic-noncommercial; see paper vs kaggle,True,551aca11127951fcab50f3a40b0e6acb
roadside,ACCIDENT_real,m8HHbAqyx8g_00,real_videos/m8HHbAqyx8g_00.mp4,m8HHbAqyx8g,accident_time,11.083,55,4.98044590032423,29.917,149,18.834000000000003,4,single,unique,test,test,Poor,night,highway,Arkansas,academic-noncommercial; see paper vs kaggle,True,dd0109af95aed5ed2a6919f77243fea1
roadside,ACCIDENT_real,CD0ra7MBJJc_00,real_videos/CD0ra7MBJJc_00.mp4,CD0ra7MBJJc,accident_time,4.875,39,8.0,9.0,72,4.125,4,single,unique,test,test,Fine,day,highway,Arkansas,academic-noncommercial; see paper vs kaggle,True,99566dd6fa304bf77cb7c8b7c40925a3
roadside,ACCIDENT_real,wqYFt0bcNrA_00,real_videos/wqYFt0bcNrA_00.mp4,wqYFt0bcNrA,accident_time,3.0,24,8.08913667051001,29.916666,242,26.916666,3,sideswipe,unique,test,test,Good,day,highway,Arkansas,academic-noncommercial; see paper vs kaggle,True,cb3421080ed3583de76728372bd7c4cc
roadside,ACCIDENT_real,l6WnoOecA9s_00,real_videos/l6WnoOecA9s_00.mp4,l6WnoOecA9s,accident_time,2.292,9,3.994360902255639,29.792,119,27.5,3,sideswipe,unique,test,test,Good,day,highway,Arkansas,academic-noncommercial; see paper vs kaggle,True,7666642e111ad9282a7609d7a54b3fef
roadside,ACCIDENT_real,TizK5BENdVg_00,real_videos/TizK5BENdVg_00.mp4,TizK5BENdVg,accident_time,4.625,27,5.975031711062154,29.958,179,25.333,4,single,unique,test,test,Good,day,highway,Arkansas,academic-noncommercial; see paper vs kaggle,True,27bffda5008cc91099662b0a02cc3cdc
roadside,ACCIDENT_real,uiZD8Fw0SGc_00,real_videos/uiZD8Fw0SGc_00.mp4,uiZD8Fw0SGc,accident_time,9.125,72,11.449362440750384,29.958,343,20.833,4,single,unique,test,test,Fine,day,highway,Arkansas,academic-noncommercial; see paper vs kaggle,True,1dac4360c1d2373283e87e31a43e558f
roadside,ACCIDENT_real,XaN99SF-mAo_00,real_videos/XaN99SF-mAo_00.mp4,XaN99SF-mAo,accident_time,5.5,43,7.966666666666667,30.0,239,24.5,4,single,unique,test,test,Very_Poor,night,highway,Arkansas,academic-noncommercial; see paper vs kaggle,True,79c292e8ab4fda0e60c57eebd3f89b6e
roadside,ACCIDENT_real,rivjQ5XnuIg_00,real_videos/rivjQ5XnuIg_00.mp4,rivjQ5XnuIg,accident_time,8.792,71,8.055620550188856,29.917,241,21.125,2,t-bone,unique,test,test,Fine,day,highway,Arkansas,academic-noncommercial; see paper vs kaggle,True,e1d9f5eacc95d83b531e1e5a54203a3f
roadside,ACCIDENT_real,vVeLx1IopnM_00,real_videos/vVeLx1IopnM_00.mp4,vVeLx1IopnM,accident_time,6.867,55,8.915662650602409,16.6,148,9.733,1,rear-end,unique,test,test,Fine,day,highway,Arkansas,academic-noncommercial; see paper vs kaggle,True,962296b97b45f23a7f1bee23f607fe06
roadside,ACCIDENT_real,17u3l3wxfFI_00,real_videos/17u3l3wxfFI_00.mp4,17u3l3wxfFI,accident_time,3.3,26,8.017906658203321,29.933,240,26.633,3,sideswipe,unique,test,test,Poor,night,highway,Arkansas,academic-noncommercial; see paper vs kaggle,True,809020164847c648de06c48d4794b14a
roadside,ACCIDENT_real,KxlGte5pVZs_00,real_videos/KxlGte5pVZs_00.mp4,KxlGte5pVZs,accident_time,12.0,97,8.047153495923482,28.333,228,16.333,4,single,unique,test,test,Good,day,highway,Arkansas,academic-noncommercial; see paper vs kaggle,True,797d4044205798d941f300f49dce80a7
roadside,ACCIDENT_real,JeUAtNDJk9A_00,real_videos/JeUAtNDJk9A_00.mp4,JeUAtNDJk9A,accident_time,3.208333,25,13.576643128563104,11.416666,155,8.208333,4,single,unique,test,test,Good,day,highway,Arkansas,academic-noncommercial; see paper vs kaggle,True,f6113a2f47aef6e421962630749742e2
roadside,ACCIDENT_real,4ZGq9c3FKlE_00,real_videos/4ZGq9c3FKlE_00.mp4,4ZGq9c3FKlE,accident_time,3.933,97,24.87035075001394,17.933,446,14.0,2,t-bone,unique,test,train,Fine,night,signalized_intersection,World,academic-noncommercial; see paper vs kaggle,True,fbf5a265d497bafb8ef97fda44398cea
roadside,ACCIDENT_real,8asB-NXAPSc_00,real_videos/8asB-NXAPSc_00.mp4,8asB-NXAPSc,accident_time,1.3499999999999996,30,22.19507228670332,14.733,327,13.383000000000001,2,t-bone,unique,test,train,Fine,night,signalized_intersection,World,academic-noncommercial; see paper vs kaggle,True,933a60b862715e5c8839e987b2dc1ee9
roadside,ACCIDENT_real,VpSREWsYWgY_00,real_videos/VpSREWsYWgY_00.mp4,VpSREWsYWgY,accident_time,6.125,91,14.987649375792778,29.958,449,23.833,3,sideswipe,unique,test,test,Poor,day,highway,Virginia,academic-noncommercial; see paper vs kaggle,True,7d8fa766d55c103a6f0fb6a9d95a1b03
roadside,ACCIDENT_real,SpJiUTZO9Qg_00,real_videos/SpJiUTZO9Qg_00.mp4,SpJiUTZO9Qg,accident_time,4.667,70,14.986376021798366,9.542,143,4.875,2,t-bone,unique,test,test,Fine,day,signalized_intersection,Virginia,academic-noncommercial; see paper vs kaggle,True,6de52fccb3b8110e73380994f2abbe78
roadside,ACCIDENT_real,8XV9oXxTZlI_00,real_videos/8XV9oXxTZlI_00.mp4,8XV9oXxTZlI,accident_time,2.7,40,14.957448637496778,11.633,174,8.933,3,sideswipe,unique,dev,test,Poor,night,highway,Virginia,academic-noncommercial; see paper vs kaggle,True,d69954e8d2d589e4b0d248edfffb7c2a
roadside,ACCIDENT_real,HVAxCUrR_Qc_00,real_videos/HVAxCUrR_Qc_00.mp4,HVAxCUrR_Qc,accident_time,0.875,13,14.956521739130435,2.875,43,2.0,2,t-bone,unique,test,test,Very_Poor,night,signalized_intersection,Virginia,academic-noncommercial; see paper vs kaggle,True,a39a5811fa82e3f339143f6c7e39a1a0
roadside,ACCIDENT_real,HXttLdePt0k_00,real_videos/HXttLdePt0k_00.mp4,HXttLdePt0k,accident_time,4.542,61,14.233766233766234,9.625,137,5.083,4,single,unique,test,test,Very_Poor,night,grade_separated_intersection,Virginia,academic-noncommercial; see paper vs kaggle,True,725c6e3f0fa806097fc0a6d420405959
roadside,ACCIDENT_real,ZDbR2jCDXjM_00,real_videos/ZDbR2jCDXjM_00.mp4,ZDbR2jCDXjM,accident_time,1.458333,22,15.01353401520041,27.708333,416,26.25,4,single,unique,train,test,Poor,night,grade_separated_intersection,Virginia,academic-noncommercial; see paper vs kaggle,True,2b02b3f767fa1512b2c353f964426b09
roadside,ACCIDENT_real,BF5W6-8AkGM_00,real_videos/BF5W6-8AkGM_00.mp4,BF5W6-8AkGM,accident_time,4.416666,53,11.449235176069376,29.958333,343,25.541667,4,single,unique,train,test,Fine,night,highway,Virginia,academic-noncommercial; see paper vs kaggle,True,e40b40bb00d8ac4112bed7012200314c
roadside,ACCIDENT_real,LGanHyFZCBg_00,real_videos/LGanHyFZCBg_00.mp4,LGanHyFZCBg,accident_time,3.875,56,12.820512820512821,9.75,125,5.875,2,t-bone,unique,test,test,Fine,day,signalized_intersection,Virginia,academic-noncommercial; see paper vs kaggle,True,05c51735418fe29c6fd9b062307a6d08
roadside,ACCIDENT_real,-2UPLUV7JLg_00,real_videos/-2UPLUV7JLg_00.mp4,-2UPLUV7JLg,accident_time,6.708,67,9.96089180064846,29.917,298,23.209000000000003,4,single,unique,train,test,Poor,day,highway,Virginia,academic-noncommercial; see paper vs kaggle,True,8995704e12f4c015bee1d7dd8162af34
roadside,ACCIDENT_real,w5gsLw2EF-w_00,real_videos/w5gsLw2EF-w_00.mp4,w5gsLw2EF-w,accident_time,5.666666,84,14.974930695820182,29.916666,448,24.25,3,sideswipe,unique,train,test,Fine,day,highway,Virginia,academic-noncommercial; see paper vs kaggle,True,b89335d6bb8a13161b79c4f6ed5723e5
roadside,ACCIDENT_real,zqhQY3WbRjY_00,real_videos/zqhQY3WbRjY_00.mp4,zqhQY3WbRjY,accident_time,3.875,58,14.987649375792778,29.958,449,26.083,3,sideswipe,unique,test,test,Very_Poor,day,highway,Virginia,academic-noncommercial; see paper vs kaggle,True,dd43be50db33ba762134fa03e6dec1a5
roadside,ACCIDENT_real,7DhAOb5V7_Y_00,real_videos/7DhAOb5V7_Y_00.mp4,7DhAOb5V7_Y,accident_time,4.417,54,9.803921568627452,25.5,250,21.083,2,t-bone,unique,test,test,Very_Poor,night,city_street,Virginia,academic-noncommercial; see paper vs kaggle,True,3286586046cbd85705d16704fa3276c1
roadside,ACCIDENT_real,eQ1QDZ811c0_00,real_videos/eQ1QDZ811c0_00.mp4,eQ1QDZ811c0,accident_time,2.958,43,13.208443043984978,23.167,306,20.209000000000003,0,head-on,unique,test,test,Fine,night,signalized_intersection,Virginia,academic-noncommercial; see paper vs kaggle,True,a9e8f5ec47ea80367a6f07510e6062af
roadside,ACCIDENT_real,W8B8zo8IFPg_00,real_videos/W8B8zo8IFPg_00.mp4,W8B8zo8IFPg,accident_time,4.958333,74,14.286509199293565,29.958333,428,25.0,2,t-bone,unique,test,test,Good,day,signalized_intersection,Virginia,academic-noncommercial; see paper vs kaggle,True,8b2d54304173d3110e9ce36c6e075c1b
roadside,ACCIDENT_real,ufUZKmdTyaM_00,real_videos/ufUZKmdTyaM_00.mp4,ufUZKmdTyaM,accident_time,2.917,43,14.648208359869944,29.833,437,26.915999999999997,0,head-on,unique,test,test,Good,day,signalized_intersection,Virginia,academic-noncommercial; see paper vs kaggle,True,2a91917f70cbcbab91e55bc80742bec7
roadside,ACCIDENT_real,CwynQU9-yhE_00,real_videos/CwynQU9-yhE_00.mp4,CwynQU9-yhE,accident_time,5.458333,82,14.887343698329277,29.958333,446,24.5,2,t-bone,unique,test,test,Good,day,signalized_intersection,Virginia,academic-noncommercial; see paper vs kaggle,True,29dace9235e64c4e138c3430afb92866
roadside,ACCIDENT_real,WroDrfySdmc_00,real_videos/WroDrfySdmc_00.mp4,WroDrfySdmc,accident_time,3.833,57,14.854129114093064,29.958,445,26.125,2,t-bone,unique,test,test,Fine,night,signalized_intersection,Virginia,academic-noncommercial; see paper vs kaggle,True,c23160cc9cc1c012fcce8d875a8ca980
roadside,ACCIDENT_real,yfkkIC-AN68_00,real_videos/yfkkIC-AN68_00.mp4,yfkkIC-AN68,accident_time,5.083,75,14.94133770097269,29.917,447,24.834000000000003,2,t-bone,unique,test,test,Fine,day,signalized_intersection,Virginia,academic-noncommercial; see paper vs kaggle,True,d1d1e01f20c2673e004d9a1c28d564ba
roadside,ACCIDENT_real,nwb6yD8CMaM_00,real_videos/nwb6yD8CMaM_00.mp4,nwb6yD8CMaM,accident_time,7.067,46,5.671140939597315,29.8,169,22.733,0,head-on,unique,test,test,Poor,night,signalized_intersection,Virginia,academic-noncommercial; see paper vs kaggle,True,dee9713d501f73d3033c69cf2d2b9ce0
roadside,ACCIDENT_real,VLYIKXy1gzg_00,real_videos/VLYIKXy1gzg_00.mp4,VLYIKXy1gzg,accident_time,2.458,37,14.75398891781828,29.958,442,27.5,2,t-bone,unique,test,test,Good,day,signalized_intersection,Virginia,academic-noncommercial; see paper vs kaggle,True,896811cf2511bc3b79ef9f0d1b60e171
roadside,ACCIDENT_real,O4eKyRwAKXQ_00,real_videos/O4eKyRwAKXQ_00.mp4,O4eKyRwAKXQ,accident_time,6.458,96,14.94133770097269,29.917,447,23.459000000000003,2,t-bone,unique,test,test,Fine,day,signalized_intersection,Virginia,academic-noncommercial; see paper vs kaggle,True,89815c8c60ac7c44b90c34b38701a722
roadside,ACCIDENT_real,9gEAWXvgLTw_00,real_videos/9gEAWXvgLTw_00.mp4,9gEAWXvgLTw,accident_time,3.125,46,14.92088924494292,29.958,447,26.833,2,t-bone,unique,test,test,Fine,day,signalized_intersection,Virginia,academic-noncommercial; see paper vs kaggle,True,410c8181a106a2fb90de91d8cbe371a1
roadside,ACCIDENT_real,Be6S5ecMGXA_00,real_videos/Be6S5ecMGXA_00.mp4,Be6S5ecMGXA,accident_time,6.292,45,7.0431938046598574,29.958,211,23.665999999999997,2,t-bone,unique,test,test,Poor,day,simple_intersection,Virginia,academic-noncommercial; see paper vs kaggle,True,63c09b26f488c9a0ba20a8d2727d3591
roadside,ACCIDENT_real,aW7LYUp_0ig_00,real_videos/aW7LYUp_0ig_00.mp4,aW7LYUp_0ig,accident_time,2.708,40,13.98624741304493,29.958,419,27.25,2,t-bone,unique,test,test,Very_Poor,night,simple_intersection,Virginia,academic-noncommercial; see paper vs kaggle,True,ed374bd12812a7af54be9fc10f94d1c3
roadside,ACCIDENT_real,J489DF-y2B8_00,real_videos/J489DF-y2B8_00.mp4,J489DF-y2B8,accident_time,2.792,41,14.974763512384262,29.917,448,27.125,3,sideswipe,unique,test,test,Fine,day,signalized_intersection,Virginia,academic-noncommercial; see paper vs kaggle,True,fbedfe2ea216b7c44ea6aff243a75c6c
roadside,ACCIDENT_real,RWbYqk_RtSE_00,real_videos/RWbYqk_RtSE_00.mp4,RWbYqk_RtSE,accident_time,4.791,72,14.980392156862745,12.75,191,7.959,4,single,unique,test,test,Poor,day,highway,Virginia,academic-noncommercial; see paper vs kaggle,True,c015c1aa246bbbd9e0db2841f6594f08
roadside,ACCIDENT_real,trvzPZZfNPs_00,real_videos/trvzPZZfNPs_00.mp4,trvzPZZfNPs,accident_time,6.667,40,5.975903614457831,20.75,124,14.083,3,sideswipe,unique,test,test,Very_Poor,day,highway,Virginia,academic-noncommercial; see paper vs kaggle,True,4b77d374ee8b2ae7bdbc1bdba692f80e
roadside,ACCIDENT_real,_9tp71S2Gwg_00,real_videos/_9tp71S2Gwg_00.mp4,_9tp71S2Gwg,accident_time,5.583333,83,14.674095034520224,29.916666,439,24.333333,4,single,unique,dev,test,Poor,day,highway,Virginia,academic-noncommercial; see paper vs kaggle,True,cd34c91a1dd52a87d14f92219396baf3
roadside,ACCIDENT_real,tHW7Y0dIwkg_00,real_videos/tHW7Y0dIwkg_00.mp4,tHW7Y0dIwkg,accident_time,5.791666,86,14.843931322262721,7.208333,107,1.4166669999999995,3,sideswipe,unique,dev,test,Good,day,highway,Virginia,academic-noncommercial; see paper vs kaggle,True,9522cec2821d12fab142c70bd5eed16e
roadside,ACCIDENT_real,hJJlducz7aE_00,real_videos/hJJlducz7aE_00.mp4,hJJlducz7aE,accident_time,3.8339999999999996,58,15.020558865486278,23.834000000000003,358,20.000000000000004,3,sideswipe,unique,test,test,Very_Poor,day,highway,Virginia,academic-noncommercial; see paper vs kaggle,True,9cbf086a0f98396f858e686755c0caf7
roadside,ACCIDENT_real,luYrUPWqC5w_00,real_videos/luYrUPWqC5w_00.mp4,luYrUPWqC5w,accident_time,5.542,83,15.008189323795834,29.917,449,24.375,2,t-bone,unique,test,test,Fine,night,signalized_intersection,Virginia,academic-noncommercial; see paper vs kaggle,True,9625ba8a86c3ae1e75d856ab43860c52
roadside,ACCIDENT_real,iguVq1mMWKg_00,real_videos/iguVq1mMWKg_00.mp4,iguVq1mMWKg,accident_time,2.375,36,12.88135593220339,7.375,95,5.0,2,t-bone,unique,test,test,Fine,day,signalized_intersection,Virginia,academic-noncommercial; see paper vs kaggle,True,72c8abd8e0a6c02665a18fea4a979bde
roadside,ACCIDENT_real,tm9gYOoBRmM_00,real_videos/tm9gYOoBRmM_00.mp4,tm9gYOoBRmM,accident_time,2.875,43,14.987649375792778,29.958,449,27.083,3,sideswipe,unique,test,test,Poor,day,signalized_intersection,Virginia,academic-noncommercial; see paper vs kaggle,True,fb02e8dc97f1f2902ac2cdf38d4baa5a
roadside,ACCIDENT_real,2BBwMYE-FC4_00,real_videos/2BBwMYE-FC4_00.mp4,2BBwMYE-FC4,accident_time,10.375,155,14.406524718387539,29.917,431,19.542,2,t-bone,unique,test,test,Fine,night,signalized_intersection,Virginia,academic-noncommercial; see paper vs kaggle,True,95e493ee73bc10dd0b6898c31121da48
roadside,ACCIDENT_real,BiAj8Q5I710_00,real_videos/BiAj8Q5I710_00.mp4,BiAj8Q5I710,accident_time,14.708,220,14.58708859069364,29.958,437,15.249999999999998,1,rear-end,unique,test,test,Very_Poor,night,highway,Virginia,academic-noncommercial; see paper vs kaggle,True,ca1f03f304fb8e75d7fb54d79f90af6b
roadside,ACCIDENT_real,5X2Ik8WsWVY_00,real_videos/5X2Ik8WsWVY_00.mp4,5X2Ik8WsWVY,accident_time,4.0,60,15.004734503605507,27.458,412,23.458,4,single,unique,test,test,Very_Poor,night,highway,Virginia,academic-noncommercial; see paper vs kaggle,True,9bcf1d5d18cdf2d53ccb95e1981871fc
roadside,ACCIDENT_real,YXRvo8IOyUM_00,real_videos/YXRvo8IOyUM_00.mp4,YXRvo8IOyUM,accident_time,2.458,23,14.125032696834946,15.292,216,12.834,2,t-bone,unique,test,test,Fine,night,signalized_intersection,Virginia,academic-noncommercial; see paper vs kaggle,True,af7a507adfde1a9637a46e7f6867aa30
roadside,ACCIDENT_real,jD8ybdMZOU8_00,real_videos/jD8ybdMZOU8_00.mp4,jD8ybdMZOU8,accident_time,6.208,93,14.987649375792778,29.958,449,23.75,0,head-on,unique,test,test,Poor,day,signalized_intersection,Virginia,academic-noncommercial; see paper vs kaggle,True,4ece4c64f302c2195f65634dc7eb6e4d
roadside,ACCIDENT_real,HgLFvVtCXRw_00,real_videos/HgLFvVtCXRw_00.mp4,HgLFvVtCXRw,accident_time,3.75,56,15.0,30.0,450,26.25,2,t-bone,unique,test,test,Poor,day,signalized_intersection,Virginia,academic-noncommercial; see paper vs kaggle,True,8cae6081419dcb3c18125ad7ce1771cf
roadside,ACCIDENT_real,bZp0v_Xt8EU_00,real_videos/bZp0v_Xt8EU_00.mp4,bZp0v_Xt8EU,accident_time,4.125,61,14.974763512384262,29.917,448,25.792,2,t-bone,unique,test,test,Poor,day,signalized_intersection,Virginia,academic-noncommercial; see paper vs kaggle,True,5fe742a2dccb21d05b1ad0d296cc7b8e
roadside,ACCIDENT_real,vMzEXTNSTzw_00,real_videos/vMzEXTNSTzw_00.mp4,vMzEXTNSTzw,accident_time,4.457999999999998,67,13.274074074074074,16.875,224,12.417000000000002,2,t-bone,unique,test,test,Fine,night,signalized_intersection,Virginia,academic-noncommercial; see paper vs kaggle,True,8deceff80e179250611513bb0737c27f
roadside,ACCIDENT_real,-wlnF8vCVMo_00,real_videos/-wlnF8vCVMo_00.mp4,-wlnF8vCVMo,accident_time,4.958,51,13.285266039121437,29.958,398,25.0,2,t-bone,unique,test,test,Fine,day,signalized_intersection,Virginia,academic-noncommercial; see paper vs kaggle,True,fe38c7750a0e543aa3838a7009ec1eb1
roadside,ACCIDENT_real,b2FAuGPoivk_00,real_videos/b2FAuGPoivk_00.mp4,b2FAuGPoivk,accident_time,2.033333,60,20.37861938060823,29.933333,610,27.900000000000002,2,t-bone,unique,test,test,Excellent,day,signalized_intersection,Virginia,academic-noncommercial; see paper vs kaggle,True,1d7852fa03fb96171f1705cafba3a649
roadside,ACCIDENT_real,cCofNt_oBE8_00,real_videos/cCofNt_oBE8_00.mp4,cCofNt_oBE8,accident_time,3.625,54,14.653685837593166,29.958333,439,26.333333,2,t-bone,unique,test,test,Good,day,signalized_intersection,Virginia,academic-noncommercial; see paper vs kaggle,True,3af3883a1baad59a319f2c7171681ccd
roadside,ACCIDENT_real,sV5FN5PePOQ_00,real_videos/sV5FN5PePOQ_00.mp4,sV5FN5PePOQ,accident_time,3.958333,31,11.449235176069376,29.958333,343,26.0,2,t-bone,unique,test,test,Good,night,signalized_intersection,Virginia,academic-noncommercial; see paper vs kaggle,True,4d0d6acb20893d3f8fbab3375b039861
roadside,ACCIDENT_real,yS2IYwSqqVk_00,real_videos/yS2IYwSqqVk_00.mp4,yS2IYwSqqVk,accident_time,3.625,54,14.987649375792778,29.958,449,26.333,2,t-bone,unique,test,test,Poor,day,simple_intersection,Virginia,academic-noncommercial; see paper vs kaggle,True,7268918b498c5f6ccd1bee97e33f185f
roadside,ACCIDENT_real,mhLc2Vl1ekk_00,real_videos/mhLc2Vl1ekk_00.mp4,mhLc2Vl1ekk,accident_time,5.458333,35,4.646239657854923,29.916666,139,24.458333,2,t-bone,unique,test,test,Poor,day,simple_intersection,Virginia,academic-noncommercial; see paper vs kaggle,True,17bc148f85df0a82f1e7c7d62df0198b
roadside,ACCIDENT_real,0eoMti_njew_00,real_videos/0eoMti_njew_00.mp4,0eoMti_njew,accident_time,5.75,57,9.980639562053542,29.958,299,24.208,1,rear-end,unique,test,test,Poor,day,highway,Virginia,academic-noncommercial; see paper vs kaggle,True,10deecd5d7beae9f72855563e0a33819
roadside,ACCIDENT_real,sfGi08xARHo_00,real_videos/sfGi08xARHo_00.mp4,sfGi08xARHo,accident_time,4.042,28,6.7615062761506275,29.875,202,25.833,2,t-bone,unique,test,test,Poor,day,signalized_intersection,Virginia,academic-noncommercial; see paper vs kaggle,True,f75e173c29b4daf3f08e7025c13163f6
roadside,ACCIDENT_real,e5KS6Gffb3A_00,real_videos/e5KS6Gffb3A_00.mp4,e5KS6Gffb3A,accident_time,4.75,36,7.510431237946384,29.958333,225,25.208333,2,t-bone,unique,test,test,Poor,day,simple_intersection,Virginia,academic-noncommercial; see paper vs kaggle,True,44e024e7b85ef5186f1ce9ec3cb8dfc4
roadside,ACCIDENT_real,wGZiHg7a5wU_00,real_videos/wGZiHg7a5wU_00.mp4,wGZiHg7a5wU,accident_time,9.875,148,14.875008608222574,29.042,432,19.167,1,rear-end,unique,test,test,Very_Poor,night,highway,Virginia,academic-noncommercial; see paper vs kaggle,True,2c594ec32e3098ff8c32a1965073120f
roadside,ACCIDENT_real,GPMefBsSI44_00,real_videos/GPMefBsSI44_00.mp4,GPMefBsSI44,accident_time,14.447767,258,17.9146691978882,14.848167,266,0.4003999999999994,2,t-bone,unique,test,train,Fine,day,simple_intersection,World,academic-noncommercial; see paper vs kaggle,True,16b932e15220c3a36177bf4d9e41ff2f
roadside,ACCIDENT_real,NjK1CBPb0tY_00,real_videos/NjK1CBPb0tY_00.mp4,NjK1CBPb0tY,accident_time,3.266667,49,14.9,30.0,447,26.733333000000002,2,t-bone,unique,test,test,Fine,night,signalized_intersection,Virginia,academic-noncommercial; see paper vs kaggle,True,85c1e49b82f01a3b79ad5a2707ffc6f0
roadside,ACCIDENT_real,tqSAFTzuCy4_00,real_videos/tqSAFTzuCy4_00.mp4,tqSAFTzuCy4,accident_time,2.5600000000000005,64,21.21212121212121,15.84,336,13.28,0,head-on,unique,test,train,Poor,day,highway,World,academic-noncommercial; see paper vs kaggle,True,72d581048efd08ce97ea79eecda0d96f
roadside,ACCIDENT_real,fcc1sGDTQLM_00,real_videos/fcc1sGDTQLM_00.mp4,fcc1sGDTQLM,accident_time,2.067,53,25.274783624488933,18.833,476,16.766,4,single,unique,test,train,Fine,night,city_street,World,academic-noncommercial; see paper vs kaggle,True,90b45fa64dabeb4265c115f138566926
roadside,ACCIDENT_real,OjosPgV4Lss_00,real_videos/OjosPgV4Lss_00.mp4,OjosPgV4Lss,accident_time,8.183,161,19.29525873187845,19.383,374,11.2,4,single,unique,test,train,Fine,night,signalized_intersection,World,academic-noncommercial; see paper vs kaggle,True,a94250716c7d9c52b5cb88a745f591b5
roadside,ACCIDENT_real,owO2-pjxOqs_00,real_videos/owO2-pjxOqs_00.mp4,owO2-pjxOqs,accident_time,2.7,54,12.297297297297296,14.8,182,12.100000000000001,2,t-bone,unique,test,train,Fine,night,signalized_intersection,World,academic-noncommercial; see paper vs kaggle,True,17c43c8182b222b55f32070eea4eeb9a
roadside,ACCIDENT_real,jI0_0zPf6BQ_00,real_videos/jI0_0zPf6BQ_00.mp4,jI0_0zPf6BQ,accident_time,5.3,126,22.75,12.0,273,6.7,0,head-on,unique,test,train,Fine,day,highway,World,academic-noncommercial; see paper vs kaggle,True,e844c3f3e198fc9bb7dc56dea9449419
roadside,ACCIDENT_real,MsQns-Oy-hk_00,real_videos/MsQns-Oy-hk_00.mp4,MsQns-Oy-hk,accident_time,4.6000000000000005,117,25.16778861312599,4.966666,125,0.3666659999999995,2,t-bone,unique,test,train,Excellent,day,simple_intersection,World,academic-noncommercial; see paper vs kaggle,True,ddf8a7fcdd20b96b005e09359a278b0c
roadside,ACCIDENT_real,MsQns-Oy-hk_01,real_videos/MsQns-Oy-hk_01.mp4,MsQns-Oy-hk,accident_time,2.633333,65,25.86206896551724,5.800000000000001,150,3.166667000000001,2,t-bone,unique,test,train,Good,day,simple_intersection,World,academic-noncommercial; see paper vs kaggle,True,0e77d141deefe55ed9ba25545a90863b
roadside,ACCIDENT_real,MsQns-Oy-hk_02,real_videos/MsQns-Oy-hk_02.mp4,MsQns-Oy-hk,accident_time,0.233333,7,25.813959491618487,1.433333,37,1.2,2,t-bone,unique,test,train,Excellent,day,simple_intersection,World,academic-noncommercial; see paper vs kaggle,True,9f3f67a0a4a51a67f8e7447a39434482
roadside,ACCIDENT_real,zAqi6Odnoiw_00,real_videos/zAqi6Odnoiw_00.mp4,zAqi6Odnoiw,accident_time,4.938,103,20.749279538904897,8.675,180,3.737000000000001,2,t-bone,unique,test,train,Fine,day,simple_intersection,World,academic-noncommercial; see paper vs kaggle,True,2e59ed7a2575d311420ec3b52cf75e3a
roadside,ACCIDENT_real,jTOB7nAs2HE_00,real_videos/jTOB7nAs2HE_00.mp4,jTOB7nAs2HE,accident_time,11.77,177,14.903634454493107,29.523,440,17.753,4,single,unique,test,test,Very_Poor,day,highway,Virginia,academic-noncommercial; see paper vs kaggle,True,51675d51843455817d81f494592dbb15
roadside,ACCIDENT_real,9PpJJxn6DmA_00,real_videos/9PpJJxn6DmA_00.mp4,9PpJJxn6DmA,accident_time,1.8333329999999999,46,24.853558565151346,3.983333,99,2.1500000000000004,2,t-bone,unique,test,train,Good,day,signalized_intersection,World,academic-noncommercial; see paper vs kaggle,True,36c651eab41c4862f6dab29e4ff2ef61
roadside,ACCIDENT_real,uSTubEz9Mpw_00,real_videos/uSTubEz9Mpw_00.mp4,uSTubEz9Mpw,accident_time,10.565,159,14.989551519048383,24.884,373,14.319,3,sideswipe,unique,test,test,Very_Poor,night,grade_separated_intersection,Virginia,academic-noncommercial; see paper vs kaggle,True,83114e5d58fafbb0592b5c13a274e50f
roadside,ACCIDENT_real,Hu5cukZ0Zgw_00,real_videos/Hu5cukZ0Zgw_00.mp4,Hu5cukZ0Zgw,accident_time,5.4,151,27.984369091138284,7.933,222,2.5329999999999995,2,t-bone,unique,test,train,Good,night,signalized_intersection,World,academic-noncommercial; see paper vs kaggle,True,3aad00c603c78e5eb3ed7a9495364527
roadside,ACCIDENT_real,FbMyX_ZWAm8_00,real_videos/FbMyX_ZWAm8_00.mp4,FbMyX_ZWAm8,accident_time,3.84,78,19.042056074766354,8.56,163,4.720000000000001,0,head-on,unique,test,train,Good,day,city_street,World,academic-noncommercial; see paper vs kaggle,True,279b12801dce1032c3e08b415642e9e3
roadside,ACCIDENT_real,yx-CTXIhAGA_00,real_videos/yx-CTXIhAGA_00.mp4,yx-CTXIhAGA,accident_time,1.7659999999999991,18,10.088495575221238,11.3,114,9.534000000000002,2,t-bone,unique,test,train,Poor,day,highway,World,academic-noncommercial; see paper vs kaggle,True,17b6ad4aa7ccd4d05d0ee8bd49fd168b
roadside,ACCIDENT_real,bKrsJSxuQZg_00,real_videos/bKrsJSxuQZg_00.mp4,bKrsJSxuQZg,accident_time,2.966667,63,20.36036036036036,11.1,226,8.133333,3,sideswipe,unique,test,train,Good,night,city_street,World,academic-noncommercial; see paper vs kaggle,True,08c0b63549e9c43a3c9b85b3c2fc2873
roadside,ACCIDENT_real,bI_W3ZOeuUM_00,real_videos/bI_W3ZOeuUM_00.mp4,bI_W3ZOeuUM,accident_time,8.121212,122,15.03245204955188,25.212121,379,17.090909,4,single,unique,test,test,Poor,day,highway,Virginia,academic-noncommercial; see paper vs kaggle,True,95dd09d40668ebb70b4afdc8f411930f
roadside,ACCIDENT_real,c2-5uzj1W5k_00,real_videos/c2-5uzj1W5k_00.mp4,c2-5uzj1W5k,accident_time,2.256,34,14.571128135796906,19.971,291,17.715,4,single,unique,test,test,Poor,day,highway,Virginia,academic-noncommercial; see paper vs kaggle,True,c6b53fd62eeff4b6dda602b545de558c
roadside,ACCIDENT_real,glkdKMzVzkM_00,real_videos/glkdKMzVzkM_00.mp4,glkdKMzVzkM,accident_time,16.051,220,13.616683742605016,30.257,412,14.206000000000003,4,single,unique,test,train,Good,day,city_street,World,academic-noncommercial; see paper vs kaggle,True,1b0927d8dd2726a02b551a2f783a1458
roadside,ACCIDENT_real,pMA26OVWUOY_00,real_videos/pMA26OVWUOY_00.mp4,pMA26OVWUOY,accident_time,3.437,52,15.036593479707252,15.030000000000001,226,11.593000000000002,4,single,unique,dev,test,Poor,day,highway,Virginia,academic-noncommercial; see paper vs kaggle,True,a65a067ffaad40db596a163181c50076
roadside,ACCIDENT_real,xaZ2WJAHrgY_00,real_videos/xaZ2WJAHrgY_00.mp4,xaZ2WJAHrgY,accident_time,0.627178,9,19.289929852276863,14.048781,271,13.421603,3,sideswipe,unique,test,test,Good,day,city_street,USA,academic-noncommercial; see paper vs kaggle,True,48eb4b76c7c3e2296aacb75ad1b4f304
roadside,ACCIDENT_real,1KGjac-XgPM_00,real_videos/1KGjac-XgPM_00.mp4,1KGjac-XgPM,accident_time,5.985000000000001,90,15.038119885290621,14.296999999999999,215,8.311999999999998,1,rear-end,unique,test,test,Very_Poor,day,grade_separated_intersection,Virginia,academic-noncommercial; see paper vs kaggle,True,125a064635da53481f44981f413679dd
roadside,ACCIDENT_real,T5TGAD7ygY8_00,real_videos/T5TGAD7ygY8_00.mp4,T5TGAD7ygY8,accident_time,3.733333,94,25.77181035088521,4.966667,128,1.2333340000000002,1,rear-end,unique,test,train,Good,day,highway,World,academic-noncommercial; see paper vs kaggle,True,292e13b26e4fe09e1a77a11b619be85d
roadside,ACCIDENT_real,TY8UXgpfBzU_00,real_videos/TY8UXgpfBzU_00.mp4,TY8UXgpfBzU,accident_time,1.778,15,7.833333333333333,30.0,235,28.222,1,rear-end,unique,test,train,Poor,day,signalized_intersection,World,academic-noncommercial; see paper vs kaggle,True,05e61c80fe7ee9900afdb90999aa0839
roadside,ACCIDENT_real,Sq5i3O5yoAY_00,real_videos/Sq5i3O5yoAY_00.mp4,Sq5i3O5yoAY,accident_time,4.833,24,3.921831528843898,29.833,117,25.0,2,t-bone,unique,test,train,Very_Poor,day,signalized_intersection,World,academic-noncommercial; see paper vs kaggle,True,3441d584051c547f81c91aab16fb6ce3
roadside,ACCIDENT_real,k9CLUG7vBOY_00,real_videos/k9CLUG7vBOY_00.mp4,k9CLUG7vBOY,accident_time,4.917,37,5.690376569037657,29.875,170,24.958,2,t-bone,unique,test,test,Very_Poor,day,simple_intersection,Virginia,academic-noncommercial; see paper vs kaggle,True,14f2b146ffaafdd336b2ca259e4a0d39
roadside,ACCIDENT_real,_GY8RpsMk9o_00,real_videos/_GY8RpsMk9o_00.mp4,_GY8RpsMk9o,accident_time,3.292,25,7.477134655183924,29.958,224,26.665999999999997,2,t-bone,unique,test,test,Poor,day,simple_intersection,Virginia,academic-noncommercial; see paper vs kaggle,True,890c42697b78751bdab5bf40521697aa
roadside,ACCIDENT_real,7b4ffyFOo_I_00,real_videos/7b4ffyFOo_I_00.mp4,7b4ffyFOo_I,accident_time,4.615000000000001,56,12.100388407529131,6.694,81,2.078999999999999,1,rear-end,unique,test,train,Very_Poor,day,highway,World,academic-noncommercial; see paper vs kaggle,True,dd30b97d2e4e4e7051027bed1df92e31
roadside,ACCIDENT_real,0jk4tWwDKqc_00,real_videos/0jk4tWwDKqc_00.mp4,0jk4tWwDKqc,accident_time,9.265999999999998,156,20.923694779116467,24.9,521,15.634,2,t-bone,unique,test,test,Good,day,signalized_intersection,Minnesota,academic-noncommercial; see paper vs kaggle,True,b9838916be5fc55cf4b1b6d939400492
roadside,ACCIDENT_real,6nlROBgKAnA_00,real_videos/6nlROBgKAnA_00.mp4,6nlROBgKAnA,accident_time,5.333,158,29.25196850393701,25.4,743,20.067,2,t-bone,unique,test,test,Fine,night,signalized_intersection,Minnesota,academic-noncommercial; see paper vs kaggle,True,55a52ff470696d5343f2edac726950f3
roadside,ACCIDENT_real,Am-8EdFyiOU_00,real_videos/Am-8EdFyiOU_00.mp4,Am-8EdFyiOU,accident_time,3.747,57,15.023721665788086,15.176,228,11.429,2,t-bone,unique,test,test,Fine,day,grade_separated_intersection,Wisconsin,academic-noncommercial; see paper vs kaggle,True,9171cf5305799341f477afc3b60ccd2b
roadside,ACCIDENT_real,CyqcCI-woio_00,real_videos/CyqcCI-woio_00.mp4,CyqcCI-woio,accident_time,5.934,178,29.99931351685316,14.567,437,8.633,2,t-bone,unique,test,test,Good,day,signalized_intersection,Minnesota,academic-noncommercial; see paper vs kaggle,True,cc217e053f110cc81839bdd69d1ffc84
roadside,ACCIDENT_real,KQETX3JfWlE_00,real_videos/KQETX3JfWlE_00.mp4,KQETX3JfWlE,accident_time,3.667,19,5.01302597300071,25.334000000000003,127,21.667,4,single,unique,test,test,Very_Poor,day,highway,Iowa,academic-noncommercial; see paper vs kaggle,True,bb9365b042e53d43523d3f3542944d50
roadside,ACCIDENT_real,TwHVVK-smoQ_00,real_videos/TwHVVK-smoQ_00.mp4,TwHVVK-smoQ,accident_time,1.972,29,14.90911566478317,29.378,438,27.406,4,single,unique,test,test,Poor,day,highway,Wisconsin,academic-noncommercial; see paper vs kaggle,True,7d2492e58cbf86fdd701696593c46b9f
roadside,ACCIDENT_real,twdqtlixsj0_00,real_videos/twdqtlixsj0_00.mp4,twdqtlixsj0,accident_time,4.734,142,28.170731707317074,16.4,462,11.665999999999999,2,t-bone,unique,test,test,Good,day,signalized_intersection,Minnesota,academic-noncommercial; see paper vs kaggle,True,8373ad108e3d0f9e0c33a44a98703c94
roadside,ACCIDENT_real,yqaUDA6i5GY_00,real_videos/yqaUDA6i5GY_00.mp4,yqaUDA6i5GY,accident_time,11.663,176,15.011037527593821,29.444999999999997,442,17.781999999999996,2,t-bone,unique,test,test,Poor,day,simple_intersection,Iowa,academic-noncommercial; see paper vs kaggle,True,bfb049d9c26a00980a98a7baed7ad4aa
roadside,ACCIDENT_real,QB42gU5X634_00,real_videos/QB42gU5X634_00.mp4,QB42gU5X634,accident_time,4.316667,125,29.365557138032802,5.516667,162,1.2000000000000002,3,sideswipe,unique,test,train,Excellent,day,grade_separated_intersection,World,academic-noncommercial; see paper vs kaggle,True,0175f60dc2a37869bb6b90bafc4a73c6
roadside,ACCIDENT_real,tnO5_kjf1II_00,real_videos/tnO5_kjf1II_00.mp4,tnO5_kjf1II,accident_time,2.833333,32,11.421687847873528,6.916665999999999,79,4.083333,4,single,unique,test,train,Poor,day,highway,World,academic-noncommercial; see paper vs kaggle,True,04a71fb7f3b094a7fc799983f70493d1
roadside,ACCIDENT_real,oV7t0yEbT8c_00,real_videos/oV7t0yEbT8c_00.mp4,oV7t0yEbT8c,accident_time,4.6333340000000005,137,29.631898204675064,5.433334,161,0.7999999999999998,4,single,unique,test,train,Good,day,city_street,World,academic-noncommercial; see paper vs kaggle,True,e49ca636fa617170956f9b8f0dd449aa
roadside,ACCIDENT_real,Hjax6nMPd6Q_00,real_videos/Hjax6nMPd6Q_00.mp4,Hjax6nMPd6Q,accident_time,20.52,501,24.599465954606142,29.96,737,9.440000000000001,0,head-on,unique,test,train,Excellent,day,city_street,World,academic-noncommercial; see paper vs kaggle,True,f15ecdff2ade169bea4678c193e926bb
roadside,ACCIDENT_real,n77TaXyADls_00,real_videos/n77TaXyADls_00.mp4,n77TaXyADls,accident_time,4.471133,68,15.082956259426847,10.2102,154,5.739067,2,t-bone,unique,test,train,Fine,day,signalized_intersection,World,academic-noncommercial; see paper vs kaggle,True,dc3a271dda98ad92f68ed288b379d1b5
roadside,ACCIDENT_real,oAYCNrUXNow_00,real_videos/oAYCNrUXNow_00.mp4,oAYCNrUXNow,accident_time,6.8068,94,15.436068689904264,19.953267,308,13.146467000000001,2,t-bone,unique,test,train,Fine,day,signalized_intersection,World,academic-noncommercial; see paper vs kaggle,True,635db75c9f53fe6c7b5144209c82122e
roadside,ACCIDENT_real,4tXvj7hHsNA_00,real_videos/4tXvj7hHsNA_00.mp4,4tXvj7hHsNA,accident_time,4.270933000000001,64,14.934898377037621,9.976633000000001,149,5.7057,3,sideswipe,unique,test,train,Good,day,simple_intersection,World,academic-noncommercial; see paper vs kaggle,True,70cb762a8b7644b6a4b9ac9d00ca75bb
roadside,ACCIDENT_real,4tXvj7hHsNA_01,real_videos/4tXvj7hHsNA_01.mp4,4tXvj7hHsNA,accident_time,2.936267,73,24.520930828156978,5.872534,144,2.936267,4,single,unique,test,train,Poor,night,signalized_intersection,World,academic-noncommercial; see paper vs kaggle,True,fb1c64012fab5a43db2e3d62a9d27529
roadside,ACCIDENT_real,ygTLvXB2H_o_00,real_videos/ygTLvXB2H_o_00.mp4,ygTLvXB2H_o,accident_time,3.536867,45,14.003853289567575,11.2112,157,7.674333,2,t-bone,unique,test,train,Fine,day,signalized_intersection,World,academic-noncommercial; see paper vs kaggle,True,cb4a2711f2ac85cab306100b922f9337
roadside,ACCIDENT_real,ygTLvXB2H_o_01,real_videos/ygTLvXB2H_o_01.mp4,ygTLvXB2H_o,accident_time,2.7027,37,14.271442842871416,4.9049,70,2.2021999999999995,2,t-bone,unique,test,train,Fine,day,signalized_intersection,World,academic-noncommercial; see paper vs kaggle,True,b444a3414e5c9c6117e2c945b529bef9
roadside,ACCIDENT_real,ygTLvXB2H_o_02,real_videos/ygTLvXB2H_o_02.mp4,ygTLvXB2H_o,accident_time,5.772433,171,29.875037325985627,21.054367,629,15.281934,2,t-bone,unique,test,train,Good,day,signalized_intersection,World,academic-noncommercial; see paper vs kaggle,True,999cb25793e9f9f1d9400f5610a88f28
roadside,ACCIDENT_real,YiQToVQInNw_00,real_videos/YiQToVQInNw_00.mp4,YiQToVQInNw,accident_time,2.569233,61,24.043752857312178,5.9059,142,3.336667,0,head-on,unique,test,train,Poor,night,simple_intersection,World,academic-noncommercial; see paper vs kaggle,True,e2146e21ea42c74e0b2fc3d63beb41f8
roadside,ACCIDENT_real,dEqwcxeYJw4_00,real_videos/dEqwcxeYJw4_00.mp4,dEqwcxeYJw4,accident_time,13.6136,391,28.644143597269647,39.973267,1145,26.359667,2,t-bone,unique,test,train,Fine,day,signalized_intersection,World,academic-noncommercial; see paper vs kaggle,True,2c3c49cb1b9666c6d6a999b2b5867c2a
roadside,ACCIDENT_real,VVgQuJDBIfU_00,real_videos/VVgQuJDBIfU_00.mp4,VVgQuJDBIfU,accident_time,6.539867,144,23.310023310023308,14.4144,336,7.8745330000000004,4,single,unique,test,train,Good,day,simple_intersection,World,academic-noncommercial; see paper vs kaggle,True,6c91574f3ac2a03a4bc863141372b393
roadside,ACCIDENT_real,VVgQuJDBIfU_01,real_videos/VVgQuJDBIfU_01.mp4,VVgQuJDBIfU,accident_time,5.4721329999999995,137,24.90806913772925,12.445765999999999,310,6.9736329999999995,3,sideswipe,unique,test,train,Fine,night,signalized_intersection,World,academic-noncommercial; see paper vs kaggle,True,279dbc0956a1543e4680fb9245ef9bda
roadside,ACCIDENT_real,ltBaGt6A30I_00,real_videos/ltBaGt6A30I_00.mp4,ltBaGt6A30I,accident_time,9.175833,214,23.693953662665656,14.180833,336,5.004999999999999,2,t-bone,unique,test,train,Good,day,simple_intersection,World,academic-noncommercial; see paper vs kaggle,True,22726c9b359f00cecb0489f97f41a440
roadside,ACCIDENT_real,c_fIpDR79Wo_00,real_videos/c_fIpDR79Wo_00.mp4,c_fIpDR79Wo,accident_time,6.172833,184,29.82731554160126,7.007,209,0.8341669999999999,2,t-bone,unique,test,train,Good,day,signalized_intersection,World,academic-noncommercial; see paper vs kaggle,True,a06327817ae7cf914f2462a55ce0b71d
roadside,ACCIDENT_real,FY2wvzTv5vo_00,real_videos/FY2wvzTv5vo_00.mp4,FY2wvzTv5vo,accident_time,1.768433,26,15.984015984015983,9.009,144,7.240567,2,t-bone,unique,test,train,Fine,day,simple_intersection,World,academic-noncommercial; see paper vs kaggle,True,b6bee719e15206cf25c6592aad7447a4
roadside,ACCIDENT_real,FY2wvzTv5vo_01,real_videos/FY2wvzTv5vo_01.mp4,FY2wvzTv5vo,accident_time,4.337667,97,22.32383001613771,26.026,581,21.688333,2,t-bone,unique,test,train,Good,day,signalized_intersection,World,academic-noncommercial; see paper vs kaggle,True,d7ee054e2530955d7e8a6c902ddeddec
roadside,ACCIDENT_real,J2BlH3gdl0k_00,real_videos/J2BlH3gdl0k_00.mp4,J2BlH3gdl0k,accident_time,8.333333,124,14.9415045112313,29.916666,447,21.583333,1,rear-end,unique,train,test,Fine,day,highway,Virginia,academic-noncommercial; see paper vs kaggle,True,d5366b3f5258c283f251e135e629383c
roadside,ACCIDENT_real,qZlVsk7-fsk_00,real_videos/qZlVsk7-fsk_00.mp4,qZlVsk7-fsk,accident_time,9.4,141,15.0,30.0,450,20.6,1,rear-end,unique,test,test,Very_Poor,day,highway,Virginia,academic-noncommercial; see paper vs kaggle,True,06307d90dcf30652b5c412b4aa2ae843
roadside,ACCIDENT_real,0DB7w7rLGrk_00,real_videos/0DB7w7rLGrk_00.mp4,0DB7w7rLGrk,accident_time,1.625,24,14.987649375792778,29.958,449,28.333,1,rear-end,unique,train,test,Fine,day,highway,Virginia,academic-noncommercial; see paper vs kaggle,True,2167fe062168cd73ec08641eec2ac5d2
roadside,ACCIDENT_real,Lqgoisezv8E_00,real_videos/Lqgoisezv8E_00.mp4,Lqgoisezv8E,accident_time,3.541666,53,15.008356880409067,29.916666,449,26.375,1,rear-end,unique,test,test,Fine,day,signalized_intersection,Virginia,academic-noncommercial; see paper vs kaggle,True,70dc4e7dc4a9761187474dfb0542919d
roadside,ACCIDENT_real,2vEysG50vYY_00,real_videos/2vEysG50vYY_00.mp4,2vEysG50vYY,accident_time,5.292,53,10.00836820083682,29.875,299,24.583,4,single,unique,train,test,Poor,night,highway,Virginia,academic-noncommercial; see paper vs kaggle,True,d550251a9939128a0fb65ab1ae05a046
roadside,ACCIDENT_real,Tbl7dpfeXl8_00,real_videos/Tbl7dpfeXl8_00.mp4,Tbl7dpfeXl8,accident_time,16.799999999999997,252,12.790178856923635,29.866666,382,13.066666000000001,1,rear-end,unique,train,test,Fine,day,highway,Virginia,academic-noncommercial; see paper vs kaggle,True,b9954a44fec37b9d53b1d50b91bc2846
roadside,ACCIDENT_real,SYBMrPb8-3Y_00,real_videos/SYBMrPb8-3Y_00.mp4,SYBMrPb8-3Y,accident_time,8.25,82,9.947259496628615,29.958,298,21.708,1,rear-end,unique,test,test,Poor,day,signalized_intersection,Virginia,academic-noncommercial; see paper vs kaggle,True,3126e2415f78df3ae0b8439b852f4620
roadside,ACCIDENT_real,DJ-zFm_TSTM_00,real_videos/DJ-zFm_TSTM_00.mp4,DJ-zFm_TSTM,accident_time,9.125,137,14.987482781501894,29.958333,449,20.833333,2,t-bone,unique,test,test,Poor,day,highway,Virginia,academic-noncommercial; see paper vs kaggle,True,da38cc2558f656dfae2edca4b3850ce2
roadside,ACCIDENT_real,Wuq6RfJ-yPY_00,real_videos/Wuq6RfJ-yPY_00.mp4,Wuq6RfJ-yPY,accident_time,8.033,120,14.980401288469748,25.767,386,17.734,1,rear-end,unique,test,test,Very_Poor,night,highway,Virginia,academic-noncommercial; see paper vs kaggle,True,4982a6b101372eafa99a6bbbd6f69b4d
roadside,ACCIDENT_real,jnarvwUc5NU_00,real_videos/jnarvwUc5NU_00.mp4,jnarvwUc5NU,accident_time,9.166666,137,14.787204615156657,29.958333,443,20.791667,1,rear-end,unique,dev,test,Poor,night,highway,Virginia,academic-noncommercial; see paper vs kaggle,True,b3942c030be994f92b3fe8bb6e0cea70
roadside,ACCIDENT_real,jfGiD4S9OiA_00,real_videos/jfGiD4S9OiA_00.mp4,jfGiD4S9OiA,accident_time,2.75,27,9.913879431203686,29.958,297,27.208,1,rear-end,unique,train,test,Poor,night,highway,Virginia,academic-noncommercial; see paper vs kaggle,True,5ed0ebbbb91b1951f9a927c20e59c8b1
roadside,ACCIDENT_real,JGD3vYYu5S4_00,real_videos/JGD3vYYu5S4_00.mp4,JGD3vYYu5S4,accident_time,5.2,78,14.999999999999998,16.6,249,11.400000000000002,1,rear-end,unique,test,test,Very_Poor,day,highway,Virginia,academic-noncommercial; see paper vs kaggle,True,5b7a4efe95a194d8a80110283638a37c
roadside,ACCIDENT_real,mJArIYTPLbE_00,real_videos/mJArIYTPLbE_00.mp4,mJArIYTPLbE,accident_time,3.958,59,14.908256880733944,12.208,182,8.25,1,rear-end,unique,test,test,Poor,day,signalized_intersection,Virginia,academic-noncommercial; see paper vs kaggle,True,0622daf9f8134db62cc38846e07c903e
roadside,ACCIDENT_real,Tzh_MXLofUI_00,real_videos/Tzh_MXLofUI_00.mp4,Tzh_MXLofUI,accident_time,4.0,59,14.9415045112313,29.916666,447,25.916666,4,single,unique,train,test,Poor,day,highway,Virginia,academic-noncommercial; see paper vs kaggle,True,7d6a825641560c909f15458d48c4a270
roadside,ACCIDENT_real,AeQaR7cklVU_00,real_videos/AeQaR7cklVU_00.mp4,AeQaR7cklVU,accident_time,2.75,41,14.954269310367849,29.958,448,27.208,3,sideswipe,unique,test,test,Poor,day,highway,Virginia,academic-noncommercial; see paper vs kaggle,True,597c7cdfc8b57ebd0d9a3edc363bbd01
roadside,ACCIDENT_real,CJYMnDmGxio_00,real_videos/CJYMnDmGxio_00.mp4,CJYMnDmGxio,accident_time,3.375,50,14.974930695820182,29.916666,448,26.541666,1,rear-end,unique,test,test,Poor,day,highway,Virginia,academic-noncommercial; see paper vs kaggle,True,b513b3a35ba0e81d62e3cfc6b6d0b922
roadside,ACCIDENT_real,63jg9PMxHZM_00,real_videos/63jg9PMxHZM_00.mp4,63jg9PMxHZM,accident_time,4.375,65,14.974358974358974,29.25,438,24.875,1,rear-end,unique,train,test,Fine,day,highway,Virginia,academic-noncommercial; see paper vs kaggle,True,1cdfee28013be59594dcd5ba5e044934
roadside,ACCIDENT_real,23huSUeAOso_00,real_videos/23huSUeAOso_00.mp4,23huSUeAOso,accident_time,6.5,95,8.912477468455839,29.958,267,23.458,1,rear-end,unique,test,test,Poor,night,signalized_intersection,Virginia,academic-noncommercial; see paper vs kaggle,True,f3a78e5b637c15fe95602f471460ea5b
roadside,ACCIDENT_real,MCeomZE3fqw_00,real_videos/MCeomZE3fqw_00.mp4,MCeomZE3fqw,accident_time,3.666666,55,14.987482781501894,29.958333,449,26.291667,1,rear-end,unique,dev,test,Fine,day,highway,Virginia,academic-noncommercial; see paper vs kaggle,True,af62cb40767429efe74afee49dd4b821
roadside,ACCIDENT_real,47M8fAuFNOs_00,real_videos/47M8fAuFNOs_00.mp4,47M8fAuFNOs,accident_time,9.674,145,14.94496617186711,19.806,296,10.132000000000001,1,rear-end,unique,test,test,Very_Poor,day,grade_separated_intersection,Virginia,academic-noncommercial; see paper vs kaggle,True,987d89d4414628a5bac63a2574dd0667
roadside,ACCIDENT_real,XOA5P6Ph6kY_00,real_videos/XOA5P6Ph6kY_00.mp4,XOA5P6Ph6kY,accident_time,3.367,50,14.549337604698502,29.967,436,26.599999999999998,1,rear-end,unique,train,test,Poor,night,highway,Virginia,academic-noncommercial; see paper vs kaggle,True,d3b9b3f3bd743397f4424614dce1f7b5
roadside,ACCIDENT_real,KcWnZOH5CK8_00,real_videos/KcWnZOH5CK8_00.mp4,KcWnZOH5CK8,accident_time,3.75,55,14.813425839114943,5.333,79,1.5830000000000002,1,rear-end,unique,train,test,Poor,night,highway,Virginia,academic-noncommercial; see paper vs kaggle,True,b116630536bd4bbcab85e434fab6a79c
roadside,ACCIDENT_real,Nn10f6awuTk_00,real_videos/Nn10f6awuTk_00.mp4,Nn10f6awuTk,accident_time,10.700000000000001,160,15.004581551618815,26.192,393,15.491999999999999,1,rear-end,unique,test,test,Poor,day,highway,Virginia,academic-noncommercial; see paper vs kaggle,True,6d0258c3c660c8e4a9e43272c1d1f266
roadside,ACCIDENT_real,e__4RhcKov4_00,real_videos/e__4RhcKov4_00.mp4,e__4RhcKov4,accident_time,9.458,142,13.886107216770146,29.958,416,20.5,1,rear-end,unique,test,test,Poor,day,signalized_intersection,Virginia,academic-noncommercial; see paper vs kaggle,True,a482a356b1132bc995b08640dd448052
roadside,ACCIDENT_real,jaCr2wkcYJ8_00,real_videos/jaCr2wkcYJ8_00.mp4,jaCr2wkcYJ8,accident_time,3.333,34,10.01401962747847,29.958,300,26.625,4,single,unique,test,test,Very_Poor,night,highway,Virginia,academic-noncommercial; see paper vs kaggle,True,4a624500fbc174e8de28e4fb1974e144
roadside,ACCIDENT_real,bw6JUt3iQls_00,real_videos/bw6JUt3iQls_00.mp4,bw6JUt3iQls,accident_time,4.0,59,14.974763512384262,29.917,448,25.917,1,rear-end,unique,test,test,Poor,day,highway,Virginia,academic-noncommercial; see paper vs kaggle,True,dced88cb9f7e51586eed9b9dd3c24030
roadside,ACCIDENT_real,sppaLXwUokY_00,real_videos/sppaLXwUokY_00.mp4,sppaLXwUokY,accident_time,10.37,156,15.008248501186978,24.853,373,14.483000000000002,4,single,unique,train,test,Poor,day,highway,Virginia,academic-noncommercial; see paper vs kaggle,True,66afbf5f3a1eca6c86f5868cf5d462af
roadside,ACCIDENT_real,YmswRbkR2YA_00,real_videos/YmswRbkR2YA_00.mp4,YmswRbkR2YA,accident_time,1.7919999999999998,27,14.918717314630882,24.667,368,22.875,1,rear-end,unique,test,test,Poor,day,highway,Virginia,academic-noncommercial; see paper vs kaggle,True,a68453ac37dfc066436d7e280fbf40e8
roadside,ACCIDENT_real,RBxSM1800xg_00,real_videos/RBxSM1800xg_00.mp4,RBxSM1800xg,accident_time,3.6660000000000004,38,10.123618332702042,29.040999999999997,294,25.374999999999996,1,rear-end,unique,test,test,Very_Poor,night,highway,Virginia,academic-noncommercial; see paper vs kaggle,True,9c193e2f20113da48d7df10744660602
roadside,ACCIDENT_real,jbfxAh30dDc_00,real_videos/jbfxAh30dDc_00.mp4,jbfxAh30dDc,accident_time,4.375,65,14.915254237288135,7.375,110,3.0,4,single,unique,train,test,Fine,day,highway,Virginia,academic-noncommercial; see paper vs kaggle,True,5c6aa50d09f70ab29fb24107cbe68233
roadside,ACCIDENT_real,YhXaFioaBfI_00,real_videos/YhXaFioaBfI_00.mp4,YhXaFioaBfI,accident_time,28.25,423,14.974763512384262,29.917,448,1.6670000000000016,2,t-bone,unique,test,test,Very_Poor,day,highway,Virginia,academic-noncommercial; see paper vs kaggle,True,45fb3c9862bedc3483c24e9e51098fef
roadside,ACCIDENT_real,aliCOjgqdfU_00,real_videos/aliCOjgqdfU_00.mp4,aliCOjgqdfU,accident_time,10.541667,106,9.787709278486943,14.916667,146,4.375,4,single,unique,test,test,Very_Poor,night,highway,Virginia,academic-noncommercial; see paper vs kaggle,True,07db5afa0c363d72c3c8b77230484905
roadside,ACCIDENT_real,BVXW2dz2OYA_00,real_videos/BVXW2dz2OYA_00.mp4,BVXW2dz2OYA,accident_time,3.375,34,10.011778563015312,6.792,68,3.417,4,single,unique,dev,test,Poor,night,highway,Virginia,academic-noncommercial; see paper vs kaggle,True,e436d628a160dc50cb4bb288646b5e41
roadside,ACCIDENT_real,sRM9RLRUYjI_00,real_videos/sRM9RLRUYjI_00.mp4,sRM9RLRUYjI,accident_time,1.6660000000000004,25,15.000437330534417,22.866,343,21.2,1,rear-end,unique,test,test,Poor,day,highway,Virginia,academic-noncommercial; see paper vs kaggle,True,8e7a0e66699732a82b296bc254729e38
roadside,ACCIDENT_real,TvOF9UpguyM_00,real_videos/TvOF9UpguyM_00.mp4,TvOF9UpguyM,accident_time,4.208,62,14.974763512384262,29.917,448,25.709000000000003,4,single,unique,train,test,Poor,night,highway,Virginia,academic-noncommercial; see paper vs kaggle,True,c68969903eecdb80036b3641858f2536
roadside,ACCIDENT_real,zKzNUiaoHZI_00,real_videos/zKzNUiaoHZI_00.mp4,zKzNUiaoHZI,accident_time,6.625,99,14.92225816550141,9.583,143,2.958,4,single,unique,train,test,Poor,night,highway,Virginia,academic-noncommercial; see paper vs kaggle,True,c8862fefb4ace481ec2d9466aedebc55
roadside,ACCIDENT_real,HFgLNfSjd6g_00,real_videos/HFgLNfSjd6g_00.mp4,HFgLNfSjd6g,accident_time,2.583,38,14.915138007886165,5.833,87,3.25,4,single,unique,train,test,Poor,night,grade_separated_intersection,Virginia,academic-noncommercial; see paper vs kaggle,True,6b6871d659422789cdc796f92300da6c
roadside,ACCIDENT_real,YyJF_uXryNs_00,real_videos/YyJF_uXryNs_00.mp4,YyJF_uXryNs,accident_time,6.042,90,14.957473848861083,20.458,306,14.415999999999999,4,single,unique,test,test,Very_Poor,day,highway,Virginia,academic-noncommercial; see paper vs kaggle,True,cc76be70f262c055c1d66ea3ba5bf10a
roadside,ACCIDENT_real,YyJF_uXryNs_01,real_videos/YyJF_uXryNs_01.mp4,YyJF_uXryNs,accident_time,7.540999999999999,113,14.985380116959064,8.208,123,0.6670000000000016,4,single,unique,test,test,Very_Poor,day,highway,Virginia,academic-noncommercial; see paper vs kaggle,True,435175750355fb1ca3636dd4f2d8f77a
roadside,ACCIDENT_real,EpkEvZLzKko_00,real_videos/EpkEvZLzKko_00.mp4,EpkEvZLzKko,accident_time,3.292,49,14.987649375792778,29.958,449,26.665999999999997,4,single,unique,test,test,Poor,day,signalized_intersection,Virginia,academic-noncommercial; see paper vs kaggle,True,d3398553ca0fef8bb4edf75956c6bac1
roadside,ACCIDENT_real,vXrwMyoMA4c_00,real_videos/vXrwMyoMA4c_00.mp4,vXrwMyoMA4c,accident_time,3.467,52,10.332309410779112,25.067,259,21.6,3,sideswipe,unique,test,test,Poor,day,tunnel,Virginia,academic-noncommercial; see paper vs kaggle,True,b68199997bfebf5664a52d0a58c1a756
roadside,ACCIDENT_real,9VsL3A3PJ1Q_00,real_videos/9VsL3A3PJ1Q_00.mp4,9VsL3A3PJ1Q,accident_time,3.167,47,11.222222222222221,9.0,101,5.833,4,single,unique,test,test,Poor,day,tunnel,Virginia,academic-noncommercial; see paper vs kaggle,True,418a06f1a1eed70f89981a4ad4cc232f
roadside,ACCIDENT_real,W1hVOBEgpJA_00,real_videos/W1hVOBEgpJA_00.mp4,W1hVOBEgpJA,accident_time,6.6209999999999996,100,15.015015015015015,24.975,375,18.354000000000003,3,sideswipe,unique,test,test,Very_Poor,day,highway,Virginia,academic-noncommercial; see paper vs kaggle,True,9c98ee84b34493ec441588d34c97ea4d
roadside,ACCIDENT_real,mz-y5-ksDA8_00,real_videos/mz-y5-ksDA8_00.mp4,mz-y5-ksDA8,accident_time,3.866,58,15.018867924528301,26.5,398,22.634,4,single,unique,test,test,Very_Poor,day,highway,Virginia,academic-noncommercial; see paper vs kaggle,True,87f5e841c948ff81ea3d919a43aa283d
roadside,ACCIDENT_real,BGxp7NOV0AQ_00,real_videos/BGxp7NOV0AQ_00.mp4,BGxp7NOV0AQ,accident_time,4.208,63,13.852727151345217,29.958,415,25.75,2,t-bone,unique,test,test,Poor,night,signalized_intersection,Virginia,academic-noncommercial; see paper vs kaggle,True,e3d7c23cda427f9d50037ff04107f322
roadside,ACCIDENT_real,4j9OcguWbcA_00,real_videos/4j9OcguWbcA_00.mp4,4j9OcguWbcA,accident_time,5.067,75,14.883628009189891,30.033,447,24.966,4,single,unique,test,test,Very_Poor,night,highway,Virginia,academic-noncommercial; see paper vs kaggle,True,05f7acb53924540a035351b014aadbdb
roadside,ACCIDENT_real,mgl0K0RP_y8_00,real_videos/mgl0K0RP_y8_00.mp4,mgl0K0RP_y8,accident_time,4.133,62,14.983518130056936,30.033,450,25.900000000000002,4,single,unique,test,test,Very_Poor,night,highway,Virginia,academic-noncommercial; see paper vs kaggle,True,4315fa131dfd7c425904b131756ebed3
roadside,ACCIDENT_real,SvX1Ifafid0_00,real_videos/SvX1Ifafid0_00.mp4,SvX1Ifafid0,accident_time,2.375,35,14.9610391830952,22.458333,336,20.083333,3,sideswipe,unique,train,test,Fine,day,highway,Virginia,academic-noncommercial; see paper vs kaggle,True,3b779973ec7a322f05de8e468c5493e5
roadside,ACCIDENT_real,IrzdCEl72lc_00,real_videos/IrzdCEl72lc_00.mp4,IrzdCEl72lc,accident_time,2.125,31,14.864312014182463,7.333,109,5.208,3,sideswipe,unique,test,test,Very_Poor,day,highway,Virginia,academic-noncommercial; see paper vs kaggle,True,a6404e62f6cb60d976faeb76eef2f531
roadside,ACCIDENT_real,DU2mJPGb3ys_00,real_videos/DU2mJPGb3ys_00.mp4,DU2mJPGb3ys,accident_time,5.699999999999999,85,14.837209302325581,21.5,319,15.8,3,sideswipe,unique,test,test,Very_Poor,day,grade_separated_intersection,Virginia,academic-noncommercial; see paper vs kaggle,True,ecb1ddf76a00b062406685d8a91cbce5
roadside,ACCIDENT_real,Gi1LR7ikvBo_00,real_videos/Gi1LR7ikvBo_00.mp4,Gi1LR7ikvBo,accident_time,3.083,46,18.35903598371053,29.958,550,26.875,3,sideswipe,unique,test,test,Very_Poor,day,highway,Virginia,academic-noncommercial; see paper vs kaggle,True,bed10fd0223544da749b2e515e1a2e35
roadside,ACCIDENT_real,Zq0TjWFlXQI_00,real_videos/Zq0TjWFlXQI_00.mp4,Zq0TjWFlXQI,accident_time,3.25,48,14.987482781501894,29.958333,449,26.708333,3,sideswipe,unique,train,test,Fine,day,highway,Virginia,academic-noncommercial; see paper vs kaggle,True,2381dd054880f3bae3a876b3468d0d48
roadside,ACCIDENT_real,mTYWjKznhOY_00,real_videos/mTYWjKznhOY_00.mp4,mTYWjKznhOY,accident_time,4.542,68,14.987649375792778,29.958,449,25.415999999999997,4,single,unique,train,test,Poor,day,highway,Virginia,academic-noncommercial; see paper vs kaggle,True,14f0f3c4682851f6d469b7c829102666
roadside,ACCIDENT_real,ifCSaYvb0JA_00,real_videos/ifCSaYvb0JA_00.mp4,ifCSaYvb0JA,accident_time,6.959,104,14.989473684210527,23.75,356,16.791,2,t-bone,unique,test,test,Very_Poor,day,highway,Virginia,academic-noncommercial; see paper vs kaggle,True,b3ba95327492e0a4deef68c11ea09e7c
roadside,ACCIDENT_real,pS8q0o3ygtI_00,real_videos/pS8q0o3ygtI_00.mp4,pS8q0o3ygtI,accident_time,1.6669999999999998,25,14.984126984126984,7.875,118,6.208,2,t-bone,unique,test,test,Very_Poor,night,highway,Virginia,academic-noncommercial; see paper vs kaggle,True,5e65b3378fad1b32543df0987b888297
roadside,ACCIDENT_real,sja7nF8p6tw_00,real_videos/sja7nF8p6tw_00.mp4,sja7nF8p6tw,accident_time,13.25,132,9.980528622870972,29.958333,299,16.708333,1,rear-end,unique,test,test,Poor,day,highway,Virginia,academic-noncommercial; see paper vs kaggle,True,780f2c9b27da1bc758eb2a0bc2617738
roadside,ACCIDENT_real,82garGyvexA_00,real_videos/82garGyvexA_00.mp4,82garGyvexA,accident_time,5.767,85,13.40767290588079,7.533,101,1.766,0,head-on,unique,test,test,Very_Poor,day,city_street,Virginia,academic-noncommercial; see paper vs kaggle,True,b021d1b1b609f0eb088b51e26dbcf636
roadside,ACCIDENT_real,WbLH4FMzHeo_00,real_videos/WbLH4FMzHeo_00.mp4,WbLH4FMzHeo,accident_time,7.708,115,14.968736183919662,15.833,237,8.125,4,single,unique,test,test,Very_Poor,night,highway,Virginia,academic-noncommercial; see paper vs kaggle,True,882299601816c1fd77003ac782860f60
roadside,ACCIDENT_real,PD-N1gMJNXg_00,real_videos/PD-N1gMJNXg_00.mp4,PD-N1gMJNXg,accident_time,6.625,99,14.999999819277111,27.666667,415,21.041667,3,sideswipe,unique,test,test,Very_Poor,day,highway,Virginia,academic-noncommercial; see paper vs kaggle,True,99fa396fbf9d8033d991f0c2566990f0
roadside,ACCIDENT_real,6MBstMRZV9g_00,real_videos/6MBstMRZV9g_00.mp4,6MBstMRZV9g,accident_time,4.042,60,14.92088924494292,29.958,447,25.915999999999997,0,head-on,unique,test,test,Poor,night,signalized_intersection,Virginia,academic-noncommercial; see paper vs kaggle,True,ad4a8369827d595c1ad2d25f48972ec9
roadside,ACCIDENT_real,nRLaHoFoa8s_00,real_videos/nRLaHoFoa8s_00.mp4,nRLaHoFoa8s,accident_time,7.333,88,9.707756092628172,29.667,288,22.334000000000003,2,t-bone,unique,test,test,Poor,night,signalized_intersection,Virginia,academic-noncommercial; see paper vs kaggle,True,e6c7ea1a42580bc5f71ee5dc5b3cf5e9
roadside,ACCIDENT_real,DHG33zf-bkk_00,real_videos/DHG33zf-bkk_00.mp4,DHG33zf-bkk,accident_time,5.375,80,14.58708859069364,29.958,437,24.583,4,single,unique,train,test,Poor,night,highway,Virginia,academic-noncommercial; see paper vs kaggle,True,06bcd7e86dce893d8cdfb3e005420758
roadside,ACCIDENT_real,MRyEislt23s_00,real_videos/MRyEislt23s_00.mp4,MRyEislt23s,accident_time,9.958,150,15.03544943362399,24.542,369,14.584000000000001,4,single,unique,test,test,Very_Poor,night,highway,Virginia,academic-noncommercial; see paper vs kaggle,True,16b58ae328d7af1b1eca83bcb0412c13
roadside,ACCIDENT_real,FFkOuMBHngY_00,real_videos/FFkOuMBHngY_00.mp4,FFkOuMBHngY,accident_time,1.833333,27,14.974930695820182,29.916666,448,28.083333,4,single,unique,dev,test,Fine,night,highway,Virginia,academic-noncommercial; see paper vs kaggle,True,39297eeca280c8f125611ed57668dfac
roadside,ACCIDENT_real,jiOupTjSods_00,real_videos/jiOupTjSods_00.mp4,jiOupTjSods,accident_time,8.133,122,15.000188444578448,26.533,398,18.400000000000002,4,single,unique,test,test,Very_Poor,day,highway,Virginia,academic-noncommercial; see paper vs kaggle,True,093a0e96ad0c255f908fbf7d5983202b
roadside,ACCIDENT_real,7O4STdn35L0_00,real_videos/7O4STdn35L0_00.mp4,7O4STdn35L0,accident_time,4.208,63,11.608190948219644,7.667,89,3.4589999999999996,3,sideswipe,unique,test,test,Fine,day,signalized_intersection,Virginia,academic-noncommercial; see paper vs kaggle,True,95140ddf38ff2059ada529e43587abbd
roadside,ACCIDENT_real,gtKsxCrjJ2Q_00,real_videos/gtKsxCrjJ2Q_00.mp4,gtKsxCrjJ2Q,accident_time,6.958,70,10.01401962747847,29.958,300,23.0,4,single,unique,train,test,Poor,day,highway,Virginia,academic-noncommercial; see paper vs kaggle,True,cf4e0184aba56b3b0d98bff7bc336d88
roadside,ACCIDENT_real,QbTAfMWdSN0_00,real_videos/QbTAfMWdSN0_00.mp4,QbTAfMWdSN0,accident_time,8.583,128,14.420168067226891,29.75,429,21.167,2,t-bone,unique,test,test,Fine,day,signalized_intersection,Virginia,academic-noncommercial; see paper vs kaggle,True,7b7f98cb0d8459c9348adfaa66d0fb12
roadside,ACCIDENT_real,TSHPa6dU_yo_00,real_videos/TSHPa6dU_yo_00.mp4,TSHPa6dU_yo,accident_time,6.25,94,14.506802152622255,29.917,434,23.667,2,t-bone,unique,test,test,Poor,day,simple_intersection,Virginia,academic-noncommercial; see paper vs kaggle,True,4b198a6ed74be2933ff06e847a0554ea
roadside,ACCIDENT_real,uwi_3_tL3us_00,real_videos/uwi_3_tL3us_00.mp4,uwi_3_tL3us,accident_time,3.067,46,15.000815261699005,6.133,92,3.066,4,single,unique,train,test,Poor,night,highway,Virginia,academic-noncommercial; see paper vs kaggle,True,0ba73284f2e4047915e44da5fda9ac87
roadside,ACCIDENT_real,EAXHuVGCmSA_00,real_videos/EAXHuVGCmSA_00.mp4,EAXHuVGCmSA,accident_time,5.041666,75,14.987482781501894,29.958333,449,24.916667,4,single,unique,train,test,Fine,day,highway,Virginia,academic-noncommercial; see paper vs kaggle,True,b878a87d0fd30bbb1b94e1974253d2b7
roadside,ACCIDENT_real,PYeSHbpGyn4_00,real_videos/PYeSHbpGyn4_00.mp4,PYeSHbpGyn4,accident_time,10.917,163,14.947594092424962,16.792,251,5.875000000000002,4,single,unique,test,test,Poor,day,highway,Virginia,academic-noncommercial; see paper vs kaggle,True,95c9972e30f296c772cc847096428ce5
roadside,ACCIDENT_real,C7fGGRaVtJs_00,real_videos/C7fGGRaVtJs_00.mp4,C7fGGRaVtJs,accident_time,3.542,53,14.98012840110058,6.542,98,3.0,4,single,unique,test,test,Poor,day,highway,Virginia,academic-noncommercial; see paper vs kaggle,True,dcec293c4d2600b78ed9ef5f86656e10
roadside,ACCIDENT_real,FImmtvW8KUI_00,real_videos/FImmtvW8KUI_00.mp4,FImmtvW8KUI,accident_time,5.708333,85,14.860681482617498,26.916666,400,21.208333,4,single,unique,test,test,Poor,day,highway,Virginia,academic-noncommercial; see paper vs kaggle,True,c93ecfb90c9ef2606e9fe24a2a1caffd
roadside,ACCIDENT_real,5bxGXH9wjOs_00,real_videos/5bxGXH9wjOs_00.mp4,5bxGXH9wjOs,accident_time,3.208,48,15.013648771610555,8.792,132,5.584,4,single,unique,test,test,Poor,day,highway,Virginia,academic-noncommercial; see paper vs kaggle,True,96bfa18285597e5cada3b80464cd9f1c
roadside,ACCIDENT_real,5bxGXH9wjOs_01,real_videos/5bxGXH9wjOs_01.mp4,5bxGXH9wjOs,accident_time,3.0410000000000004,46,14.835024298746697,23.458,348,20.416999999999998,4,single,unique,test,test,Poor,day,highway,Virginia,academic-noncommercial; see paper vs kaggle,True,6d125cc7a1f3865e960abbd691de1793
roadside,ACCIDENT_real,9Pfq8OtTeQA_00,real_videos/9Pfq8OtTeQA_00.mp4,9Pfq8OtTeQA,accident_time,4.708,70,14.946823799942512,6.958,104,2.25,4,single,unique,train,test,Poor,night,highway,Virginia,academic-noncommercial; see paper vs kaggle,True,3e50852bc5cdda2f53da513619fae8a0
roadside,ACCIDENT_real,LDFzVFnuKIg_00,real_videos/LDFzVFnuKIg_00.mp4,LDFzVFnuKIg,accident_time,3.667,52,14.833333333333334,30.0,445,26.333,4,single,unique,test,test,Very_Poor,night,highway,Virginia,academic-noncommercial; see paper vs kaggle,True,f1b404761a91a452ec7ea1cdebacfa58
roadside,ACCIDENT_real,ZZM8_m1ngcc_00,real_videos/ZZM8_m1ngcc_00.mp4,ZZM8_m1ngcc,accident_time,3.083333,46,14.987482781501894,29.958333,449,26.875,4,single,unique,test,test,Poor,day,grade_separated_intersection,Virginia,academic-noncommercial; see paper vs kaggle,True,7ed98382c45b01ec317479cc2be6f2f0
roadside,ACCIDENT_real,kM5FhXJsyWA_00,real_videos/kM5FhXJsyWA_00.mp4,kM5FhXJsyWA,accident_time,6.800000000000001,102,14.999817963374232,27.467,412,20.666999999999998,4,single,unique,test,test,Poor,day,grade_separated_intersection,Virginia,academic-noncommercial; see paper vs kaggle,True,3469483614fcd37b791d802adf41871f
roadside,ACCIDENT_real,Mz3oLId8I5Y_00,real_videos/Mz3oLId8I5Y_00.mp4,Mz3oLId8I5Y,accident_time,2.75,41,14.995042961004627,24.208,363,21.458,4,single,unique,test,test,Poor,day,highway,Virginia,academic-noncommercial; see paper vs kaggle,True,a9055e21889653c16d2f89bec6cbc321
roadside,ACCIDENT_real,_NywzqOXZGE_00,real_videos/_NywzqOXZGE_00.mp4,_NywzqOXZGE,accident_time,2.208,32,14.796102490075786,5.542,82,3.3339999999999996,4,single,unique,test,test,Poor,day,highway,Virginia,academic-noncommercial; see paper vs kaggle,True,d2c3da08db689e37a294aa3d7351f63c
roadside,ACCIDENT_real,C5Vqz3BcyAs_00,real_videos/C5Vqz3BcyAs_00.mp4,C5Vqz3BcyAs,accident_time,5.583,83,14.938165789151464,8.167,122,2.5839999999999996,4,single,unique,test,test,Poor,day,highway,Virginia,academic-noncommercial; see paper vs kaggle,True,b1d1e9d01e10a2f94094c4765892ca40
roadside,ACCIDENT_real,nS5_c56gJKM_00,real_videos/nS5_c56gJKM_00.mp4,nS5_c56gJKM,accident_time,4.667,70,14.987649375792778,29.958,449,25.290999999999997,4,single,unique,train,test,Fine,day,highway,Virginia,academic-noncommercial; see paper vs kaggle,True,085309580a9e66e3ff21089307b00f3c
roadside,ACCIDENT_real,QfxL7R00yJE_00,real_videos/QfxL7R00yJE_00.mp4,QfxL7R00yJE,accident_time,0.9329999999999998,14,14.924239547336043,26.333,393,25.4,4,single,unique,test,test,Very_Poor,day,highway,Virginia,academic-noncommercial; see paper vs kaggle,True,aee1ea97ee2530cdad8975f3e9140b42
roadside,ACCIDENT_real,WeNSWeu3fe4_00,real_videos/WeNSWeu3fe4_00.mp4,WeNSWeu3fe4,accident_time,1.875,28,14.987649375792778,29.958,449,28.083,4,single,unique,test,test,Poor,day,grade_separated_intersection,Virginia,academic-noncommercial; see paper vs kaggle,True,d002506da841eb12ab9960f4dea137d4
roadside,ACCIDENT_real,rEKHRhOLjm4_00,real_videos/rEKHRhOLjm4_00.mp4,rEKHRhOLjm4,accident_time,9.443,142,14.992739118489737,25.479,382,16.036,4,single,unique,test,test,Poor,day,highway,Virginia,academic-noncommercial; see paper vs kaggle,True,c00d54ca4226c62dbcdf259694619f28
roadside,ACCIDENT_real,PIcPcm3xtX8_00,real_videos/PIcPcm3xtX8_00.mp4,PIcPcm3xtX8,accident_time,4.5,65,14.596491228070175,7.125,104,2.625,4,single,unique,test,test,Very_Poor,night,highway,Virginia,academic-noncommercial; see paper vs kaggle,True,8e14683a11c90aa0a1910832826a4611
roadside,ACCIDENT_real,6z5WuGfCv1U_00,real_videos/6z5WuGfCv1U_00.mp4,6z5WuGfCv1U,accident_time,1.3330000000000002,21,15.033577533577535,26.208,394,24.875,4,single,unique,test,test,Very_Poor,day,highway,Virginia,academic-noncommercial; see paper vs kaggle,True,3f579faba3396804afd0aa561ce203bc
roadside,ACCIDENT_real,2CilSgyYnK0_00,real_videos/2CilSgyYnK0_00.mp4,2CilSgyYnK0,accident_time,2.733,40,14.9,30.0,447,27.267,4,single,unique,test,test,Poor,day,highway,Virginia,academic-noncommercial; see paper vs kaggle,True,e0f0582c1ee7171a941483ac259bd0e5
roadside,ACCIDENT_real,ov4h43VcSuQ_00,real_videos/ov4h43VcSuQ_00.mp4,ov4h43VcSuQ,accident_time,4.25,63,14.987649375792778,29.958,449,25.708,4,single,unique,test,test,Poor,day,highway,Virginia,academic-noncommercial; see paper vs kaggle,True,c35ebab25935713d6d5c97281e79d8fe
roadside,ACCIDENT_real,gmz3d4kegRk_00,real_videos/gmz3d4kegRk_00.mp4,gmz3d4kegRk,accident_time,7.156,106,14.840406737073534,25.471,378,18.315,4,single,unique,test,test,Very_Poor,day,highway,Virginia,academic-noncommercial; see paper vs kaggle,True,e6af4ac279ed9a89f3750b8a989bcefb
roadside,ACCIDENT_real,VXFyQ2zekTg_00,real_videos/VXFyQ2zekTg_00.mp4,VXFyQ2zekTg,accident_time,2.934,43,14.78664976763836,4.734,70,1.7999999999999998,3,sideswipe,unique,test,test,Poor,day,grade_separated_intersection,Virginia,academic-noncommercial; see paper vs kaggle,True,8548b73e92ad1e62ea425bf102f1ac67
roadside,ACCIDENT_real,d0uvO8FDM6U_00,real_videos/d0uvO8FDM6U_00.mp4,d0uvO8FDM6U,accident_time,4.792,48,10.009099181073704,8.792,88,4.0,4,single,unique,train,test,Poor,day,highway,Virginia,academic-noncommercial; see paper vs kaggle,True,fe5474e28db7e26e11e4acf54c775959
roadside,ACCIDENT_real,_wf9h2X_uU0_00,real_videos/_wf9h2X_uU0_00.mp4,_wf9h2X_uU0,accident_time,2.917,40,14.141847010927792,4.667,66,1.75,3,sideswipe,unique,test,test,Very_Poor,day,highway,Virginia,academic-noncommercial; see paper vs kaggle,True,6c134570b54fad4f3f4b04c93e24fe9f
roadside,ACCIDENT_real,Gg9E2AQBMpM_00,real_videos/Gg9E2AQBMpM_00.mp4,Gg9E2AQBMpM,accident_time,6.916667,103,14.9749301952654,29.916667,448,23.0,2,t-bone,unique,test,test,Very_Poor,day,highway,Virginia,academic-noncommercial; see paper vs kaggle,True,9d9be82ff1a8f0dd53a919a604d4c617
roadside,ACCIDENT_real,o5neAPqmNm8_00,real_videos/o5neAPqmNm8_00.mp4,o5neAPqmNm8,accident_time,8.633,71,8.146341463414634,20.5,167,11.867,4,single,unique,test,test,Very_Poor,night,highway,Virginia,academic-noncommercial; see paper vs kaggle,True,7003ea34bf594a17f7d76844e05d0a26
roadside,ACCIDENT_real,uD3kjTme_dU_00,real_videos/uD3kjTme_dU_00.mp4,uD3kjTme_dU,accident_time,6.0,89,14.867712479512996,8.542,127,2.542,4,single,unique,dev,test,Poor,day,highway,Virginia,academic-noncommercial; see paper vs kaggle,True,f7eef34bbc638ce965f468bd4eb45cd2
roadside,ACCIDENT_real,uD3kjTme_dU_01,real_videos/uD3kjTme_dU_01.mp4,uD3kjTme_dU,accident_time,1.5830000000000002,24,15.0,3.0,45,1.4169999999999998,4,single,unique,dev,test,Poor,day,highway,Virginia,academic-noncommercial; see paper vs kaggle,True,a572cbd94d6512e5473a79630ff9dd07
roadside,ACCIDENT_real,gRuYZISmQ3k_00,real_videos/gRuYZISmQ3k_00.mp4,gRuYZISmQ3k,accident_time,9.058824000000001,136,14.976190387046486,29.647059,444,20.588234999999997,4,single,unique,test,test,Very_Poor,night,highway,Virginia,academic-noncommercial; see paper vs kaggle,True,fb9a78016f313ac536dc366b276d4fff
roadside,ACCIDENT_real,c2lwfGKeaQU_00,real_videos/c2lwfGKeaQU_00.mp4,c2lwfGKeaQU,accident_time,1.46,22,13.973868077211543,25.333,354,23.872999999999998,4,single,unique,test,test,Very_Poor,night,highway,Virginia,academic-noncommercial; see paper vs kaggle,True,28a30d518bf6156ab4e9c34dbb173582
roadside,ACCIDENT_real,Sv7nUzdTUDo_00,real_videos/Sv7nUzdTUDo_00.mp4,Sv7nUzdTUDo,accident_time,7.625,114,14.956521739130435,23.0,344,15.375,4,single,unique,dev,test,Poor,day,highway,Virginia,academic-noncommercial; see paper vs kaggle,True,8d26cccd02c596676444e191a048724b
roadside,ACCIDENT_real,RHwcGsU3d08_00,real_videos/RHwcGsU3d08_00.mp4,RHwcGsU3d08,accident_time,5.458333,82,14.987482781501894,29.958333,449,24.5,3,sideswipe,unique,train,test,Fine,day,highway,Virginia,academic-noncommercial; see paper vs kaggle,True,086cd606fb93b9c545e568f67e34878e
roadside,ACCIDENT_real,HjA3G2yYrNg_00,real_videos/HjA3G2yYrNg_00.mp4,HjA3G2yYrNg,accident_time,4.6,68,14.933297935886374,15.067,225,10.467,4,single,unique,test,test,Poor,day,grade_separated_intersection,Virginia,academic-noncommercial; see paper vs kaggle,True,12d39088988698e3a33d9fec70f65fe0
roadside,ACCIDENT_real,kR4rLZ7ANAQ_00,real_videos/kR4rLZ7ANAQ_00.mp4,kR4rLZ7ANAQ,accident_time,5.583,83,14.880595223808951,8.333,124,2.75,2,t-bone,unique,test,test,Poor,day,grade_separated_intersection,Virginia,academic-noncommercial; see paper vs kaggle,True,f92c90638639c9cfa0d77fc523d845f3
roadside,ACCIDENT_real,Tx7F-6IsLCU_00,real_videos/Tx7F-6IsLCU_00.mp4,Tx7F-6IsLCU,accident_time,3.8,57,15.0,14.8,222,11.0,3,sideswipe,unique,test,test,Poor,day,highway,Virginia,academic-noncommercial; see paper vs kaggle,True,18b1bbe280c69ba5f4c99033fcfa7e4b
roadside,ACCIDENT_real,ZQ4epUNXIYU_00,real_videos/ZQ4epUNXIYU_00.mp4,ZQ4epUNXIYU,accident_time,4.375,65,14.987649375792778,29.958,449,25.583,4,single,unique,test,test,Poor,day,highway,Virginia,academic-noncommercial; see paper vs kaggle,True,679fadb572eaf46cf964f2387da8136c
roadside,ACCIDENT_real,DksclwuFCXI_00,real_videos/DksclwuFCXI_00.mp4,DksclwuFCXI,accident_time,4.916665999999999,73,14.86829268292683,25.625,381,20.708334,4,single,unique,dev,test,Poor,day,highway,Virginia,academic-noncommercial; see paper vs kaggle,True,fb929dec5a88fca2c00d476cccdca538
roadside,ACCIDENT_real,7sPi12elNPc_00,real_videos/7sPi12elNPc_00.mp4,7sPi12elNPc,accident_time,2.167,32,14.977777777777778,22.5,337,20.333,3,sideswipe,unique,test,test,Poor,day,highway,Virginia,academic-noncommercial; see paper vs kaggle,True,26187783e7265076df24f0d3d60f94e6
roadside,ACCIDENT_real,BX8gqiZIIHs_00,real_videos/BX8gqiZIIHs_00.mp4,BX8gqiZIIHs,accident_time,7.2,107,14.897959183673468,9.8,146,2.6000000000000005,4,single,unique,train,test,Poor,day,highway,Virginia,academic-noncommercial; see paper vs kaggle,True,c96e42a10bfdb0a27fcdb8910eb1d23c
roadside,ACCIDENT_real,CIN6BgkbMDQ_00,real_videos/CIN6BgkbMDQ_00.mp4,CIN6BgkbMDQ,accident_time,8.902,133,14.902521179953046,29.391000000000002,438,20.489000000000004,4,single,unique,test,test,Poor,day,grade_separated_intersection,Virginia,academic-noncommercial; see paper vs kaggle,True,33fb5f369f04995ee90020ba88599dea
roadside,ACCIDENT_real,CftpplTN-Qc_00,real_videos/CftpplTN-Qc_00.mp4,CftpplTN-Qc,accident_time,3.875,27,6.99581589958159,29.875,209,26.0,2,t-bone,unique,test,test,Poor,night,signalized_intersection,Virginia,academic-noncommercial; see paper vs kaggle,True,f987e55faa0d85a1052b7b8c71a79053
roadside,ACCIDENT_real,qWlYogH_23M_00,real_videos/qWlYogH_23M_00.mp4,qWlYogH_23M,accident_time,2.875,43,14.987649375792778,29.958,449,27.083,0,head-on,unique,test,test,Poor,night,signalized_intersection,Virginia,academic-noncommercial; see paper vs kaggle,True,ca4ca9d040033b0597e67040b765ef92
roadside,ACCIDENT_real,pVzWMPYJOrI_00,real_videos/pVzWMPYJOrI_00.mp4,pVzWMPYJOrI,accident_time,3.958333,48,11.446153846153846,8.125,93,4.166667,4,single,unique,train,test,Poor,night,highway,Virginia,academic-noncommercial; see paper vs kaggle,True,3234470d80e66acf711951b9010863dc
roadside,ACCIDENT_real,R9u_i3M7YYA_00,real_videos/R9u_i3M7YYA_00.mp4,R9u_i3M7YYA,accident_time,5.433,81,14.979609964872614,24.767,371,19.334,4,single,unique,train,test,Poor,day,highway,Virginia,academic-noncommercial; see paper vs kaggle,True,2bf5f3f14f713d9b0d3c2100741a66ad
roadside,ACCIDENT_real,RKxTyn2z-QQ_00,real_videos/RKxTyn2z-QQ_00.mp4,RKxTyn2z-QQ,accident_time,5.708,85,14.987649375792778,29.958,449,24.25,4,single,unique,test,test,Very_Poor,night,highway,Virginia,academic-noncommercial; see paper vs kaggle,True,11ec7a5a35c86bcd61ac9ab77a8e37be
roadside,ACCIDENT_real,D6jE82ExHv4_00,real_videos/D6jE82ExHv4_00.mp4,D6jE82ExHv4,accident_time,3.208,32,10.01669449081803,4.792,48,1.5839999999999996,4,single,unique,test,test,Very_Poor,night,highway,Virginia,academic-noncommercial; see paper vs kaggle,True,51eec13665848f4e9a9c753658f2b2b8
roadside,ACCIDENT_real,D6jE82ExHv4_01,real_videos/D6jE82ExHv4_01.mp4,D6jE82ExHv4,accident_time,1.375,14,9.526535284978332,24.458,233,23.083,4,single,unique,test,test,Very_Poor,night,highway,Virginia,academic-noncommercial; see paper vs kaggle,True,727caa94cb74e9877b928d3e9282f29b
roadside,ACCIDENT_real,MenTH2yFi6c_00,real_videos/MenTH2yFi6c_00.mp4,MenTH2yFi6c,accident_time,4.333,65,14.933333333333334,30.0,448,25.667,4,single,unique,test,test,Poor,day,grade_separated_intersection,Virginia,academic-noncommercial; see paper vs kaggle,True,73009339d3629810041af4dffb9bcef1
roadside,ACCIDENT_real,h9vCRW9MVKI_00,real_videos/h9vCRW9MVKI_00.mp4,h9vCRW9MVKI,accident_time,7.208,108,14.987649375792778,29.958,449,22.75,4,single,unique,test,test,Very_Poor,day,highway,Virginia,academic-noncommercial; see paper vs kaggle,True,4519cc0580b447919fad6aadc7d1c336
roadside,ACCIDENT_real,F40LX7-M7xc_00,real_videos/F40LX7-M7xc_00.mp4,F40LX7-M7xc,accident_time,4.083,61,14.25127623369257,28.208,402,24.125,2,t-bone,unique,test,test,Poor,day,signalized_intersection,Virginia,academic-noncommercial; see paper vs kaggle,True,a8cc83133687df65d5e6b007f0b1077e
roadside,ACCIDENT_real,_KmJLS_TJKY_00,real_videos/_KmJLS_TJKY_00.mp4,_KmJLS_TJKY,accident_time,4.166667,62,14.920723392720149,29.958333,447,25.791666,2,t-bone,unique,test,test,Poor,day,signalized_intersection,Virginia,academic-noncommercial; see paper vs kaggle,True,11a553bec773cb14b623474d0edc55d9
roadside,ACCIDENT_real,8jfM1_kqjuY_00,real_videos/8jfM1_kqjuY_00.mp4,8jfM1_kqjuY,accident_time,12.433,62,4.994469211946503,29.833,149,17.4,2,t-bone,unique,test,test,Very_Poor,day,simple_intersection,Virginia,academic-noncommercial; see paper vs kaggle,True,2dfa833d60e3cadc3d5f0e253de55279
roadside,ACCIDENT_real,32Ou4XKEmgs_00,real_videos/32Ou4XKEmgs_00.mp4,32Ou4XKEmgs,accident_time,1.875,28,14.885860602378266,23.042,343,21.167,4,single,unique,train,test,Fine,day,highway,Virginia,academic-noncommercial; see paper vs kaggle,True,56cacc0aab98b1a0b3d1af48ce381708
roadside,ACCIDENT_real,NxY_zN9UWqA_00,real_videos/NxY_zN9UWqA_00.mp4,NxY_zN9UWqA,accident_time,8.792,131,14.987649375792778,29.958,449,21.165999999999997,4,single,unique,dev,test,Poor,day,highway,Virginia,academic-noncommercial; see paper vs kaggle,True,7d12595f70b6ee697109846300d36d0d
roadside,ACCIDENT_real,YP7fpPBpqis_00,real_videos/YP7fpPBpqis_00.mp4,YP7fpPBpqis,accident_time,5.367,80,14.979934040608732,25.167,377,19.8,4,single,unique,train,test,Poor,night,grade_separated_intersection,Virginia,academic-noncommercial; see paper vs kaggle,True,2d2829c48166cb671c9374a5e55ba144
roadside,ACCIDENT_real,ufVELUluHJE_00,real_videos/ufVELUluHJE_00.mp4,ufVELUluHJE,accident_time,3.833,57,14.969126177259401,16.033,240,12.200000000000001,4,single,unique,train,test,Poor,day,highway,Virginia,academic-noncommercial; see paper vs kaggle,True,1c6e8720001f74281177ebed67477b71
roadside,ACCIDENT_real,jBUe4pPfIEg_00,real_videos/jBUe4pPfIEg_00.mp4,jBUe4pPfIEg,accident_time,14.458,217,14.987649375792778,29.958,449,15.499999999999998,4,single,unique,test,test,Fine,day,signalized_intersection,Virginia,academic-noncommercial; see paper vs kaggle,True,e31a3474a9b8a0a5729cb393b84567a3
roadside,ACCIDENT_real,HMh6V4MXD38_00,real_videos/HMh6V4MXD38_00.mp4,HMh6V4MXD38,accident_time,6.625,99,14.936169894975109,15.666667,234,9.041667,4,single,unique,train,test,Poor,day,highway,Virginia,academic-noncommercial; see paper vs kaggle,True,70fc5672cb82bf4b8277630a205aa102
roadside,ACCIDENT_real,uC7g8msxRak_00,real_videos/uC7g8msxRak_00.mp4,uC7g8msxRak,accident_time,6.625,99,14.984126984126984,23.625,354,17.0,1,rear-end,unique,dev,test,Fine,day,highway,Virginia,academic-noncommercial; see paper vs kaggle,True,7aa85fd31ee1e0eae133cc7043ecefe4
roadside,ACCIDENT_real,LrMyR9M_g3I_00,real_videos/LrMyR9M_g3I_00.mp4,LrMyR9M_g3I,accident_time,3.875,57,14.974763512384262,29.917,448,26.042,4,single,unique,train,test,Poor,day,highway,Virginia,academic-noncommercial; see paper vs kaggle,True,155801016cc356141990c7d0a2e37857
roadside,ACCIDENT_real,3Jiii8dJ4UY_00,real_videos/3Jiii8dJ4UY_00.mp4,3Jiii8dJ4UY,accident_time,5.167,52,10.01401962747847,29.958,300,24.790999999999997,4,single,unique,train,test,Poor,day,highway,Virginia,academic-noncommercial; see paper vs kaggle,True,a6ceb6a253f9b464bef29f8bd6d3b716
roadside,ACCIDENT_real,mEEMZBZHIrc_00,real_videos/mEEMZBZHIrc_00.mp4,mEEMZBZHIrc,accident_time,13.328999999999999,197,14.611963754305012,29.907,437,16.578000000000003,4,single,unique,train,test,Poor,day,highway,Virginia,academic-noncommercial; see paper vs kaggle,True,c4bba3ec621ea0ceab4b9d4fb78c0250
roadside,ACCIDENT_real,QE6eIgOY5v8_00,real_videos/QE6eIgOY5v8_00.mp4,QE6eIgOY5v8,accident_time,1.4580000000000002,22,14.945652173913043,4.416,66,2.958,4,single,unique,test,test,Very_Poor,night,highway,Virginia,academic-noncommercial; see paper vs kaggle,True,eb31af4669593cf4a28382a0a1ff2031
roadside,ACCIDENT_real,yaP_9SJBWUg_00,real_videos/yaP_9SJBWUg_00.mp4,yaP_9SJBWUg,accident_time,26.960266,412,15.083817612800772,30.363666000000002,458,3.4034000000000013,4,single,unique,test,train,Fine,night,parking_lot,World,academic-noncommercial; see paper vs kaggle,True,57679ccd9645018d4f57f338a6d81565
roadside,ACCIDENT_real,-dqVECYKOk4_00,real_videos/-dqVECYKOk4_00.mp4,-dqVECYKOk4,accident_time,6.667,44,15.409539597618867,26.542,409,19.875,4,single,unique,test,test,Poor,night,signalized_intersection,Virginia,academic-noncommercial; see paper vs kaggle,True,7581bf78fd4042f37b156065d6f8011f
roadside,ACCIDENT_real,THjJUsS8MXk_00,real_videos/THjJUsS8MXk_00.mp4,THjJUsS8MXk,accident_time,7.0,105,14.966574649948448,30.067,450,23.067,1,rear-end,unique,train,test,Very_Poor,night,highway,Virginia,academic-noncommercial; see paper vs kaggle,True,db95166e5d16639567794e792ff36c32
roadside,ACCIDENT_real,wVHxOW_jAvo_00,real_videos/wVHxOW_jAvo_00.mp4,wVHxOW_jAvo,accident_time,5.416667,81,15.005484241236065,22.791666999999997,342,17.374999999999996,1,rear-end,unique,test,test,Poor,day,grade_separated_intersection,Virginia,academic-noncommercial; see paper vs kaggle,True,dbd2dab437fac0345fc3a366589a162a
roadside,ACCIDENT_real,yA0g2eWjmNs_00,real_videos/yA0g2eWjmNs_00.mp4,yA0g2eWjmNs,accident_time,4.875,72,14.974763512384262,29.917,448,25.042,4,single,unique,dev,test,Poor,night,highway,Virginia,academic-noncommercial; see paper vs kaggle,True,aec961fdda46749c8f0ab621840adea4
roadside,ACCIDENT_real,FGZ7r8JC1MY_00,real_videos/FGZ7r8JC1MY_00.mp4,FGZ7r8JC1MY,accident_time,6.958,104,14.993377483443709,18.875,283,11.917,4,single,unique,train,test,Poor,night,highway,Virginia,academic-noncommercial; see paper vs kaggle,True,5d1f625ac7d78905b9a73777167a1586
roadside,ACCIDENT_real,YkJBdoMtBfU_00,real_videos/YkJBdoMtBfU_00.mp4,YkJBdoMtBfU,accident_time,3.733,55,14.857789726899675,7.067,105,3.334,4,single,unique,test,test,Very_Poor,night,grade_separated_intersection,Virginia,academic-noncommercial; see paper vs kaggle,True,8a9d54e77fb6edbc38d55233f157d0da
roadside,ACCIDENT_real,YkJBdoMtBfU_01,real_videos/YkJBdoMtBfU_01.mp4,YkJBdoMtBfU,accident_time,2.0,30,15.0,24.2,363,22.2,4,single,unique,test,test,Very_Poor,night,grade_separated_intersection,Virginia,academic-noncommercial; see paper vs kaggle,True,51f3b7f6a51c02abe7918eeb81e696da
roadside,ACCIDENT_real,y-yIv_dFHuc_00,real_videos/y-yIv_dFHuc_00.mp4,y-yIv_dFHuc,accident_time,5.572,84,15.07537688442211,7.562,114,1.9900000000000002,4,single,unique,test,test,Very_Poor,night,highway,Virginia,academic-noncommercial; see paper vs kaggle,True,1d352469e50244e7e2b3020bfe96e31f
roadside,ACCIDENT_real,x7R33QUiHHM_00,real_videos/x7R33QUiHHM_00.mp4,x7R33QUiHHM,accident_time,7.125,105,14.866666666666667,30.0,446,22.875,1,rear-end,unique,test,test,Very_Poor,night,highway,Virginia,academic-noncommercial; see paper vs kaggle,True,25b830a038034171e2ea3b9c6772e1c0
roadside,ACCIDENT_real,Ok6RsksG3fY_00,real_videos/Ok6RsksG3fY_00.mp4,Ok6RsksG3fY,accident_time,24.0,347,13.537453621686666,29.917,405,5.917000000000002,4,single,unique,test,test,Very_Poor,night,highway,Virginia,academic-noncommercial; see paper vs kaggle,True,ef6bcbb7eded97fba98321a023b63d5a
roadside,ACCIDENT_real,xBSWuwJElBc_00,real_videos/xBSWuwJElBc_00.mp4,xBSWuwJElBc,accident_time,11.916667,178,14.921052238919678,12.666667,189,0.75,3,sideswipe,unique,test,test,Poor,day,signalized_intersection,Virginia,academic-noncommercial; see paper vs kaggle,True,711d9814e5587c43290fe8f8427e86f4
roadside,ACCIDENT_real,w-oDFvzkC8o_00,real_videos/w-oDFvzkC8o_00.mp4,w-oDFvzkC8o,accident_time,7.023,105,14.94904635393949,25.219,377,18.196,2,t-bone,unique,test,test,Poor,day,highway,Virginia,academic-noncommercial; see paper vs kaggle,True,1d2af6b6623cdf321102e8b152c99ef1
roadside,ACCIDENT_real,aP-xY6fjndg_00,real_videos/aP-xY6fjndg_00.mp4,aP-xY6fjndg,accident_time,6.034,70,10.550918196994992,29.95,316,23.916,2,t-bone,unique,test,train,Fine,day,simple_intersection,World,academic-noncommercial; see paper vs kaggle,True,968342b586e41d6ff9f41a7d9050bab0
roadside,ACCIDENT_real,1ySfr7IZBs8_00,real_videos/1ySfr7IZBs8_00.mp4,1ySfr7IZBs8,accident_time,0.8330000000000002,12,14.932823093881288,24.040999999999997,359,23.208,4,single,unique,test,test,Very_Poor,night,grade_separated_intersection,Virginia,academic-noncommercial; see paper vs kaggle,True,1461f7e211766151beebcf33f700371d
roadside,ACCIDENT_real,0jlyeLcFLVc_00,real_videos/0jlyeLcFLVc_00.mp4,0jlyeLcFLVc,accident_time,3.4029999999999996,85,25.085297766749378,25.792,647,22.389000000000003,4,single,unique,test,train,Good,day,highway,World,academic-noncommercial; see paper vs kaggle,True,b1732d3d1e214e29fe4843239fbf2510
roadside,ACCIDENT_real,kkwEN_zBCx8_00,real_videos/kkwEN_zBCx8_00.mp4,kkwEN_zBCx8,accident_time,6.0,134,23.0188679245283,15.9,366,9.9,2,t-bone,unique,test,train,Good,day,city_street,World,academic-noncommercial; see paper vs kaggle,True,c0c86479d3cc18148b6cf6b899d9a3eb
roadside,ACCIDENT_real,kkwEN_zBCx8_01,real_videos/kkwEN_zBCx8_01.mp4,kkwEN_zBCx8,accident_time,3.633333,71,19.952152155399418,6.966667,139,3.3333340000000002,1,rear-end,unique,test,train,Excellent,day,city_street,World,academic-noncommercial; see paper vs kaggle,True,b020ea4bc821ceb21379cae2682e04ba
roadside,ACCIDENT_real,kkwEN_zBCx8_02,real_videos/kkwEN_zBCx8_02.mp4,kkwEN_zBCx8,accident_time,4.933333,115,16.42500041062501,13.333333,219,8.399999999999999,2,t-bone,unique,test,train,Fine,day,parking_lot,World,academic-noncommercial; see paper vs kaggle,True,fab7afd0e8d9b8a9e37df2ba7ab3cedc
roadside,ACCIDENT_real,nbSL1Tri9gc_00,real_videos/nbSL1Tri9gc_00.mp4,nbSL1Tri9gc,accident_time,1.566,39,28.43188557474272,5.733,163,4.167,4,single,unique,test,train,Poor,night,tunnel,World,academic-noncommercial; see paper vs kaggle,True,81ce656424e7dc244cc57ec6039ffa3f
roadside,ACCIDENT_real,h7MY4vNQ2Ak_00,real_videos/h7MY4vNQ2Ak_00.mp4,h7MY4vNQ2Ak,accident_time,5.654,85,14.732411304870714,29.934,441,24.28,2,t-bone,unique,test,test,Poor,day,simple_intersection,Virginia,academic-noncommercial; see paper vs kaggle,True,329309353cbe6618f064d9117052f3f9
roadside,ACCIDENT_real,IlublX9hlVc_00,real_videos/IlublX9hlVc_00.mp4,IlublX9hlVc,accident_time,5.5,82,14.92088924494292,29.958,447,24.458,2,t-bone,unique,test,test,Fine,day,signalized_intersection,Virginia,academic-noncommercial; see paper vs kaggle,True,de8545c3b91b8aaf289feb986de2d178
roadside,ACCIDENT_real,fcJD3Xt4zzA_00,real_videos/fcJD3Xt4zzA_00.mp4,fcJD3Xt4zzA,accident_time,3.292,49,14.954269310367849,29.958,448,26.665999999999997,2,t-bone,unique,test,test,Poor,day,signalized_intersection,Virginia,academic-noncommercial; see paper vs kaggle,True,e16e433380ca3ddd0da91a08fb5e2411
roadside,ACCIDENT_real,5caUHPE480M_00,real_videos/5caUHPE480M_00.mp4,5caUHPE480M,accident_time,7.72,192,24.8868778280543,26.52,660,18.8,0,head-on,unique,test,train,Poor,night,highway,World,academic-noncommercial; see paper vs kaggle,True,6a003493bbd445e43dd8fa495b2e6d6e
roadside,ACCIDENT_real,eilpGahN9JI_00,real_videos/eilpGahN9JI_00.mp4,eilpGahN9JI,accident_time,4.292,64,14.987649375792778,29.958,449,25.665999999999997,1,rear-end,unique,test,test,Very_Poor,night,grade_separated_intersection,Florida,academic-noncommercial; see paper vs kaggle,True,8b14a462ebd61981adcb69171d07fb1d
roadside,ACCIDENT_real,EJodW3XFdU4_00,real_videos/EJodW3XFdU4_00.mp4,EJodW3XFdU4,accident_time,4.76,119,25.0,30.0,750,25.240000000000002,2,t-bone,unique,test,test,Fine,day,signalized_intersection,Florida,academic-noncommercial; see paper vs kaggle,True,26bb9172b9d52d97ce1248a6d1db8ce1
roadside,ACCIDENT_real,JvLt2kMm3Qs_00,real_videos/JvLt2kMm3Qs_00.mp4,JvLt2kMm3Qs,accident_time,4.125,61,14.907573047107931,6.708,100,2.583,3,sideswipe,unique,test,test,Poor,day,highway,Florida,academic-noncommercial; see paper vs kaggle,True,ef7016d898f0078d02435d14012291e0
roadside,ACCIDENT_real,qfCt6R_rTMY_00,real_videos/qfCt6R_rTMY_00.mp4,qfCt6R_rTMY,accident_time,6.25,93,14.987649375792778,29.958,449,23.708,1,rear-end,unique,test,test,Poor,day,highway,Florida,academic-noncommercial; see paper vs kaggle,True,dd514c5fa0f2ba83530014ed6e98c368
roadside,ACCIDENT_real,u4lFhg1C20o_00,real_videos/u4lFhg1C20o_00.mp4,u4lFhg1C20o,accident_time,2.833,57,18.086561884739883,29.967,542,27.134,4,single,unique,test,test,Poor,day,grade_separated_intersection,Florida,academic-noncommercial; see paper vs kaggle,True,0b064577c3b323b13ea5022f449e5967
roadside,ACCIDENT_real,Uc85umAPCc0_00,real_videos/Uc85umAPCc0_00.mp4,Uc85umAPCc0,accident_time,3.4,102,29.766666666666666,30.0,893,26.6,2,t-bone,unique,test,test,Fine,day,grade_separated_intersection,Florida,academic-noncommercial; see paper vs kaggle,True,fbc59d5e9f6824c03115f59846514c84
roadside,ACCIDENT_real,eZGqsmnXpHQ_00,real_videos/eZGqsmnXpHQ_00.mp4,eZGqsmnXpHQ,accident_time,2.367,71,29.99778614124419,9.033999999999999,271,6.666999999999999,3,sideswipe,unique,test,test,Poor,day,highway,Florida,academic-noncommercial; see paper vs kaggle,True,4475d6041f84d096cfb2dee8b75ddd66
roadside,ACCIDENT_real,jzIahqK1XpM_00,real_videos/jzIahqK1XpM_00.mp4,jzIahqK1XpM,accident_time,4.44,110,24.899866488651536,29.96,746,25.52,2,t-bone,unique,test,test,Fine,day,signalized_intersection,Florida,academic-noncommercial; see paper vs kaggle,True,4d6b4750c3dc99afa4a5ed46a7d41621
roadside,ACCIDENT_real,7ufiKhY4D_Y_00,real_videos/7ufiKhY4D_Y_00.mp4,7ufiKhY4D_Y,accident_time,11.833,354,29.732705976574234,29.967,891,18.134,4,single,unique,test,test,Fine,day,highway,Florida,academic-noncommercial; see paper vs kaggle,True,05d3d515c9d458b14b4b088619c03cbe
roadside,ACCIDENT_real,vcN-clDH2A8_00,real_videos/vcN-clDH2A8_00.mp4,vcN-clDH2A8,accident_time,7.733,231,29.966296259218474,29.967,898,22.233999999999998,1,rear-end,unique,test,test,Poor,day,signalized_intersection,Florida,academic-noncommercial; see paper vs kaggle,True,1cf46678d6d5aee9ce8428cc43268a0b
roadside,ACCIDENT_real,R29vBQmDFq4_00,real_videos/R29vBQmDFq4_00.mp4,R29vBQmDFq4,accident_time,6.267,161,21.4,30.0,642,23.733,4,single,unique,test,test,Poor,night,highway,New_York,academic-noncommercial; see paper vs kaggle,True,bbeeffc6e1c4edd179adaa21301e27cd
roadside,ACCIDENT_real,oXHq9qN7jyk_00,real_videos/oXHq9qN7jyk_00.mp4,oXHq9qN7jyk,accident_time,1.708,25,14.954269310367849,29.958,448,28.25,2,t-bone,unique,test,test,Fine,day,highway,Florida,academic-noncommercial; see paper vs kaggle,True,52055e816895c2b320daf38c2f6920a0
roadside,ACCIDENT_real,dI-ueIMSLZQ_00,real_videos/dI-ueIMSLZQ_00.mp4,dI-ueIMSLZQ,accident_time,4.233,127,29.999666299596225,29.967,899,25.733999999999998,1,rear-end,unique,test,test,Very_Poor,night,highway,Florida,academic-noncommercial; see paper vs kaggle,True,28dcb94cae30359f5227c3a949308e62
roadside,ACCIDENT_real,aPenMcX0LNY_00,real_videos/aPenMcX0LNY_00.mp4,aPenMcX0LNY,accident_time,2.5999999999999996,78,29.99961783926319,26.167,785,23.567,4,single,unique,test,test,Poor,day,highway,Florida,academic-noncommercial; see paper vs kaggle,True,2e384486730ef0ced132feb51aa5353a
roadside,ACCIDENT_real,PI75_k43UTI_00,real_videos/PI75_k43UTI_00.mp4,PI75_k43UTI,accident_time,2.76,55,20.020746887966805,9.64,193,6.880000000000001,1,rear-end,unique,test,test,Poor,day,highway,Florida,academic-noncommercial; see paper vs kaggle,True,2d7e64bbac99a91f1738a2a403d74493
roadside,ACCIDENT_real,QeZz4_zmy1I_00,real_videos/QeZz4_zmy1I_00.mp4,QeZz4_zmy1I,accident_time,1.4169999999999998,14,10.0,21.5,215,20.083,1,rear-end,unique,train,test,Fine,night,highway,Florida,academic-noncommercial; see paper vs kaggle,True,ccc0507decdd18be77cc20b9076d8e2b
roadside,ACCIDENT_real,pcT3Lr767_M_00,real_videos/pcT3Lr767_M_00.mp4,pcT3Lr767_M,accident_time,3.5330000000000004,106,29.999430750839643,17.567,527,14.033999999999999,1,rear-end,unique,test,test,Fine,day,highway,Florida,academic-noncommercial; see paper vs kaggle,True,4624a67f1e5923875bab9c6fbd119de4
roadside,ACCIDENT_real,6rvo5STkUPw_00,real_videos/6rvo5STkUPw_00.mp4,6rvo5STkUPw,accident_time,3.867,116,29.76607601695198,29.967,892,26.099999999999998,2,t-bone,unique,test,test,Good,day,grade_separated_intersection,Florida,academic-noncommercial; see paper vs kaggle,True,a2d98b00a7018c3f5b134cba8124a575
roadside,ACCIDENT_real,gzu1NnmXMuY_00,real_videos/gzu1NnmXMuY_00.mp4,gzu1NnmXMuY,accident_time,7.833,97,13.527087658206657,14.933,202,7.1,4,single,unique,test,test,Very_Poor,night,highway,Florida,academic-noncommercial; see paper vs kaggle,True,b68c994162ea42ce4a084a8d347a7b8f
roadside,ACCIDENT_real,X0SCL-_zJ3o_00,real_videos/X0SCL-_zJ3o_00.mp4,X0SCL-_zJ3o,accident_time,7.433,222,29.83281609770748,29.967,894,22.534,4,single,unique,test,test,Poor,day,highway,Florida,academic-noncommercial; see paper vs kaggle,True,d4ae96ed661f2afe10e107df0981f6b9
roadside,ACCIDENT_real,fxiCDDZx2YM_00,real_videos/fxiCDDZx2YM_00.mp4,fxiCDDZx2YM,accident_time,4.259,114,26.633333333333333,30.0,799,25.741,4,single,unique,test,test,Poor,day,highway,Florida,academic-noncommercial; see paper vs kaggle,True,d5752fdb82cd94e6d1b378a3d3f69565
roadside,ACCIDENT_real,jrbryXS0w74_00,real_videos/jrbryXS0w74_00.mp4,jrbryXS0w74,accident_time,2.833,84,28.366666666666667,30.0,851,27.167,4,single,unique,test,test,Poor,night,highway,Florida,academic-noncommercial; see paper vs kaggle,True,0f0993bd03d5bf28b0c0ed381668c646
roadside,ACCIDENT_real,Urin3yuptr8_00,real_videos/Urin3yuptr8_00.mp4,Urin3yuptr8,accident_time,3.5,70,22.55814729535823,29.967,676,26.467,4,single,unique,test,test,Good,day,highway,Florida,academic-noncommercial; see paper vs kaggle,True,76c7af90c01b7f909b2bf4fb7e1bf586
roadside,ACCIDENT_real,rJaAl_YfQiM_00,real_videos/rJaAl_YfQiM_00.mp4,rJaAl_YfQiM,accident_time,9.7,284,28.43127440184203,29.967,852,20.267,4,single,unique,test,test,Very_Poor,day,highway,Florida,academic-noncommercial; see paper vs kaggle,True,16d75aac2ba41cf03812687b3298e173
roadside,ACCIDENT_real,H6DKiF_kwIs_00,real_videos/H6DKiF_kwIs_00.mp4,H6DKiF_kwIs,accident_time,1.0000000000000002,15,14.995214293310644,28.209000000000003,423,27.209000000000003,4,single,unique,test,test,Very_Poor,day,highway,Florida,academic-noncommercial; see paper vs kaggle,True,9ca08d92c7baa948550c270a8d9e6ddd
roadside,ACCIDENT_real,kbpb8IGOAP0_00,real_videos/kbpb8IGOAP0_00.mp4,kbpb8IGOAP0,accident_time,6.458,96,14.974763512384262,29.917,448,23.459000000000003,4,single,unique,test,test,Poor,day,highway,Florida,academic-noncommercial; see paper vs kaggle,True,4fee371de262d74afe2197f88c3b98b1
roadside,ACCIDENT_real,2dgMA7afLFc_00,real_videos/2dgMA7afLFc_00.mp4,2dgMA7afLFc,accident_time,8.104,226,27.065646801714717,23.794,644,15.690000000000001,4,single,unique,test,test,Very_Poor,night,highway,Florida,academic-noncommercial; see paper vs kaggle,True,9402514cf5dc8ef8a60e29a231d27b2c
roadside,ACCIDENT_real,zDgcljcRR8A_00,real_videos/zDgcljcRR8A_00.mp4,zDgcljcRR8A,accident_time,6.333,190,23.492508425935196,29.967,704,23.634,4,single,unique,test,test,Poor,night,highway,Florida,academic-noncommercial; see paper vs kaggle,True,0840c3c3ba2c3b6a28f65728d2bf299b
roadside,ACCIDENT_real,KfSjYfTH-H4_00,real_videos/KfSjYfTH-H4_00.mp4,KfSjYfTH-H4,accident_time,5.12,102,16.98931909212283,29.96,509,24.84,4,single,unique,test,test,Poor,night,highway,Florida,academic-noncommercial; see paper vs kaggle,True,739e4a979873ea32b038ed97b3e31cea
roadside,ACCIDENT_real,1ot_Dyi6XyI_00,real_videos/1ot_Dyi6XyI_00.mp4,1ot_Dyi6XyI,accident_time,8.167,244,29.932926218840727,29.967,897,21.799999999999997,4,single,unique,test,test,Very_Poor,day,highway,Florida,academic-noncommercial; see paper vs kaggle,True,ad7c763d73482a4d1e3036a74c8dc950
roadside,ACCIDENT_real,llwNilbilqg_00,real_videos/llwNilbilqg_00.mp4,llwNilbilqg,accident_time,5.833,174,29.7,30.0,891,24.167,4,single,unique,test,test,Fine,day,highway,Florida,academic-noncommercial; see paper vs kaggle,True,f0b88b3d8d2e457d95ec2477a26d8936
roadside,ACCIDENT_real,ITHSYGUkuV8_00,real_videos/ITHSYGUkuV8_00.mp4,ITHSYGUkuV8,accident_time,5.267,157,29.966296259218474,29.967,898,24.7,4,single,unique,test,test,Fine,day,highway,Florida,academic-noncommercial; see paper vs kaggle,True,4eee69720dedb5213cc57545d8dc8b6b
roadside,ACCIDENT_real,dW7rp-cXNMY_00,real_videos/dW7rp-cXNMY_00.mp4,dW7rp-cXNMY,accident_time,5.633,168,29.966666666666665,30.0,899,24.367,0,head-on,unique,test,test,Poor,day,signalized_intersection,Florida,academic-noncommercial; see paper vs kaggle,True,c6e6efaca71d65e2d0a64727301688c2
roadside,ACCIDENT_real,QSPGXxzUXVs_00,real_videos/QSPGXxzUXVs_00.mp4,QSPGXxzUXVs,accident_time,25.76,492,18.391188251001335,29.96,551,4.199999999999999,4,single,unique,test,test,Fine,night,signalized_intersection,Virginia,academic-noncommercial; see paper vs kaggle,True,d85dae78175bb8916feb4f53ba6c9a2e
roadside,ACCIDENT_real,24R72DZBQ5k_00,real_videos/24R72DZBQ5k_00.mp4,24R72DZBQ5k,accident_time,0.5670000000000002,17,29.999225826430287,25.834,775,25.267,4,single,unique,train,test,Poor,night,grade_separated_intersection,Florida,academic-noncommercial; see paper vs kaggle,True,bcb55d6b8892a1b4fc114bf2e08cb082
roadside,ACCIDENT_real,9eE5_INjzaQ_00,real_videos/9eE5_INjzaQ_00.mp4,9eE5_INjzaQ,accident_time,2.367,71,29.998101385988228,5.267,158,2.9000000000000004,4,single,unique,test,test,Fine,day,highway,Florida,academic-noncommercial; see paper vs kaggle,True,d930e5771b8b8f2ee7646549c1c0fee8
roadside,ACCIDENT_real,vii3d_HkqvY_00,real_videos/vii3d_HkqvY_00.mp4,vii3d_HkqvY,accident_time,8.233,246,29.91150442477876,11.3,338,3.067,4,single,unique,test,test,Fine,day,highway,Florida,academic-noncommercial; see paper vs kaggle,True,8978053e91e448522a095e635a840dcb
roadside,ACCIDENT_real,qzOpk_d1pGU_00,real_videos/qzOpk_d1pGU_00.mp4,qzOpk_d1pGU,accident_time,6.207,179,28.894406000739526,18.931,547,12.724,4,single,unique,test,test,Poor,night,highway,Florida,academic-noncommercial; see paper vs kaggle,True,7413074be95c041b5f53030aefb3ddf8
roadside,ACCIDENT_real,3yNBYymxHys_00,real_videos/3yNBYymxHys_00.mp4,3yNBYymxHys,accident_time,6.833,205,29.76607601695198,29.967,892,23.134,4,single,unique,test,test,Poor,day,highway,Florida,academic-noncommercial; see paper vs kaggle,True,1e15951956bc37e9a31406d50dd38e54
roadside,ACCIDENT_real,cVil8sERLjg_00,real_videos/cVil8sERLjg_00.mp4,cVil8sERLjg,accident_time,5.3,152,29.45531052754617,12.833,378,7.533,4,single,unique,test,test,Poor,day,highway,Florida,academic-noncommercial; see paper vs kaggle,True,cc64a36767bc98a695f28f5bdb1267a8
roadside,ACCIDENT_real,kMm9K4FKQyA_00,real_videos/kMm9K4FKQyA_00.mp4,kMm9K4FKQyA,accident_time,4.931,143,28.899419341920844,29.966,866,25.035,4,single,unique,test,test,Very_Poor,night,highway,Florida,academic-noncommercial; see paper vs kaggle,True,62df63b009a6559f12aceb52ea14107e
roadside,ACCIDENT_real,nKC_z-VEBfE_00,real_videos/nKC_z-VEBfE_00.mp4,nKC_z-VEBfE,accident_time,7.44,185,23.531375166889184,29.96,705,22.52,1,rear-end,unique,test,test,Poor,day,city_street,Florida,academic-noncommercial; see paper vs kaggle,True,57f5b72e96bc3d00572282475e8cbf02
roadside,ACCIDENT_real,nnY1sFj3-Ag_00,real_videos/nnY1sFj3-Ag_00.mp4,nnY1sFj3-Ag,accident_time,1.8999999999999995,38,24.330688061393566,22.933999999999997,558,21.034,4,single,unique,test,test,Poor,day,highway,Florida,academic-noncommercial; see paper vs kaggle,True,775fd73977a33ba9779843ff3bb467b8
roadside,ACCIDENT_real,CRFFj83OIDU_00,real_videos/CRFFj83OIDU_00.mp4,CRFFj83OIDU,accident_time,4.44,88,18.550531914893615,15.040000000000001,279,10.600000000000001,2,t-bone,unique,test,test,Good,day,signalized_intersection,Florida,academic-noncommercial; see paper vs kaggle,True,ebaa2c11fcd2172106023b20a34a5cf6
roadside,ACCIDENT_real,l_2BO67srNo_00,real_videos/l_2BO67srNo_00.mp4,l_2BO67srNo,accident_time,6.767,202,29.876758371716672,8.033,240,1.2659999999999991,2,t-bone,unique,test,test,Poor,day,grade_separated_intersection,Florida,academic-noncommercial; see paper vs kaggle,True,1b2c11d39df89d92b65dcc19aad63db5
roadside,ACCIDENT_real,M7tbQSvMe5o_00,real_videos/M7tbQSvMe5o_00.mp4,M7tbQSvMe5o,accident_time,3.167,95,29.732705976574234,29.967,891,26.799999999999997,4,single,unique,train,test,Fine,day,highway,Florida,academic-noncommercial; see paper vs kaggle,True,0e4fe1d759a301e93864d0698b6b6c19
roadside,ACCIDENT_real,FNS3OiJwL0k_00,real_videos/FNS3OiJwL0k_00.mp4,FNS3OiJwL0k,accident_time,4.767,141,29.732705976574234,29.967,891,25.2,4,single,unique,test,test,Fine,day,highway,Florida,academic-noncommercial; see paper vs kaggle,True,3c916bc0c76d7e26317251eecd5e4567
roadside,ACCIDENT_real,X59Tadp1bjg_00,real_videos/X59Tadp1bjg_00.mp4,X59Tadp1bjg,accident_time,5.292,95,18.333333333333332,30.0,550,24.708,4,single,unique,test,test,Very_Poor,day,highway,Florida,academic-noncommercial; see paper vs kaggle,True,784de2112371d2feec495c842b6d99a2
roadside,ACCIDENT_real,zSujHC7MOcU_00,real_videos/zSujHC7MOcU_00.mp4,zSujHC7MOcU,accident_time,1.48,25,23.56475300400534,29.96,706,28.48,2,t-bone,unique,test,test,Fine,day,signalized_intersection,Florida,academic-noncommercial; see paper vs kaggle,True,996f2ecc238dc78acc92aa9811f9d988
roadside,ACCIDENT_real,oeRlPluv-eY_00,real_videos/oeRlPluv-eY_00.mp4,oeRlPluv-eY,accident_time,6.067,181,29.675638371290546,24.633,731,18.566,4,single,unique,test,test,Very_Poor,day,highway,Florida,academic-noncommercial; see paper vs kaggle,True,abc9db177426eacc4ecc75b38156a7c1
roadside,ACCIDENT_real,bDLOyLAi51k_00,real_videos/bDLOyLAi51k_00.mp4,bDLOyLAi51k,accident_time,7.52,150,20.00780031201248,25.64,513,18.12,4,single,unique,train,test,Poor,night,grade_separated_intersection,Florida,academic-noncommercial; see paper vs kaggle,True,18854512eaf1dd5fd5a29df7c1266ec6
roadside,ACCIDENT_real,V9uox3MIVrA_00,real_videos/V9uox3MIVrA_00.mp4,V9uox3MIVrA,accident_time,4.567,137,29.866666666666667,30.0,896,25.433,4,single,unique,test,test,Poor,day,highway,Florida,academic-noncommercial; see paper vs kaggle,True,63c73c076fbbda56c7470190bc028562
roadside,ACCIDENT_real,dEINXAEIQjA_00,real_videos/dEINXAEIQjA_00.mp4,dEINXAEIQjA,accident_time,3.68,74,20.09569377990431,8.36,168,4.68,4,single,unique,test,test,Poor,day,highway,Florida,academic-noncommercial; see paper vs kaggle,True,074b6bc06df2c76b9976791e6fc489e3
roadside,ACCIDENT_real,AFK28KnqDOQ_00,real_videos/AFK28KnqDOQ_00.mp4,AFK28KnqDOQ,accident_time,2.44,60,24.73404255319149,3.76,93,1.3199999999999998,2,t-bone,unique,test,test,Fine,day,signalized_intersection,Florida,academic-noncommercial; see paper vs kaggle,True,7d59ad8a52d74e98f20b07fc1ff30a9c
roadside,ACCIDENT_real,Mujpcz6MX4g_00,real_videos/Mujpcz6MX4g_00.mp4,Mujpcz6MX4g,accident_time,4.767,143,29.76607601695198,29.967,892,25.2,2,t-bone,unique,test,test,Fine,day,grade_separated_intersection,Florida,academic-noncommercial; see paper vs kaggle,True,f019c09b01c2cdb29d33ee13baddfba9
roadside,ACCIDENT_real,HYr1QeHHFkI_00,real_videos/HYr1QeHHFkI_00.mp4,HYr1QeHHFkI,accident_time,4.367,130,29.76607601695198,29.967,892,25.599999999999998,3,sideswipe,unique,train,test,Good,day,highway,Florida,academic-noncommercial; see paper vs kaggle,True,c97fbce0cc9c5e5d656fe8c5078ad89a
roadside,ACCIDENT_real,_SK-OKBNWj0_00,real_videos/_SK-OKBNWj0_00.mp4,_SK-OKBNWj0,accident_time,16.0,259,16.16740088105727,22.7,367,6.699999999999999,4,single,unique,test,test,Very_Poor,day,grade_separated_intersection,Florida,academic-noncommercial; see paper vs kaggle,True,78d22425df155b92ba0ca52186bf4a58
roadside,ACCIDENT_real,0jCQy-BZ1uw_00,real_videos/0jCQy-BZ1uw_00.mp4,0jCQy-BZ1uw,accident_time,5.4,162,29.999666299596225,29.967,899,24.567,3,sideswipe,unique,test,test,Fine,day,grade_separated_intersection,Florida,academic-noncommercial; see paper vs kaggle,True,228f1afb702df785f955924d8daf1b6a
roadside,ACCIDENT_real,UntkxMpwFSY_00,real_videos/UntkxMpwFSY_00.mp4,UntkxMpwFSY,accident_time,6.4,192,28.498014482597526,29.967,854,23.567,0,head-on,unique,test,test,Fine,day,signalized_intersection,Florida,academic-noncommercial; see paper vs kaggle,True,4f4441b0724f9092902950ab705175da
roadside,ACCIDENT_real,c3B2ddiaBcQ_00,real_videos/c3B2ddiaBcQ_00.mp4,c3B2ddiaBcQ,accident_time,2.467,74,28.86508492675276,29.967,865,27.5,3,sideswipe,unique,test,test,Very_Poor,day,highway,Florida,academic-noncommercial; see paper vs kaggle,True,44f0580fcf6ab3445aaaf4cc79ead825
roadside,ACCIDENT_real,Sm-U6h1VUYQ_00,real_videos/Sm-U6h1VUYQ_00.mp4,Sm-U6h1VUYQ,accident_time,10.167,252,24.8606800814229,29.967,745,19.799999999999997,2,t-bone,unique,test,test,Fine,day,signalized_intersection,Florida,academic-noncommercial; see paper vs kaggle,True,0204d52ed2103f9ccad12f2b79fd960f
roadside,ACCIDENT_real,r-k-zVvecKs_00,real_videos/r-k-zVvecKs_00.mp4,r-k-zVvecKs,accident_time,6.083333,83,14.400000649014114,14.791666,213,8.708333,2,t-bone,unique,test,test,Good,night,signalized_intersection,Virginia,academic-noncommercial; see paper vs kaggle,True,996b5dacb08645e3e7b8c2f3a5920d15
roadside,ACCIDENT_real,cSCM3PYMKRo_00,real_videos/cSCM3PYMKRo_00.mp4,cSCM3PYMKRo,accident_time,23.023,576,25.015169102199042,29.062366,727,6.039366000000001,2,t-bone,unique,test,train,Good,day,parking_lot,World,academic-noncommercial; see paper vs kaggle,True,6af6557909909d99f081544071377daf
roadside,ACCIDENT_real,cSCM3PYMKRo_01,real_videos/cSCM3PYMKRo_01.mp4,cSCM3PYMKRo,accident_time,8.675334,217,25.104206138688898,23.2232,583,14.547865999999999,4,single,unique,test,train,Good,day,parking_lot,World,academic-noncommercial; see paper vs kaggle,True,b22f342149c52a229fbf29069d0a0ef3
roadside,ACCIDENT_real,YQxqeP2Q_-M_00,real_videos/YQxqeP2Q_-M_00.mp4,YQxqeP2Q_-M,accident_time,17.04,197,11.748998664886516,29.96,352,12.920000000000002,4,single,unique,test,train,Good,night,signalized_intersection,World,academic-noncommercial; see paper vs kaggle,True,635a30f15e9b8e7f9aaf0695e8228af6
roadside,ACCIDENT_real,FAEmPbAt0Wk_00,real_videos/FAEmPbAt0Wk_00.mp4,FAEmPbAt0Wk,accident_time,3.767,56,14.983148129609237,29.967,449,26.2,3,sideswipe,unique,test,test,Poor,day,signalized_intersection,Georgia,academic-noncommercial; see paper vs kaggle,True,347b85347c21972944c818b24d938cef
roadside,ACCIDENT_real,HC89136mZXs_00,real_videos/HC89136mZXs_00.mp4,HC89136mZXs,accident_time,4.375,65,14.987649375792778,29.958,449,25.583,4,single,unique,test,test,Poor,day,highway,Georgia,academic-noncommercial; see paper vs kaggle,True,73a276bf3601fccc53c400cd7dc54138
roadside,ACCIDENT_real,UZmfc00aSSQ_00,real_videos/UZmfc00aSSQ_00.mp4,UZmfc00aSSQ,accident_time,9.851,148,15.006188118811881,19.392,291,9.540999999999999,4,single,unique,train,test,Fine,day,highway,Georgia,academic-noncommercial; see paper vs kaggle,True,bfa79ee09eff5f095e3a475c009151e3
roadside,ACCIDENT_real,NHOOHKL_z8s_00,real_videos/NHOOHKL_z8s_00.mp4,NHOOHKL_z8s,accident_time,4.125,61,14.987482781501894,29.958333,449,25.833333,3,sideswipe,unique,test,test,Fine,day,signalized_intersection,Georgia,academic-noncommercial; see paper vs kaggle,True,0ca03d357953abffd7480d6d5cd56258
roadside,ACCIDENT_real,dbIlU1q8lfM_00,real_videos/dbIlU1q8lfM_00.mp4,dbIlU1q8lfM,accident_time,3.708333,55,14.987482781501894,29.958333,449,26.25,2,t-bone,unique,test,test,Fine,day,signalized_intersection,Georgia,academic-noncommercial; see paper vs kaggle,True,ebdf800e59f008ce9ee6078197980541
roadside,ACCIDENT_real,u3KPKXc9A1c_00,real_videos/u3KPKXc9A1c_00.mp4,u3KPKXc9A1c,accident_time,4.75,71,14.933333333333334,30.0,448,25.25,0,head-on,unique,test,test,Fine,day,signalized_intersection,Georgia,academic-noncommercial; see paper vs kaggle,True,5a009ffb2b6f8db7aad03ced2641f703
roadside,ACCIDENT_real,fFxTIUK_Ju0_00,real_videos/fFxTIUK_Ju0_00.mp4,fFxTIUK_Ju0,accident_time,4.0,59,14.974930695820182,29.916666,448,25.916666,2,t-bone,unique,test,test,Good,night,signalized_intersection,Georgia,academic-noncommercial; see paper vs kaggle,True,6706f399b0c137a715fa9a0c9fc3ab8c
roadside,ACCIDENT_real,fd3l6Z3OSXE_00,real_videos/fd3l6Z3OSXE_00.mp4,fd3l6Z3OSXE,accident_time,6.291666,94,14.753824920765785,29.958333,442,23.666667,2,t-bone,unique,test,test,Good,night,signalized_intersection,Georgia,academic-noncommercial; see paper vs kaggle,True,0e60d506d16815d13a3929693fddb1ab
roadside,ACCIDENT_real,jriayW0n33c_00,real_videos/jriayW0n33c_00.mp4,jriayW0n33c,accident_time,6.833333,102,14.920723392720149,29.958333,447,23.125,2,t-bone,unique,test,test,Fine,night,signalized_intersection,Georgia,academic-noncommercial; see paper vs kaggle,True,707edb2d4c2723aa95e594203357b17b
roadside,ACCIDENT_real,iiBMFJqcrGY_00,real_videos/iiBMFJqcrGY_00.mp4,iiBMFJqcrGY,accident_time,7.067,106,15.0,30.0,450,22.933,4,single,unique,test,test,Poor,day,highway,Georgia,academic-noncommercial; see paper vs kaggle,True,eec6f98c27dde34754b324ea986a9751
roadside,ACCIDENT_real,3AvjUT91bJA_00,real_videos/3AvjUT91bJA_00.mp4,3AvjUT91bJA,accident_time,2.416666,36,14.987482781501894,29.958333,449,27.541667,2,t-bone,unique,test,test,Good,day,signalized_intersection,Georgia,academic-noncommercial; see paper vs kaggle,True,e6f9e5c0bce4091a13556bb9dc7a6010
roadside,ACCIDENT_real,ssoscEvTTLc_00,real_videos/ssoscEvTTLc_00.mp4,ssoscEvTTLc,accident_time,3.8339999999999996,58,15.103205235777816,5.959,90,2.125,3,sideswipe,unique,test,test,Poor,night,highway,Georgia,academic-noncommercial; see paper vs kaggle,True,7baef1a81923da822a927adecc17f798
roadside,ACCIDENT_real,WagIvmw1jcI_00,real_videos/WagIvmw1jcI_00.mp4,WagIvmw1jcI,accident_time,5.0,74,14.909090909090908,8.25,123,3.25,3,sideswipe,unique,train,test,Fine,day,highway,Georgia,academic-noncommercial; see paper vs kaggle,True,08211696bb08dd198a3842b554dadc84
roadside,ACCIDENT_real,WagIvmw1jcI_01,real_videos/WagIvmw1jcI_01.mp4,WagIvmw1jcI,accident_time,2.3333329999999997,35,15.085714285714285,4.375,66,2.0416670000000003,4,single,unique,train,test,Fine,day,highway,Georgia,academic-noncommercial; see paper vs kaggle,True,2df002a3cdf750faa92687d8f25ab83e
roadside,ACCIDENT_real,tJlFR_bbD6s_00,real_videos/tJlFR_bbD6s_00.mp4,tJlFR_bbD6s,accident_time,3.458,51,14.948913118014126,14.583,218,11.125,1,rear-end,unique,dev,test,Poor,night,highway,Georgia,academic-noncommercial; see paper vs kaggle,True,100cf48a8592346fdb820cd8662abf8a
roadside,ACCIDENT_real,NbRmwSIXDzw_00,real_videos/NbRmwSIXDzw_00.mp4,NbRmwSIXDzw,accident_time,3.5,52,14.339833188631381,29.916666,429,26.416666,2,t-bone,unique,test,test,Good,day,signalized_intersection,Georgia,academic-noncommercial; see paper vs kaggle,True,41e6ceae85d88878f8de8a20bb9e8a1a
roadside,ACCIDENT_real,joRCqlk5sSA_00,real_videos/joRCqlk5sSA_00.mp4,joRCqlk5sSA,accident_time,7.791666,117,14.987482781501894,29.958333,449,22.166667,2,t-bone,unique,test,test,Good,day,signalized_intersection,Georgia,academic-noncommercial; see paper vs kaggle,True,d3a636cbaf23787fa65d8839fdb32f96
roadside,ACCIDENT_real,Sb3SaOYjrrs_00,real_videos/Sb3SaOYjrrs_00.mp4,Sb3SaOYjrrs,accident_time,2.083333,31,14.987482781501894,29.958333,449,27.875,2,t-bone,unique,test,test,Good,night,signalized_intersection,Georgia,academic-noncommercial; see paper vs kaggle,True,cb2c6b2ddc9e0ccdd48b70fea1413d59
roadside,ACCIDENT_real,Xy3P5EhdZ7k_00,real_videos/Xy3P5EhdZ7k_00.mp4,Xy3P5EhdZ7k,accident_time,6.8068,94,13.780862148798324,29.896533,412,23.089733000000003,2,t-bone,unique,test,test,Poor,night,signalized_intersection,Georgia,academic-noncommercial; see paper vs kaggle,True,eb515506c5af328113c55e32e6831369
roadside,ACCIDENT_real,xCSV8hDQPDo_00,real_videos/xCSV8hDQPDo_00.mp4,xCSV8hDQPDo,accident_time,2.3,34,14.916943521594684,30.1,449,27.8,4,single,unique,test,test,Very_Poor,night,highway,Georgia,academic-noncommercial; see paper vs kaggle,True,b490e7ea8ba399e6c6f4fac4ad29c5f8
roadside,ACCIDENT_real,9eOu-gdsJD4_00,real_videos/9eOu-gdsJD4_00.mp4,9eOu-gdsJD4,accident_time,4.791666,72,9.579972290180498,29.958333,287,25.166667,0,head-on,unique,test,test,Fine,night,signalized_intersection,Georgia,academic-noncommercial; see paper vs kaggle,True,f68d826ef367159371dbe11ac1f09e19
roadside,ACCIDENT_real,_75B7Y8QaX0_00,real_videos/_75B7Y8QaX0_00.mp4,_75B7Y8QaX0,accident_time,2.25,36,15.972696681848374,12.208333,195,9.958333,3,sideswipe,unique,train,test,Fine,night,highway,Georgia,academic-noncommercial; see paper vs kaggle,True,f50c13876307c42d296a2f5085e97818
roadside,ACCIDENT_real,klHFoVQo--8_00,real_videos/klHFoVQo--8_00.mp4,klHFoVQo--8,accident_time,4.2669999999999995,63,14.861111111111112,7.199999999999999,107,2.933,4,single,unique,test,test,Very_Poor,night,highway,Georgia,academic-noncommercial; see paper vs kaggle,True,d5efdb136f2feaabc16d8189459bc639
roadside,ACCIDENT_real,ja62cRF2tbQ_00,real_videos/ja62cRF2tbQ_00.mp4,ja62cRF2tbQ,accident_time,0.8333339999999998,12,14.972809305793128,27.583334,413,26.75,1,rear-end,unique,test,test,Poor,day,highway,Virginia,academic-noncommercial; see paper vs kaggle,True,5090c59c0be420cbfc7eeb67cecc853c
roadside,ACCIDENT_real,QGE0dV-iaSY_00,real_videos/QGE0dV-iaSY_00.mp4,QGE0dV-iaSY,accident_time,3.8,57,15.000937558597412,5.333,80,1.5330000000000004,1,rear-end,unique,test,test,Poor,night,highway,Georgia,academic-noncommercial; see paper vs kaggle,True,ee8d171326900c67ec56d5e1fd2aac85
roadside,ACCIDENT_real,NeOMWr9b_7I_00,real_videos/NeOMWr9b_7I_00.mp4,NeOMWr9b_7I,accident_time,0.7330000000000005,11,15.000214288775554,23.333,350,22.599999999999998,1,rear-end,unique,test,test,Very_Poor,day,highway,Georgia,academic-noncommercial; see paper vs kaggle,True,ebea208a17336b5a254143f816a796dc
roadside,ACCIDENT_real,XPErIB4xgYg_00,real_videos/XPErIB4xgYg_00.mp4,XPErIB4xgYg,accident_time,7.208333,108,14.964706586574428,14.166666,212,6.958333,1,rear-end,unique,dev,test,Fine,night,highway,Georgia,academic-noncommercial; see paper vs kaggle,True,173879f1c37de9ec8f3f76bafd7bf9d0
roadside,ACCIDENT_real,IjYlfr_dwaE_00,real_videos/IjYlfr_dwaE_00.mp4,IjYlfr_dwaE,accident_time,9.75,146,14.938775510204081,12.25,183,2.5,1,rear-end,unique,test,test,Fine,night,signalized_intersection,Georgia,academic-noncommercial; see paper vs kaggle,True,181711b83b876f067a61dcc11e60e2fb
roadside,ACCIDENT_real,G4QrIWuvNoM_00,real_videos/G4QrIWuvNoM_00.mp4,G4QrIWuvNoM,accident_time,4.542,67,14.930579780925138,14.333,214,9.791,1,rear-end,unique,test,test,Poor,night,highway,Georgia,academic-noncommercial; see paper vs kaggle,True,8df5f9a724d543039dc50623db4f62cf
roadside,ACCIDENT_real,1jCpA4y5NHY_00,real_videos/1jCpA4y5NHY_00.mp4,1jCpA4y5NHY,accident_time,3.7,55,14.949778089231488,29.967,448,26.267,1,rear-end,unique,train,test,Fine,day,highway,Georgia,academic-noncommercial; see paper vs kaggle,True,f9e72326dcac20ba209febe737e707ed
roadside,ACCIDENT_real,5CNGhR8vBBk_00,real_videos/5CNGhR8vBBk_00.mp4,5CNGhR8vBBk,accident_time,5.033,75,14.983148129609237,29.967,449,24.933999999999997,1,rear-end,unique,test,test,Fine,day,highway,Georgia,academic-noncommercial; see paper vs kaggle,True,ca1004c4a0def440ca1be0658742df3d
roadside,ACCIDENT_real,WouBHgQJBM4_00,real_videos/WouBHgQJBM4_00.mp4,WouBHgQJBM4,accident_time,3.458,51,14.974763512384262,29.917,448,26.459000000000003,1,rear-end,unique,test,test,Good,day,signalized_intersection,Georgia,academic-noncommercial; see paper vs kaggle,True,76470e4a1b7bd90b30de984dbda457c8
roadside,ACCIDENT_real,SUjTl7OifoA_00,real_videos/SUjTl7OifoA_00.mp4,SUjTl7OifoA,accident_time,4.3,64,14.949778089231488,29.967,448,25.666999999999998,1,rear-end,unique,test,test,Very_Poor,night,highway,Georgia,academic-noncommercial; see paper vs kaggle,True,8577a7a0d257a004e46853bbc6a560d4
roadside,ACCIDENT_real,ZyHloKpLTDs_00,real_videos/ZyHloKpLTDs_00.mp4,ZyHloKpLTDs,accident_time,6.533,196,30.0,30.0,900,23.467,1,rear-end,unique,train,test,Good,day,highway,Georgia,academic-noncommercial; see paper vs kaggle,True,e97c452f7b0e6d257117384be09e2281
roadside,ACCIDENT_real,tmv5qTrk8H4_00,real_videos/tmv5qTrk8H4_00.mp4,tmv5qTrk8H4,accident_time,2.958333,44,14.925373134328359,8.375,125,5.416667,1,rear-end,unique,test,test,Poor,day,highway,Georgia,academic-noncommercial; see paper vs kaggle,True,9f34270fdfffe7b06189b71675ec0f81
roadside,ACCIDENT_real,6Wt8Y2Z1dkc_00,real_videos/6Wt8Y2Z1dkc_00.mp4,6Wt8Y2Z1dkc,accident_time,3.917,58,14.974763512384262,29.917,448,26.0,4,single,unique,test,test,Poor,day,highway,Georgia,academic-noncommercial; see paper vs kaggle,True,5afb23f714b9aa14833ae81c2c6c953c
roadside,ACCIDENT_real,dO_jtPluv5Q_00,real_videos/dO_jtPluv5Q_00.mp4,dO_jtPluv5Q,accident_time,3.0500000000000003,45,14.833029269453476,25.214000000000002,374,22.164,4,single,unique,test,test,Poor,day,highway,Georgia,academic-noncommercial; see paper vs kaggle,True,0b9c0e2b0ec3b7313e9f7a39a39f97c5
roadside,ACCIDENT_real,lRcaIAGppGs_00,real_videos/lRcaIAGppGs_00.mp4,lRcaIAGppGs,accident_time,2.25,33,14.974763512384262,29.917,448,27.667,4,single,unique,train,test,Fine,day,highway,Georgia,academic-noncommercial; see paper vs kaggle,True,5ff311bde0b04f9fd4a04054603d4bbe
roadside,ACCIDENT_real,R9r3my7Q7po_00,real_videos/R9r3my7Q7po_00.mp4,R9r3my7Q7po,accident_time,7.466666,112,13.879121031638693,30.333333,421,22.866667,2,t-bone,unique,test,test,Fine,night,signalized_intersection,Georgia,academic-noncommercial; see paper vs kaggle,True,8c4f29b10d46a77894f270fca91aa9f4
roadside,ACCIDENT_real,QaJHRtPAQRE_00,real_videos/QaJHRtPAQRE_00.mp4,QaJHRtPAQRE,accident_time,6.199999999999999,36,10.8,30.0,324,23.8,3,sideswipe,unique,test,test,Good,day,signalized_intersection,Georgia,academic-noncommercial; see paper vs kaggle,True,56726182bd8bf087f26dd9d0481a5eff
roadside,ACCIDENT_real,oCp56IFmInU_00,real_videos/oCp56IFmInU_00.mp4,oCp56IFmInU,accident_time,5.75,86,15.008356880409067,29.916666,449,24.166666,2,t-bone,unique,test,test,Fine,night,signalized_intersection,Georgia,academic-noncommercial; see paper vs kaggle,True,a00f31f48c9135497619b844968270c8
roadside,ACCIDENT_real,pyL525xZdfw_00,real_videos/pyL525xZdfw_00.mp4,pyL525xZdfw,accident_time,3.75,56,14.91891891891892,9.25,138,5.5,3,sideswipe,unique,test,test,Poor,day,highway,Georgia,academic-noncommercial; see paper vs kaggle,True,48c60fb46e5665113f36e18a3daf7962
roadside,ACCIDENT_real,HQSjoUe8M8U_00,real_videos/HQSjoUe8M8U_00.mp4,HQSjoUe8M8U,accident_time,5.375,80,14.987482781501894,29.958333,449,24.583333,4,single,unique,test,test,Poor,night,highway,Georgia,academic-noncommercial; see paper vs kaggle,True,b30a73b215808dddfcfc95bca3ac4554
roadside,ACCIDENT_real,U46ElqUKa_4_00,real_videos/U46ElqUKa_4_00.mp4,U46ElqUKa,accident_time,1.533,46,30.0,27.1,813,25.567,4,single,unique,train,test,Fine,night,highway,Georgia,academic-noncommercial; see paper vs kaggle,True,65d53417bc4ff668e25cfbd5f94d0dcb
roadside,ACCIDENT_real,C5OJEzm0dio_00,real_videos/C5OJEzm0dio_00.mp4,C5OJEzm0dio,accident_time,5.791666,86,14.94339679031686,8.833333,132,3.0416669999999995,4,single,unique,train,test,Fine,day,highway,Georgia,academic-noncommercial; see paper vs kaggle,True,0d7da4483b2d994c82c196e12e4edad6
roadside,ACCIDENT_real,mh2N02NQ-bQ_00,real_videos/mh2N02NQ-bQ_00.mp4,mh2N02NQ-bQ,accident_time,9.042,135,14.92088924494292,29.958,447,20.915999999999997,4,single,unique,test,test,Poor,night,signalized_intersection,Georgia,academic-noncommercial; see paper vs kaggle,True,e7cac607528cfb45b8249964e9b09756
roadside,ACCIDENT_real,zWKHAyNKlF4_00,real_videos/zWKHAyNKlF4_00.mp4,zWKHAyNKlF4,accident_time,13.1,196,14.983518130056936,30.033,450,16.933,2,t-bone,unique,test,test,Poor,night,highway,Georgia,academic-noncommercial; see paper vs kaggle,True,ad3b6882855061ca7aaf885c9dbb506d
roadside,ACCIDENT_real,2wWw4MidlLY_00,real_videos/2wWw4MidlLY_00.mp4,2wWw4MidlLY,accident_time,3.2,47,14.9,30.0,447,26.8,2,t-bone,unique,test,test,Fine,day,signalized_intersection,Georgia,academic-noncommercial; see paper vs kaggle,True,57bed7d7fd11869fe6188a26ada3c8f5
roadside,ACCIDENT_real,mD8Lu8KAoYc_00,real_videos/mD8Lu8KAoYc_00.mp4,mD8Lu8KAoYc,accident_time,2.666666,40,15.028038506769235,4.458333,67,1.7916669999999995,2,t-bone,unique,test,test,Good,day,signalized_intersection,Georgia,academic-noncommercial; see paper vs kaggle,True,7b7a850ad034def1f1e13d84846afc97
roadside,ACCIDENT_real,J4QZ5vJy-3E_00,real_videos/J4QZ5vJy-3E_00.mp4,J4QZ5vJy-3E,accident_time,6.0,90,10.096317509264987,29.416666,297,23.416666,0,head-on,unique,test,test,Excellent,day,signalized_intersection,Georgia,academic-noncommercial; see paper vs kaggle,True,720bb6a2f5d0b4256042e67e41796e39
roadside,ACCIDENT_real,gACmlFi5x0A_00,real_videos/gACmlFi5x0A_00.mp4,gACmlFi5x0A,accident_time,3.733,55,14.96031746031746,25.2,377,21.467,4,single,unique,test,test,Poor,day,highway,Georgia,academic-noncommercial; see paper vs kaggle,True,5aaefb3560d416bea91facc99b37d1e5
roadside,ACCIDENT_real,Rsl5cRsKZQ8_00,real_videos/Rsl5cRsKZQ8_00.mp4,Rsl5cRsKZQ8,accident_time,5.233,78,14.96774193548387,15.5,232,10.267,1,rear-end,unique,test,test,Fine,day,highway,Georgia,academic-noncommercial; see paper vs kaggle,True,a9333bcfcfb95c1560739f3e78703fb7
roadside,ACCIDENT_real,hQJqYD_MpRw_00,real_videos/hQJqYD_MpRw_00.mp4,hQJqYD_MpRw,accident_time,4.75,71,17.624674544362108,29.958,528,25.208,2,t-bone,unique,test,test,Good,day,signalized_intersection,Georgia,academic-noncommercial; see paper vs kaggle,True,1794fc9e5d29b859aeefd588f6941dd2
roadside,ACCIDENT_real,P74ieG--On8_00,real_videos/P74ieG--On8_00.mp4,P74ieG--On8,accident_time,4.634,70,15.067611075338055,15.53,234,10.895999999999999,4,single,unique,train,test,Fine,day,highway,Georgia,academic-noncommercial; see paper vs kaggle,True,c03ba680e6fbf1c58f226db0b9146d68
roadside,ACCIDENT_real,oiF_zB8j6MM_00,real_videos/oiF_zB8j6MM_00.mp4,oiF_zB8j6MM,accident_time,7.233,108,14.983148129609237,29.967,449,22.733999999999998,4,single,unique,test,test,Poor,day,highway,Georgia,academic-noncommercial; see paper vs kaggle,True,0886941435e23d87c3d081883715c0af
roadside,ACCIDENT_real,-z1jK6UwRec_00,real_videos/-z1jK6UwRec_00.mp4,-z1jK6UwRec,accident_time,8.167,122,14.974763512384262,29.917,448,21.75,4,single,unique,test,test,Poor,day,highway,Georgia,academic-noncommercial; see paper vs kaggle,True,58861d5e376d9543c13255cf8f777894
roadside,ACCIDENT_real,K4we-6FhePo_00,real_videos/K4we-6FhePo_00.mp4,K4we-6FhePo,accident_time,3.867,58,15.0,30.0,450,26.133,3,sideswipe,unique,test,test,Poor,day,highway,Georgia,academic-noncommercial; see paper vs kaggle,True,f295912e1610e5ec05fe1636c5acab7b
roadside,ACCIDENT_real,dPXXrFXPqGc_00,real_videos/dPXXrFXPqGc_00.mp4,dPXXrFXPqGc,accident_time,2.333,20,13.810459121041001,16.292,225,13.959000000000001,3,sideswipe,unique,test,test,Good,day,signalized_intersection,Georgia,academic-noncommercial; see paper vs kaggle,True,05efdd730a4693102d32a9694ad54f20
roadside,ACCIDENT_real,MXO-t9vukaM_00,real_videos/MXO-t9vukaM_00.mp4,MXO-t9vukaM,accident_time,2.791666,41,14.769233366019053,3.791666,56,1.0,2,t-bone,unique,test,test,Fine,day,highway,Georgia,academic-noncommercial; see paper vs kaggle,True,b2eaf18751200d8fe2d4b73d8c2297b9
roadside,ACCIDENT_real,dCV66Y9tV1s_00,real_videos/dCV66Y9tV1s_00.mp4,dCV66Y9tV1s,accident_time,6.034,90,14.981547118792706,27.367,410,21.333000000000002,4,single,unique,test,test,Very_Poor,day,highway,Georgia,academic-noncommercial; see paper vs kaggle,True,b3699731cce4b7664e8f4bbb30f9699f
roadside,ACCIDENT_real,idAIp622PoY_00,real_videos/idAIp622PoY_00.mp4,idAIp622PoY,accident_time,3.433,43,12.92,25.0,323,21.567,4,single,unique,test,test,Poor,night,tunnel,Georgia,academic-noncommercial; see paper vs kaggle,True,5c1d56455ff6e6008aa80406f2f89786
roadside,ACCIDENT_real,o51jfgj-KEA_00,real_videos/o51jfgj-KEA_00.mp4,o51jfgj-KEA,accident_time,4.667,70,15.008189323795834,29.917,449,25.25,2,t-bone,unique,test,test,Good,day,signalized_intersection,Georgia,academic-noncommercial; see paper vs kaggle,True,460d368b353ee78e4eff69254c9208a2
roadside,ACCIDENT_real,Xdpsr1GVl4U_00,real_videos/Xdpsr1GVl4U_00.mp4,Xdpsr1GVl4U,accident_time,5.708,85,13.8139937420944,30.042,415,24.334000000000003,2,t-bone,unique,test,test,Fine,night,signalized_intersection,Georgia,academic-noncommercial; see paper vs kaggle,True,e7f34b3fb0e63d7ca83e56f0a04c2a89
roadside,ACCIDENT_real,-_J5xdxCZZU_00,real_videos/-_J5xdxCZZU_00.mp4,-_J5xdxCZZU,accident_time,4.0,60,14.608696160302475,9.583333,140,5.583333,2,t-bone,unique,test,test,Poor,day,signalized_intersection,Georgia,academic-noncommercial; see paper vs kaggle,True,6fb0b1348dc4398c1c5883376d4c9818
roadside,ACCIDENT_real,aMOOElIYyiU_00,real_videos/aMOOElIYyiU_00.mp4,aMOOElIYyiU,accident_time,3.083333,46,14.987482781501894,29.958333,449,26.875,1,rear-end,unique,dev,test,Excellent,day,highway,Georgia,academic-noncommercial; see paper vs kaggle,True,50ca01731e1996420cf86254d450e43d
roadside,ACCIDENT_real,oc1DL7vLskc_00,real_videos/oc1DL7vLskc_00.mp4,oc1DL7vLskc,accident_time,4.233,63,14.949778089231488,29.967,448,25.733999999999998,0,head-on,unique,test,test,Poor,night,signalized_intersection,Georgia,academic-noncommercial; see paper vs kaggle,True,4c3631d64aba7e4c3f8a9eb0bb964e10
roadside,ACCIDENT_real,Ej9_uEsIejA_00,real_videos/Ej9_uEsIejA_00.mp4,Ej9_uEsIejA,accident_time,3.292,49,13.819347085920288,29.958,414,26.665999999999997,2,t-bone,unique,test,test,Fine,day,signalized_intersection,Georgia,academic-noncommercial; see paper vs kaggle,True,275166379fcc09b4687389e26eae6793
roadside,ACCIDENT_real,9j0swlmm6eg_00,real_videos/9j0swlmm6eg_00.mp4,9j0swlmm6eg,accident_time,2.7,40,14.983148129609237,29.967,449,27.267,4,single,unique,test,test,Poor,night,highway,Georgia,academic-noncommercial; see paper vs kaggle,True,90e62564b464d3315dcf95da9b73e2d2
roadside,ACCIDENT_real,OcSiHrgFRNs_00,real_videos/OcSiHrgFRNs_00.mp4,OcSiHrgFRNs,accident_time,23.4,379,14.9734395750332,30.12,451,6.720000000000002,4,single,unique,test,train,Fine,day,city_street,World,academic-noncommercial; see paper vs kaggle,True,2f677e1bd484eb563a27535eb35f2bb4
roadside,ACCIDENT_real,6rWXOsN-MDM_00,real_videos/6rWXOsN-MDM_00.mp4,6rWXOsN-MDM,accident_time,19.64,491,25.0,30.0,750,10.36,3,sideswipe,unique,test,train,Good,day,signalized_intersection,World,academic-noncommercial; see paper vs kaggle,True,61b7f82bfa244a2ea9b1aba14cc14880
roadside,ACCIDENT_real,FKB8WfghbV0_00,real_videos/FKB8WfghbV0_00.mp4,FKB8WfghbV0,accident_time,4.433,66,14.700502211727143,30.067,442,25.634,1,rear-end,unique,test,test,Poor,day,signalized_intersection,Virginia,academic-noncommercial; see paper vs kaggle,True,dbd831e9a420ea6dbdb3397f9db1ebca
roadside,ACCIDENT_real,Dupsb1RMpXM_00,real_videos/Dupsb1RMpXM_00.mp4,Dupsb1RMpXM,accident_time,3.8,57,14.73913043478261,23.0,339,19.2,1,rear-end,unique,train,test,Poor,night,highway,Virginia,academic-noncommercial; see paper vs kaggle,True,c2983553b35f1d5852dddbf4c73a12a1
roadside,ACCIDENT_real,YWFPaOR1CZc_00,real_videos/YWFPaOR1CZc_00.mp4,YWFPaOR1CZc,accident_time,2.8660000000000005,41,14.919322143841725,24.666,368,21.8,1,rear-end,unique,test,test,Very_Poor,night,highway,Tennessee,academic-noncommercial; see paper vs kaggle,True,c0dd860064f1ad6c8d91bab04ea3e340
roadside,ACCIDENT_real,L821I_3rs6Y_00,real_videos/L821I_3rs6Y_00.mp4,L821I_3rs6Y,accident_time,3.867,53,12.846120706536638,25.533,328,21.666,4,single,unique,train,test,Poor,night,highway,Tennessee,academic-noncommercial; see paper vs kaggle,True,8e4f8b084bbe7c5e04138a1a285f24fc
roadside,ACCIDENT_real,1hJlpaZsYa8_00,real_videos/1hJlpaZsYa8_00.mp4,1hJlpaZsYa8,accident_time,5.734,88,15.8,10.0,158,4.266,3,sideswipe,unique,test,test,Poor,day,signalized_intersection,Virginia,academic-noncommercial; see paper vs kaggle,True,8073378a820950bdffd7450595ac44e9
roadside,ACCIDENT_real,J4EFIegLA-I_00,real_videos/J4EFIegLA-I_00.mp4,J4EFIegLA-I,accident_time,4.867,73,14.933333333333334,30.0,448,25.133,0,head-on,unique,test,test,Poor,night,signalized_intersection,Virginia,academic-noncommercial; see paper vs kaggle,True,d2428da0140f9177cfd08c866a650f84
roadside,ACCIDENT_real,fLdSFP_8PJ4_00,real_videos/fLdSFP_8PJ4_00.mp4,fLdSFP_8PJ4,accident_time,4.367,25,10.277972436346648,29.967,308,25.599999999999998,0,head-on,unique,test,test,Fine,night,signalized_intersection,Virginia,academic-noncommercial; see paper vs kaggle,True,4af82d35afd5f25656a47de577404ac6
roadside,ACCIDENT_real,knWz2A2w3Ts_00,real_videos/knWz2A2w3Ts_00.mp4,knWz2A2w3Ts,accident_time,3.167,48,15.016518169986986,29.967,450,26.799999999999997,2,t-bone,unique,test,test,Poor,day,signalized_intersection,Virginia,academic-noncommercial; see paper vs kaggle,True,1cf2afd6e763c0f5a1be4f3a39ff559b
roadside,ACCIDENT_real,vWus0so2b0w_00,real_videos/vWus0so2b0w_00.mp4,vWus0so2b0w,accident_time,7.667,215,27.853807760425052,18.633,519,10.966,2,t-bone,unique,test,train,Fine,day,signalized_intersection,World,academic-noncommercial; see paper vs kaggle,True,edeeb18f9f8de55f5ca1e2fe1bf64b16
roadside,ACCIDENT_real,typL5MlQdQU_00,real_videos/typL5MlQdQU_00.mp4,typL5MlQdQU,accident_time,10.7,213,19.833333333333332,30.0,595,19.3,2,t-bone,unique,test,train,Poor,night,signalized_intersection,World,academic-noncommercial; see paper vs kaggle,True,c6c0e7252ea02d0e5c98350a1d5f3eb8
roadside,ACCIDENT_real,91JpOFnaiD4_00,real_videos/91JpOFnaiD4_00.mp4,91JpOFnaiD4,accident_time,2.583,38,14.936645128807585,11.917,178,9.334,0,head-on,unique,test,test,Very_Poor,night,signalized_intersection,Virginia,academic-noncommercial; see paper vs kaggle,True,49de55827f4a3129761a708b8d74a9c8
roadside,ACCIDENT_real,Zt2cNzpQIZc_00,real_videos/Zt2cNzpQIZc_00.mp4,Zt2cNzpQIZc,accident_time,3.64,91,25.0,6.96,174,3.32,3,sideswipe,unique,test,train,Good,day,signalized_intersection,World,academic-noncommercial; see paper vs kaggle,True,2759683a560c675e7498bef187467316
roadside,ACCIDENT_real,1D0KxP4drTU_00,real_videos/1D0KxP4drTU_00.mp4,1D0KxP4drTU,accident_time,8.1081,187,23.373754872549583,13.947267,326,5.839167,4,single,unique,test,train,Excellent,night,city_street,World,academic-noncommercial; see paper vs kaggle,True,972dc285c04e15863dfaeb6df4926b1f
roadside,ACCIDENT_real,5TdEe3ikbEM_00,real_videos/5TdEe3ikbEM_00.mp4,5TdEe3ikbEM,accident_time,4.9,121,24.93506586029929,8.983333,224,4.083333,3,sideswipe,unique,test,train,Good,day,city_street,World,academic-noncommercial; see paper vs kaggle,True,e9f0fb45461c545ac15b97cfd021ae8e
roadside,ACCIDENT_real,5TdEe3ikbEM_01,real_videos/5TdEe3ikbEM_01.mp4,5TdEe3ikbEM,accident_time,0.633334,16,26.845358610692077,8.083333999999999,217,7.449999999999999,4,single,unique,test,train,Excellent,day,highway,World,academic-noncommercial; see paper vs kaggle,True,6bb20f5873d5c1e88297d0bd5a920917
roadside,ACCIDENT_real,zz0qZ-sSCbY_00,real_videos/zz0qZ-sSCbY_00.mp4,zz0qZ-sSCbY,accident_time,4.359999999999999,80,18.463302752293576,8.72,161,4.360000000000001,4,single,unique,test,train,Good,day,city_street,World,academic-noncommercial; see paper vs kaggle,True,82aa02339c218fc46b837d6b8dbd6262
roadside,ACCIDENT_real,CLxtkUlDwYs_00,real_videos/CLxtkUlDwYs_00.mp4,CLxtkUlDwYs,accident_time,10.071,147,14.720575501232265,15.013,221,4.942,3,sideswipe,unique,test,test,Very_Poor,day,grade_separated_intersection,Virginia,academic-noncommercial; see paper vs kaggle,True,be6a7a4e710ba4892873129d1a0465fd
roadside,ACCIDENT_real,D7D-zT4wxC4_00,real_videos/D7D-zT4wxC4_00.mp4,D7D-zT4wxC4,accident_time,3.333,50,15.000339374193986,14.733,221,11.4,3,sideswipe,unique,test,test,Very_Poor,night,grade_separated_intersection,Virginia,academic-noncommercial; see paper vs kaggle,True,153ddc2ad0a68c37d398a038aa2a0bb0
roadside,ACCIDENT_real,S4pRVJ-We44_00,real_videos/S4pRVJ-We44_00.mp4,S4pRVJ-We44,accident_time,9.715,146,15.020140643135113,14.647,220,4.932,3,sideswipe,unique,test,test,Very_Poor,night,highway,Virginia,academic-noncommercial; see paper vs kaggle,True,730e81d64711260addc22ef5ad41ac49
roadside,ACCIDENT_real,mM1mhT8o578_00,real_videos/mM1mhT8o578_00.mp4,mM1mhT8o578,accident_time,4.333,64,14.916943521594684,30.1,449,25.767000000000003,3,sideswipe,unique,test,test,Poor,day,highway,Virginia,academic-noncommercial; see paper vs kaggle,True,e0e95f900448fb9f884b159754a5c94d
roadside,ACCIDENT_real,Dum9n19ZHYk_00,real_videos/Dum9n19ZHYk_00.mp4,Dum9n19ZHYk,accident_time,1.9139999999999997,29,15.021459227467812,14.446,217,12.532,1,rear-end,unique,test,test,Very_Poor,day,highway,Virginia,academic-noncommercial; see paper vs kaggle,True,869d54ec478160de9c341a4221b2957f
roadside,ACCIDENT_real,neRsGdCvROM_00,real_videos/neRsGdCvROM_00.mp4,neRsGdCvROM,accident_time,12.615,189,14.78537930046898,27.933,413,15.318,3,sideswipe,unique,test,test,Very_Poor,day,highway,Virginia,academic-noncommercial; see paper vs kaggle,True,ccda4cb2d7347a5588570f5dcd97d8c1
roadside,ACCIDENT_real,QQ3MyzcyOL4_00,real_videos/QQ3MyzcyOL4_00.mp4,QQ3MyzcyOL4,accident_time,5.1,76,14.78222961994214,25.233,373,20.133000000000003,2,t-bone,unique,test,test,Poor,night,signalized_intersection,Virginia,academic-noncommercial; see paper vs kaggle,True,ac00a25fdb7df01dae1bfe7d9594dedf
roadside,ACCIDENT_real,EEYAqpWdNAE_00,real_videos/EEYAqpWdNAE_00.mp4,EEYAqpWdNAE,accident_time,2.0,30,14.349775784753364,27.875,400,25.875,2,t-bone,unique,test,test,Poor,night,signalized_intersection,Virginia,academic-noncommercial; see paper vs kaggle,True,435fd2e47a5d6d2d622ab1b961555b4d
roadside,ACCIDENT_real,Ex8VtDfLq8M_00,real_videos/Ex8VtDfLq8M_00.mp4,Ex8VtDfLq8M,accident_time,2.433,36,14.95145631067961,10.3,154,7.867000000000001,3,sideswipe,unique,test,test,Very_Poor,day,highway,Virginia,academic-noncommercial; see paper vs kaggle,True,951df645ae711184dd207e725019508a
roadside,ACCIDENT_real,OlkuOuXVfQ8_00,real_videos/OlkuOuXVfQ8_00.mp4,OlkuOuXVfQ8,accident_time,10.867,162,14.4,30.0,432,19.133,4,single,unique,test,test,Fine,day,highway,Iowa,academic-noncommercial; see paper vs kaggle,True,fe3c19a0afe62285d4c671aac5a89525
roadside,ACCIDENT_real,BFN3VYJ9ARs_00,real_videos/BFN3VYJ9ARs_00.mp4,BFN3VYJ9ARs,accident_time,6.867,177,23.72399636837327,25.333,601,18.465999999999998,1,rear-end,unique,test,test,Fine,day,highway,Iowa,academic-noncommercial; see paper vs kaggle,True,a62d26d52b657b475158d58046b1f7a1
roadside,ACCIDENT_real,JmRMCNbbhOY_00,real_videos/JmRMCNbbhOY_00.mp4,JmRMCNbbhOY,accident_time,6.8,141,20.53956834532374,27.8,571,21.0,2,t-bone,unique,test,test,Fine,day,highway,Iowa,academic-noncommercial; see paper vs kaggle,True,44d9dd0bb6d54cca06eb10ab22ffe5e5
roadside,ACCIDENT_real,iQbsvy9KGC8_00,real_videos/iQbsvy9KGC8_00.mp4,iQbsvy9KGC8,accident_time,7.533,113,14.887024862087205,13.233,197,5.7,3,sideswipe,unique,test,test,Good,day,grade_separated_intersection,Iowa,academic-noncommercial; see paper vs kaggle,True,e193f47e21e709f3bd0e7d306e415253
roadside,ACCIDENT_real,-PpBteU0p3Q_00,real_videos/-PpBteU0p3Q_00.mp4,-PpBteU0p3Q,accident_time,3.292,49,14.987649375792778,29.958,449,26.665999999999997,4,single,unique,test,test,Fine,day,highway,Iowa,academic-noncommercial; see paper vs kaggle,True,bdb32c827be1ac5fe1a6b35af63dc89b
roadside,ACCIDENT_real,ozCjkCKp6DQ_00,real_videos/ozCjkCKp6DQ_00.mp4,ozCjkCKp6DQ,accident_time,7.133,63,8.724279835390947,24.3,212,17.167,2,t-bone,unique,test,test,Fine,day,simple_intersection,Iowa,academic-noncommercial; see paper vs kaggle,True,f8002801f73d8fae61cf18d8a24dd3c6
roadside,ACCIDENT_real,oocg-wnFMDE_00,real_videos/oocg-wnFMDE_00.mp4,oocg-wnFMDE,accident_time,6.917,103,14.954269310367849,29.958,448,23.040999999999997,3,sideswipe,unique,test,test,Poor,day,highway,Iowa,academic-noncommercial; see paper vs kaggle,True,1af6c6e53056cb981e4ec3f6c0c93df3
roadside,ACCIDENT_real,Zw3DbNY6ZpE_00,real_videos/Zw3DbNY6ZpE_00.mp4,Zw3DbNY6ZpE,accident_time,5.267,60,12.180064737878334,29.967,365,24.7,2,t-bone,unique,test,test,Poor,day,simple_intersection,Iowa,academic-noncommercial; see paper vs kaggle,True,a685986593016d042c07d8d50bffc622
roadside,ACCIDENT_real,g1vKgJ9RN8c_00,real_videos/g1vKgJ9RN8c_00.mp4,g1vKgJ9RN8c,accident_time,6.500000000000001,98,15.054239539517381,9.033999999999999,136,2.533999999999998,4,single,unique,test,test,Very_Poor,day,highway,Iowa,academic-noncommercial; see paper vs kaggle,True,69b5a863d767f43a03a520652354778c
roadside,ACCIDENT_real,NJvjYUBWAc0_00,real_videos/NJvjYUBWAc0_00.mp4,NJvjYUBWAc0,accident_time,6.154,89,14.58664546899841,25.16,367,19.006,4,single,unique,test,test,Fine,day,highway,Iowa,academic-noncommercial; see paper vs kaggle,True,06e56822756c4990e1abb770f48e62c2
roadside,ACCIDENT_real,CpBPz9n7_Rg_00,real_videos/CpBPz9n7_Rg_00.mp4,CpBPz9n7_Rg,accident_time,4.458,64,14.8,25.0,370,20.542,4,single,unique,train,test,Fine,night,highway,Iowa,academic-noncommercial; see paper vs kaggle,True,2aded36e9ecb51fdc68b0b934b9e9de1
roadside,ACCIDENT_real,3wK_g1985p4_00,real_videos/3wK_g1985p4_00.mp4,3wK_g1985p4,accident_time,10.7,154,14.015416958654521,29.967,420,19.267,1,rear-end,unique,test,test,Fine,day,highway,Iowa,academic-noncommercial; see paper vs kaggle,True,0dfd60d792f5550d74a80801bb2f6618
roadside,ACCIDENT_real,AOlLjNQ2vu4_00,real_videos/AOlLjNQ2vu4_00.mp4,AOlLjNQ2vu4,accident_time,7.375,110,14.907911889561118,29.917,446,22.542,1,rear-end,unique,test,test,Poor,night,highway,Iowa,academic-noncommercial; see paper vs kaggle,True,233db05ad6f9ae87cdac3a04d44ed46d
roadside,ACCIDENT_real,3dIt2gBnS7o_00,real_videos/3dIt2gBnS7o_00.mp4,3dIt2gBnS7o,accident_time,7.125,93,11.2,23.75,266,16.625,1,rear-end,unique,test,test,Fine,day,highway,Iowa,academic-noncommercial; see paper vs kaggle,True,b6b948d519e64ed96d75fd9a4e0b06a0
roadside,ACCIDENT_real,w_4-UPeU_zc_00,real_videos/w_4-UPeU_zc_00.mp4,w_4-UPeU_zc,accident_time,8.049000000000001,113,13.692180940797991,25.489,349,17.439999999999998,4,single,unique,test,test,Poor,day,highway,Iowa,academic-noncommercial; see paper vs kaggle,True,4632d1f87d4d6be74e407f8948c728bf
roadside,ACCIDENT_real,Uf-KkS36dZg_00,real_videos/Uf-KkS36dZg_00.mp4,Uf-KkS36dZg,accident_time,4.083,61,14.947888096544158,7.292,109,3.2089999999999996,4,single,unique,test,test,Very_Poor,night,highway,Iowa,academic-noncommercial; see paper vs kaggle,True,b138a99ff8f8cef0999f3565e3258795
roadside,ACCIDENT_real,IbJBE53NXZc_00,real_videos/IbJBE53NXZc_00.mp4,IbJBE53NXZc,accident_time,6.625,99,14.281463850044629,10.083,144,3.458,4,single,unique,train,test,Fine,night,highway,Iowa,academic-noncommercial; see paper vs kaggle,True,12bd3ce603220e3d816435d3baf3291f
roadside,ACCIDENT_real,W0qpYlyc-Ws_00,real_videos/W0qpYlyc-Ws_00.mp4,W0qpYlyc-Ws,accident_time,1.033,13,13.029098319580397,29.933,390,28.9,4,single,unique,test,test,Fine,day,highway,Iowa,academic-noncommercial; see paper vs kaggle,True,d802e1040f95d8e81fdadd578f39cacb
roadside,ACCIDENT_real,LI8ZZcRlFV8_00,real_videos/LI8ZZcRlFV8_00.mp4,LI8ZZcRlFV8,accident_time,1.125,17,14.755065905961047,5.083,75,3.958,3,sideswipe,unique,test,test,Poor,night,highway,Iowa,academic-noncommercial; see paper vs kaggle,True,64b23f72af8f93d16ce7189d7a76fd71
roadside,ACCIDENT_real,9AnFK85qRjM_00,real_videos/9AnFK85qRjM_00.mp4,9AnFK85qRjM,accident_time,6.917,103,14.91891891891892,9.25,138,2.333,3,sideswipe,unique,test,test,Fine,day,highway,Iowa,academic-noncommercial; see paper vs kaggle,True,68f58c71bf7f2fb4b5290b07e8a4386e
roadside,ACCIDENT_real,0J5lP1YbTHc_00,real_videos/0J5lP1YbTHc_00.mp4,0J5lP1YbTHc,accident_time,3.3,46,13.997928707446631,29.933,419,26.633,4,single,unique,test,test,Poor,night,highway,Iowa,academic-noncommercial; see paper vs kaggle,True,7031f700ef944e6b2936f8e365411472
roadside,ACCIDENT_real,zjHAkzyXOCg_00,real_videos/zjHAkzyXOCg_00.mp4,zjHAkzyXOCg,accident_time,4.767,67,14.515967564320754,29.967,435,25.2,4,single,unique,test,test,Poor,day,highway,Iowa,academic-noncommercial; see paper vs kaggle,True,8d8617b350c2ec6e368199cfabebf7db
roadside,ACCIDENT_real,lfQuoQHfc4k_00,real_videos/lfQuoQHfc4k_00.mp4,lfQuoQHfc4k,accident_time,2.767,41,14.909286869049756,5.567,83,2.8000000000000003,3,sideswipe,unique,test,test,Poor,day,highway,Iowa,academic-noncommercial; see paper vs kaggle,True,8454fdf40e48fde7a68999652b9c6d70
roadside,ACCIDENT_real,JM2EUK2Odg8_00,real_videos/JM2EUK2Odg8_00.mp4,JM2EUK2Odg8,accident_time,1.0329999999999995,16,14.722325754752145,5.366,79,4.333,4,single,unique,test,test,Fine,night,highway,Iowa,academic-noncommercial; see paper vs kaggle,True,f3a7ba3cacfa3ccfe4b92af8d2129657
roadside,ACCIDENT_real,oWLWFTK4QdU_00,real_videos/oWLWFTK4QdU_00.mp4,oWLWFTK4QdU,accident_time,5.633,141,25.033619530361022,9.667,242,4.034,4,single,unique,test,test,Fine,night,highway,Iowa,academic-noncommercial; see paper vs kaggle,True,16c19540cb86160e12d022f0e2163b7e
roadside,ACCIDENT_real,oWLWFTK4QdU_01,real_videos/oWLWFTK4QdU_01.mp4,oWLWFTK4QdU,accident_time,7.699999999999999,193,25.0,10.2,255,2.5,3,sideswipe,unique,test,test,Fine,night,highway,Iowa,academic-noncommercial; see paper vs kaggle,True,d1f6fa8110fedbd45336d2759c052270
roadside,ACCIDENT_real,oWLWFTK4QdU_02,real_videos/oWLWFTK4QdU_02.mp4,oWLWFTK4QdU,accident_time,1.466000000000001,38,25.15807883761604,7.433,187,5.966999999999999,4,single,unique,test,test,Fine,night,highway,Iowa,academic-noncommercial; see paper vs kaggle,True,0d628686631217e4d221a808cf8b1272
roadside,ACCIDENT_real,WyJmpozauFo_00,real_videos/WyJmpozauFo_00.mp4,WyJmpozauFo,accident_time,3.6,53,14.861703591578367,7.267,108,3.6670000000000003,4,single,unique,test,test,Poor,day,highway,Iowa,academic-noncommercial; see paper vs kaggle,True,0139a0e496d3dc5c6b7b829cc5d426e9
roadside,ACCIDENT_real,fbkRjY737QE_00,real_videos/fbkRjY737QE_00.mp4,fbkRjY737QE,accident_time,3.833,57,14.987649375792778,29.958,449,26.125,4,single,unique,test,test,Poor,day,highway,Iowa,academic-noncommercial; see paper vs kaggle,True,a3af9024f536fd8e4ad075a6320ad126
roadside,ACCIDENT_real,XOIVTT7Fn9U_00,real_videos/XOIVTT7Fn9U_00.mp4,XOIVTT7Fn9U,accident_time,5.625,84,11.582882702450098,29.958,347,24.333,4,single,unique,test,test,Very_Poor,day,highway,Iowa,academic-noncommercial; see paper vs kaggle,True,d8803364fb88f4d99dd92f89537267a1
roadside,ACCIDENT_real,5ZHUJ6AwHGA_00,real_videos/5ZHUJ6AwHGA_00.mp4,5ZHUJ6AwHGA,accident_time,6.042,90,14.809917355371901,15.125,224,9.083,4,single,unique,test,test,Poor,night,highway,Iowa,academic-noncommercial; see paper vs kaggle,True,32a72e7fd2a73ef96d5de8d4df14a95f
roadside,ACCIDENT_real,vrkLno9PSfU_00,real_videos/vrkLno9PSfU_00.mp4,vrkLno9PSfU,accident_time,5.333,79,14.966666666666667,30.0,449,24.667,4,single,unique,test,test,Fine,day,grade_separated_intersection,Iowa,academic-noncommercial; see paper vs kaggle,True,ab5689a321ac78926eeba6422a8ed214
roadside,ACCIDENT_real,Vtp5G_Z5BZQ_00,real_videos/Vtp5G_Z5BZQ_00.mp4,Vtp5G_Z5BZQ,accident_time,3.067,41,13.870967741935484,6.2,86,3.133,4,single,unique,test,test,Poor,night,grade_separated_intersection,Iowa,academic-noncommercial; see paper vs kaggle,True,9b45768d6a4680df4e9c6bf937ca1816
roadside,ACCIDENT_real,Vtp5G_Z5BZQ_01,real_videos/Vtp5G_Z5BZQ_01.mp4,Vtp5G_Z5BZQ,accident_time,1.9669999999999996,27,14.11868519744099,4.5329999999999995,64,2.566,4,single,unique,test,test,Poor,night,grade_separated_intersection,Iowa,academic-noncommercial; see paper vs kaggle,True,5f696e7115ad58aef7c7f00c4f96be4a
roadside,ACCIDENT_real,mRbMWblAmzo_00,real_videos/mRbMWblAmzo_00.mp4,mRbMWblAmzo,accident_time,8.64,215,24.966622162883844,29.96,748,21.32,4,single,unique,test,test,Excellent,night,highway,Iowa,academic-noncommercial; see paper vs kaggle,True,56faa695961a9e08d08f111a0b1b5686
roadside,ACCIDENT_real,3Gc1wi2Qp4g_00,real_videos/3Gc1wi2Qp4g_00.mp4,3Gc1wi2Qp4g,accident_time,6.333,40,6.507157873661027,29.967,195,23.634,4,single,unique,test,test,Poor,day,highway,Iowa,academic-noncommercial; see paper vs kaggle,True,1ff8a599900b1fe1960f9682f1214891
roadside,ACCIDENT_real,cF1M5Rhn8Zs_00,real_videos/cF1M5Rhn8Zs_00.mp4,cF1M5Rhn8Zs,accident_time,3.4,50,14.723790545776598,9.033,133,5.632999999999999,4,single,unique,test,test,Very_Poor,night,highway,Iowa,academic-noncommercial; see paper vs kaggle,True,2484f18bb39d15f8bc59ebe27df5748e
roadside,ACCIDENT_real,rDkG2tN8W8o_00,real_videos/rDkG2tN8W8o_00.mp4,rDkG2tN8W8o,accident_time,9.789473999999998,145,14.96898238264711,25.452631999999998,381,15.663158,4,single,unique,test,test,Very_Poor,day,highway,Virginia,academic-noncommercial; see paper vs kaggle,True,0d129a903ba6ce6b216a20e32c12cdb9
roadside,ACCIDENT_real,hHLYbcQzL0U_00,real_videos/hHLYbcQzL0U_00.mp4,hHLYbcQzL0U,accident_time,5.708,85,14.984126984126984,7.875,118,2.167,4,single,unique,train,test,Poor,day,highway,Virginia,academic-noncommercial; see paper vs kaggle,True,c51a832560705b42d72fd85b17d1ffa4
roadside,ACCIDENT_real,F8PPMv46IQk_00,real_videos/F8PPMv46IQk_00.mp4,F8PPMv46IQk,accident_time,9.367,190,20.647355316693996,16.467,340,7.099999999999998,3,sideswipe,unique,test,train,Good,day,city_street,World,academic-noncommercial; see paper vs kaggle,True,f2308baea91409cd50038f09f5e809bc
roadside,ACCIDENT_real,p-Tdocrz9HI_00,real_videos/p-Tdocrz9HI_00.mp4,p-Tdocrz9HI,accident_time,14.5,217,14.980401288469748,25.767,386,11.267,4,single,unique,test,test,Fine,night,highway,Kansas,academic-noncommercial; see paper vs kaggle,True,ca620ce257f6cbc4b7ab4153d77f062a
roadside,ACCIDENT_real,kUsZnGYhevs_00,real_videos/kUsZnGYhevs_00.mp4,kUsZnGYhevs,accident_time,4.767,71,14.90566037735849,5.3,79,0.5329999999999995,1,rear-end,unique,test,test,Poor,day,highway,Kansas,academic-noncommercial; see paper vs kaggle,True,02dc83e36053944dc35b2c397315ca3c
roadside,ACCIDENT_real,9P_vAk9ZExI_00,real_videos/9P_vAk9ZExI_00.mp4,9P_vAk9ZExI,accident_time,2.533,37,14.950221423101254,30.033,449,27.5,4,single,unique,test,test,Fine,night,grade_separated_intersection,Kansas,academic-noncommercial; see paper vs kaggle,True,0e155376a316f814056ceff5cbe59747
roadside,ACCIDENT_real,vtXjJLurYMY_00,real_videos/vtXjJLurYMY_00.mp4,vtXjJLurYMY,accident_time,5.5,82,14.974874371859297,19.9,298,14.399999999999999,2,t-bone,unique,test,test,Fine,day,grade_separated_intersection,Kansas,academic-noncommercial; see paper vs kaggle,True,5d1316902f35cc63cd810f63240e278c
roadside,ACCIDENT_real,UCNyjybsbiU_00,real_videos/UCNyjybsbiU_00.mp4,UCNyjybsbiU,accident_time,2.5,37,14.980340956492018,25.433333,381,22.933333,4,single,unique,train,test,Good,day,grade_separated_intersection,Kansas,academic-noncommercial; see paper vs kaggle,True,8695af7f9cc76605a4a0c5cc217d357b
roadside,ACCIDENT_real,x7yDzEf3TxM_00,real_videos/x7yDzEf3TxM_00.mp4,x7yDzEf3TxM,accident_time,4.833,72,14.983148129609237,29.967,449,25.134,4,single,unique,test,test,Fine,day,grade_separated_intersection,Kansas,academic-noncommercial; see paper vs kaggle,True,f5eea8d70cefed8c9e25a633bd3dad9d
roadside,ACCIDENT_real,BGXx55xRiic_00,real_videos/BGXx55xRiic_00.mp4,BGXx55xRiic,accident_time,5.767,86,14.983148129609237,29.967,449,24.2,3,sideswipe,unique,test,test,Fine,day,highway,Kansas,academic-noncommercial; see paper vs kaggle,True,cf3a969f63686fa70ea7b21781785e6f
roadside,ACCIDENT_real,jsh--BYn0pc_00,real_videos/jsh--BYn0pc_00.mp4,jsh--BYn0pc,accident_time,6.133,92,15.000433538541575,11.533000000000001,173,5.400000000000001,4,single,unique,test,test,Good,day,highway,Kansas,academic-noncommercial; see paper vs kaggle,True,0978863acd24938f86cb049adfe042e8
roadside,ACCIDENT_real,ggSUG42G9YE_00,real_videos/ggSUG42G9YE_00.mp4,ggSUG42G9YE,accident_time,2.633,39,15.016518169986986,29.967,450,27.334,4,single,unique,test,test,Fine,day,highway,Kansas,academic-noncommercial; see paper vs kaggle,True,18b0eec3381ed163bc2710132a80408b
roadside,ACCIDENT_real,qCDsyJKE1MA_00,real_videos/qCDsyJKE1MA_00.mp4,qCDsyJKE1MA,accident_time,5.267,78,14.966666666666667,30.0,449,24.733,1,rear-end,unique,test,test,Fine,night,highway,Kansas,academic-noncommercial; see paper vs kaggle,True,7906423e412044e7a785551b3043231b
roadside,ACCIDENT_real,AjhYRdkLdRc_00,real_videos/AjhYRdkLdRc_00.mp4,AjhYRdkLdRc,accident_time,2.6999999999999997,40,14.980559579172068,26.233999999999998,393,23.534,1,rear-end,unique,test,test,Fine,day,highway,Kansas,academic-noncommercial; see paper vs kaggle,True,34d636d6febf14711971df142c00b0fd
roadside,ACCIDENT_real,nHKTuIJZA1U_00,real_videos/nHKTuIJZA1U_00.mp4,nHKTuIJZA1U,accident_time,3.2910000000000004,49,14.808510638297872,5.875,87,2.5839999999999996,4,single,unique,test,test,Poor,day,grade_separated_intersection,Kansas,academic-noncommercial; see paper vs kaggle,True,44e6a63f3c4298301d98bd0ced9fe1d0
roadside,ACCIDENT_real,nKz4V0ajOgc_00,real_videos/nKz4V0ajOgc_00.mp4,nKz4V0ajOgc,accident_time,9.917,148,14.987649375792778,29.958,449,20.040999999999997,1,rear-end,unique,test,test,Poor,night,highway,Kansas,academic-noncommercial; see paper vs kaggle,True,b1605fb9ef1a6762b6cea26e02b757e7
roadside,ACCIDENT_real,N8kPF4qITIM_00,real_videos/N8kPF4qITIM_00.mp4,N8kPF4qITIM,accident_time,4.833333,72,14.960352950144598,18.916666,283,14.083333,1,rear-end,unique,test,test,Poor,night,highway,Kansas,academic-noncommercial; see paper vs kaggle,True,78b78ce474ffaeb26a693dcb331ee9bf
roadside,ACCIDENT_real,xwp9G0TuTUk_00,real_videos/xwp9G0TuTUk_00.mp4,xwp9G0TuTUk,accident_time,7.167,107,14.983148129609237,29.967,449,22.799999999999997,4,single,unique,test,test,Poor,night,highway,Kansas,academic-noncommercial; see paper vs kaggle,True,db7c85b88713ae8ee1d185eb96511ab8
roadside,ACCIDENT_real,uGvzo8mRSSo_00,real_videos/uGvzo8mRSSo_00.mp4,uGvzo8mRSSo,accident_time,4.4,84,18.9,30.0,567,25.6,4,single,unique,test,test,Poor,night,grade_separated_intersection,Kansas,academic-noncommercial; see paper vs kaggle,True,d089d69a7420c138e9dc0bf90930d8bb
roadside,ACCIDENT_real,Ov8CuX37yeo_00,real_videos/Ov8CuX37yeo_00.mp4,Ov8CuX37yeo,accident_time,4.067,122,29.999542689898018,21.867,656,17.8,4,single,unique,test,test,Fine,day,highway,Kansas,academic-noncommercial; see paper vs kaggle,True,e2ffc3700b7cf0f96ed3ec5d3dd7c8dc
roadside,ACCIDENT_real,1yWbvi0K6Eg_00,real_videos/1yWbvi0K6Eg_00.mp4,1yWbvi0K6Eg,accident_time,3.583,53,14.95890410958904,18.25,273,14.667,4,single,unique,test,test,Poor,night,grade_separated_intersection,Kansas,academic-noncommercial; see paper vs kaggle,True,a8780a8fa4aeb46a7540dff0633daf09
roadside,ACCIDENT_real,EyZo7F2P35A_00,real_videos/EyZo7F2P35A_00.mp4,EyZo7F2P35A,accident_time,4.567,68,14.983148129609237,29.967,449,25.4,4,single,unique,test,test,Good,day,highway,Kansas,academic-noncommercial; see paper vs kaggle,True,896fc283de8683cf692284cc2f7afa43
roadside,ACCIDENT_real,yTkouPWrmpU_00,real_videos/yTkouPWrmpU_00.mp4,yTkouPWrmpU,accident_time,2.0000000000000004,30,15.0,27.2,408,25.2,4,single,unique,test,test,Fine,day,highway,Kansas,academic-noncommercial; see paper vs kaggle,True,173e65f33da0d1c35ef455d8a250a6cb
roadside,ACCIDENT_real,pnV5RLCskPI_00,real_videos/pnV5RLCskPI_00.mp4,pnV5RLCskPI,accident_time,5.0,74,14.966666666666667,30.0,449,25.0,4,single,unique,test,test,Fine,night,highway,Kansas,academic-noncommercial; see paper vs kaggle,True,78abc47813c21e42a4eab1ec12cf3907
roadside,ACCIDENT_real,x4jVejiZNsI_00,real_videos/x4jVejiZNsI_00.mp4,x4jVejiZNsI,accident_time,1.733,26,15.0,30.0,450,28.267,4,single,unique,test,test,Fine,day,grade_separated_intersection,Kansas,academic-noncommercial; see paper vs kaggle,True,2a816e3df78831cebdf2f62ed54bc7c4
roadside,ACCIDENT_real,_Etcfb7cUH8_00,real_videos/_Etcfb7cUH8_00.mp4,_Etcfb7cUH8,accident_time,7.667,115,14.987649375792778,29.958,449,22.290999999999997,2,t-bone,unique,test,test,Fine,day,grade_separated_intersection,Kansas,academic-noncommercial; see paper vs kaggle,True,4ad6d7cdfc79ffb4b01b242d97dc7f03
roadside,ACCIDENT_real,SWAI7FYPhjc_00,real_videos/SWAI7FYPhjc_00.mp4,SWAI7FYPhjc,accident_time,3.625,48,13.819347085920288,29.958,414,26.333,4,single,unique,test,test,Poor,night,grade_separated_intersection,Kansas,academic-noncommercial; see paper vs kaggle,True,49c55ab87232b1bdebb3720bfa2d85fd
roadside,ACCIDENT_real,GI1-kjZaEWM_00,real_videos/GI1-kjZaEWM_00.mp4,GI1-kjZaEWM,accident_time,6.866667,103,14.6484375,25.6,375,18.733333000000002,4,single,unique,test,test,Good,night,highway,Kansas,academic-noncommercial; see paper vs kaggle,True,eaeea82401f59d676674d566745512b4
roadside,ACCIDENT_real,5mrzzNJQOug_00,real_videos/5mrzzNJQOug_00.mp4,5mrzzNJQOug,accident_time,2.366667,35,14.983314627549337,29.966667,449,27.6,4,single,unique,test,test,Poor,night,grade_separated_intersection,Kansas,academic-noncommercial; see paper vs kaggle,True,20bf13c87dc96659039b7fe637576df4
roadside,ACCIDENT_real,ue2PvUTPXTs_00,real_videos/ue2PvUTPXTs_00.mp4,ue2PvUTPXTs,accident_time,4.042,60,14.981818181818182,20.625,309,16.583,1,rear-end,unique,test,test,Fine,day,highway,Kansas,academic-noncommercial; see paper vs kaggle,True,e170eb34e631ecaa3810cfcb4ac10cfd
roadside,ACCIDENT_real,FOPldt8txP4_00,real_videos/FOPldt8txP4_00.mp4,FOPldt8txP4,accident_time,6.067,91,15.0,30.0,450,23.933,4,single,unique,test,test,Good,day,grade_separated_intersection,Kansas,academic-noncommercial; see paper vs kaggle,True,75677a91b21d4921d3e72a91db97261d
roadside,ACCIDENT_real,FDjxbPaxmho_00,real_videos/FDjxbPaxmho_00.mp4,FDjxbPaxmho,accident_time,5.433,81,14.983148129609237,29.967,449,24.534,4,single,unique,test,test,Fine,night,highway,Kansas,academic-noncommercial; see paper vs kaggle,True,c59f760d5399dc6e4e52dad26bce9cc2
roadside,ACCIDENT_real,SH93O7eHV08_00,real_videos/SH93O7eHV08_00.mp4,SH93O7eHV08,accident_time,11.228,166,14.439899462816026,20.291,293,9.063,4,single,unique,test,test,Fine,night,grade_separated_intersection,Kansas,academic-noncommercial; see paper vs kaggle,True,ab464e9cc4efff05fb7ed550fdd5a3a0
roadside,ACCIDENT_real,MvV_hkztDqE_00,real_videos/MvV_hkztDqE_00.mp4,MvV_hkztDqE,accident_time,7.208,108,15.008189323795834,29.917,449,22.709000000000003,2,t-bone,unique,test,test,Good,day,highway,Kansas,academic-noncommercial; see paper vs kaggle,True,50a2411546d881b3023329e1ff767a76
roadside,ACCIDENT_real,HGediRhCK14_00,real_videos/HGediRhCK14_00.mp4,HGediRhCK14,accident_time,5.433,83,15.484070762203384,25.833,400,20.4,1,rear-end,unique,test,test,Fine,night,highway,Kansas,academic-noncommercial; see paper vs kaggle,True,a1dded8ef37e7fcc82c152324d5b2346
roadside,ACCIDENT_real,2IY6PpDm85k_00,real_videos/2IY6PpDm85k_00.mp4,2IY6PpDm85k,accident_time,1.5419999999999998,24,15.035097704420412,21.084000000000003,317,19.542,2,t-bone,unique,test,test,Fine,night,signalized_intersection,Kansas,academic-noncommercial; see paper vs kaggle,True,dfa31e141557208acb086ea5640962e6
roadside,ACCIDENT_real,Th2EbZpLkrk_00,real_videos/Th2EbZpLkrk_00.mp4,Th2EbZpLkrk,accident_time,6.534000000000001,98,17.60081354871514,25.567,450,19.033,1,rear-end,unique,test,test,Fine,day,highway,Kansas,academic-noncommercial; see paper vs kaggle,True,90500d6a9d34b33e67d06c25200b7a85
roadside,ACCIDENT_real,5ZYWhoVVLGI_00,real_videos/5ZYWhoVVLGI_00.mp4,5ZYWhoVVLGI,accident_time,8.433,126,14.980092245831198,25.367,380,16.934,4,single,unique,test,test,Fine,day,highway,Kansas,academic-noncommercial; see paper vs kaggle,True,ad080d96f956f5a9e2dca250a73db4e4
roadside,ACCIDENT_real,IrdhgFvZE1Y_00,real_videos/IrdhgFvZE1Y_00.mp4,IrdhgFvZE1Y,accident_time,3.933,58,14.88888888888889,9.0,134,5.067,4,single,unique,test,test,Poor,night,highway,Kansas,academic-noncommercial; see paper vs kaggle,True,449804d98f352fecf59ee3757c077e42
roadside,ACCIDENT_real,0Kh7K1ftejg_00,real_videos/0Kh7K1ftejg_00.mp4,0Kh7K1ftejg,accident_time,0.6000000000000001,9,15.002143163309047,2.3329999999999997,35,1.7329999999999997,4,single,unique,test,test,Fine,day,highway,Kansas,academic-noncommercial; see paper vs kaggle,True,8d66be2ddebc8a76abd5bd46be5cca0f
roadside,ACCIDENT_real,qdHRfSReZ0w_00,real_videos/qdHRfSReZ0w_00.mp4,qdHRfSReZ0w,accident_time,2.634,38,14.785328404890533,7.033999999999999,104,4.399999999999999,4,single,unique,test,test,Poor,night,grade_separated_intersection,Kansas,academic-noncommercial; see paper vs kaggle,True,f9e2600bce9609fe0873e0e2a06e954c
roadside,ACCIDENT_real,0sxbjc7SAZA_00,real_videos/0sxbjc7SAZA_00.mp4,0sxbjc7SAZA,accident_time,5.433,81,14.983148129609237,29.967,449,24.534,4,single,unique,test,test,Fine,day,grade_separated_intersection,Kansas,academic-noncommercial; see paper vs kaggle,True,9fb527583ad2b0f537922e8ebfd0b169
roadside,ACCIDENT_real,egyW5DsK8BQ_00,real_videos/egyW5DsK8BQ_00.mp4,egyW5DsK8BQ,accident_time,3.917,57,14.77485928705441,12.792,189,8.875,4,single,unique,test,test,Poor,night,highway,Louisiana,academic-noncommercial; see paper vs kaggle,True,7280b79eff0b9091757133454353a2e2
roadside,ACCIDENT_real,A6Ut8jw-oLs_00,real_videos/A6Ut8jw-oLs_00.mp4,A6Ut8jw-oLs,accident_time,4.416666,65,14.920723392720149,29.958333,447,25.541667,2,t-bone,unique,test,test,Good,day,signalized_intersection,Louisiana,academic-noncommercial; see paper vs kaggle,True,97ce79ecfcd8d4d15549a239b0fc6974
roadside,ACCIDENT_real,6Xd4Xk76ylQ_00,real_videos/6Xd4Xk76ylQ_00.mp4,6Xd4Xk76ylQ,accident_time,1.833333,27,14.987482781501894,29.958333,449,28.125,3,sideswipe,unique,test,test,Good,day,grade_separated_intersection,Louisiana,academic-noncommercial; see paper vs kaggle,True,15001fc41621c4a6e3186540e35830cd
roadside,ACCIDENT_real,Qbgh3C8ew2o_00,real_videos/Qbgh3C8ew2o_00.mp4,Qbgh3C8ew2o,accident_time,5.271933,79,14.985014818310699,29.963267000000002,449,24.691334,2,t-bone,unique,test,test,Good,night,signalized_intersection,Louisiana,academic-noncommercial; see paper vs kaggle,True,8d4f241a752dd17c0230633176040a73
roadside,ACCIDENT_real,P7BOK9E4kS8_00,real_videos/P7BOK9E4kS8_00.mp4,P7BOK9E4kS8,accident_time,6.958333,104,14.987482781501894,29.958333,449,23.0,3,sideswipe,unique,train,test,Good,day,highway,Louisiana,academic-noncommercial; see paper vs kaggle,True,a7c54b723355a6d8e4f2772685734b9a
roadside,ACCIDENT_real,Cu3dl1ABN2k_00,real_videos/Cu3dl1ABN2k_00.mp4,Cu3dl1ABN2k,accident_time,3.7541900000000004,56,14.25,24.0,342,20.24581,0,head-on,unique,test,test,Good,day,signalized_intersection,Louisiana,academic-noncommercial; see paper vs kaggle,True,1d4bbf8ec09d99786a43d3ea3a17c9c6
roadside,ACCIDENT_real,ed96OpSybeQ_00,real_videos/ed96OpSybeQ_00.mp4,ed96OpSybeQ,accident_time,6.740067,100,14.753458462067734,30.2302,446,23.490133,2,t-bone,unique,test,test,Fine,day,signalized_intersection,Louisiana,academic-noncommercial; see paper vs kaggle,True,10b7bb707f6fc122539d669a42ba8c8b
roadside,ACCIDENT_real,W1YnYuUFxwg_00,real_videos/W1YnYuUFxwg_00.mp4,W1YnYuUFxwg,accident_time,7.125,106,12.91794172926778,29.958333,387,22.833333,2,t-bone,unique,test,test,Good,day,signalized_intersection,Louisiana,academic-noncommercial; see paper vs kaggle,True,96fae2ee04095037a02fa52f0d2be4e4
roadside,ACCIDENT_real,MQI5ApNNZPI_00,real_videos/MQI5ApNNZPI_00.mp4,MQI5ApNNZPI,accident_time,3.743733,112,28.452447424619233,30.050139,855,26.306406000000003,1,rear-end,unique,test,test,Fine,day,highway,Louisiana,academic-noncommercial; see paper vs kaggle,True,16768454abfa238e4abde7bb40da4cd2
roadside,ACCIDENT_real,k9lZ453AVO8_00,real_videos/k9lZ453AVO8_00.mp4,k9lZ453AVO8,accident_time,4.25,64,14.878504672897197,26.75,398,22.5,1,rear-end,unique,test,test,Fine,night,signalized_intersection,Louisiana,academic-noncommercial; see paper vs kaggle,True,46a94dc2636ee20b31fcd570696008cd
roadside,ACCIDENT_real,JDc09Tn1tR8_00,real_videos/JDc09Tn1tR8_00.mp4,JDc09Tn1tR8,accident_time,4.25,63,14.974763512384262,29.917,448,25.667,1,rear-end,unique,test,test,Poor,day,highway,Louisiana,academic-noncommercial; see paper vs kaggle,True,d2fea61f111e6d8f7b1b83b54bb3cb66
roadside,ACCIDENT_real,a3T2DygvH4w_00,real_videos/a3T2DygvH4w_00.mp4,a3T2DygvH4w,accident_time,5.167,77,14.987649375792778,29.958,449,24.790999999999997,4,single,unique,test,test,Poor,day,grade_separated_intersection,Louisiana,academic-noncommercial; see paper vs kaggle,True,a10c8149121d7acd66ad841c3eaa4e34
roadside,ACCIDENT_real,7KAkcOyPqkw_00,real_videos/7KAkcOyPqkw_00.mp4,7KAkcOyPqkw,accident_time,5.5,82,14.947888096544158,7.292,109,1.7919999999999998,4,single,unique,test,test,Poor,night,highway,Louisiana,academic-noncommercial; see paper vs kaggle,True,44d9486c9988e76f1983890c3aa677d4
roadside,ACCIDENT_real,2UWHJTklurQ_00,real_videos/2UWHJTklurQ_00.mp4,2UWHJTklurQ,accident_time,1.583,24,14.485300419988,11.667,169,10.084,4,single,unique,test,test,Poor,night,grade_separated_intersection,Louisiana,academic-noncommercial; see paper vs kaggle,True,09c3c34bbe977bc78d9ebcb636fcda21
roadside,ACCIDENT_real,i09Z9tesnac_00,real_videos/i09Z9tesnac_00.mp4,i09Z9tesnac,accident_time,3.208,47,14.94133770097269,29.917,447,26.709000000000003,4,single,unique,test,test,Poor,day,highway,Louisiana,academic-noncommercial; see paper vs kaggle,True,17c5a81453818b20587bd41dd46d01c7
roadside,ACCIDENT_real,T5396f4sJ5w_00,real_videos/T5396f4sJ5w_00.mp4,T5396f4sJ5w,accident_time,12.25,129,10.694522166262514,16.083,172,3.8329999999999984,1,rear-end,unique,test,test,Poor,day,highway,Louisiana,academic-noncommercial; see paper vs kaggle,True,f73fb8dbc4c722fc46f97b2901522fc9
roadside,ACCIDENT_real,r_Ca7EkJDdg_00,real_videos/r_Ca7EkJDdg_00.mp4,r_Ca7EkJDdg,accident_time,4.375,65,14.925795896864786,11.791666,176,7.416665999999999,4,single,unique,test,test,Fine,day,highway,Louisiana,academic-noncommercial; see paper vs kaggle,True,189d8ece54577496785e97af667f5a8e
roadside,ACCIDENT_real,8j-qfY6_Bxg_00,real_videos/8j-qfY6_Bxg_00.mp4,8j-qfY6_Bxg,accident_time,3.958333,59,14.971787584791855,13.291666,199,9.333333,3,sideswipe,unique,test,test,Fine,night,signalized_intersection,Louisiana,academic-noncommercial; see paper vs kaggle,True,94cc367db24fccd6e8d542f51bde9ee0
roadside,ACCIDENT_real,iKpoAkiKqjw_00,real_videos/iKpoAkiKqjw_00.mp4,iKpoAkiKqjw,accident_time,2.766666,34,13.333333333333334,4.5,60,1.7333340000000002,4,single,unique,test,test,Excellent,day,highway,Louisiana,academic-noncommercial; see paper vs kaggle,True,bfdc7d744687fedbeb2d33ea988ed68b
roadside,ACCIDENT_real,OdgIl355A80_00,real_videos/OdgIl355A80_00.mp4,OdgIl355A80,accident_time,4.583333,69,15.05325586303014,7.041666,106,2.4583330000000005,1,rear-end,unique,train,test,Good,night,highway,Louisiana,academic-noncommercial; see paper vs kaggle,True,b4eb79302dbd876a87bb5de130413130
roadside,ACCIDENT_real,hAaMPL2ieyE_00,real_videos/hAaMPL2ieyE_00.mp4,hAaMPL2ieyE,accident_time,2.625,39,14.94133770097269,29.917,447,27.292,4,single,unique,test,test,Poor,day,highway,Louisiana,academic-noncommercial; see paper vs kaggle,True,bb14ad47e2d98545ab5cd86b765ddefe
roadside,ACCIDENT_real,9KTcbXYyzWI_00,real_videos/9KTcbXYyzWI_00.mp4,9KTcbXYyzWI,accident_time,4.833333,72,14.974930695820182,29.916666,448,25.083333,4,single,unique,test,test,Poor,night,grade_separated_intersection,Louisiana,academic-noncommercial; see paper vs kaggle,True,64929a8e0d0133f51127ed401d50aa93
roadside,ACCIDENT_real,4RAe_LEFTTU_00,real_videos/4RAe_LEFTTU_00.mp4,4RAe_LEFTTU,accident_time,9.25,138,14.887343698329277,29.958333,446,20.708333,4,single,unique,test,test,Poor,day,highway,Louisiana,academic-noncommercial; see paper vs kaggle,True,ffc2eda018c29c8fb860de733e044c25
roadside,ACCIDENT_real,gnyMlVu3LzY_00,real_videos/gnyMlVu3LzY_00.mp4,gnyMlVu3LzY,accident_time,1.3330000000000002,20,14.986274946212628,26.958,404,25.625,3,sideswipe,unique,test,test,Poor,day,highway,Louisiana,academic-noncommercial; see paper vs kaggle,True,356b7671b5293a6cc868b8684c80afd4
roadside,ACCIDENT_real,vPWarRX_sVI_00,real_videos/vPWarRX_sVI_00.mp4,vPWarRX_sVI,accident_time,8.0,120,14.987482781501894,29.958333,449,21.958333,4,single,unique,test,test,Poor,night,highway,Louisiana,academic-noncommercial; see paper vs kaggle,True,38432ca76af93a9a0587fdbb24cd52bf
roadside,ACCIDENT_real,ntjBOrqvD6Q_00,real_videos/ntjBOrqvD6Q_00.mp4,ntjBOrqvD6Q,accident_time,4.166666,125,30.000000667408248,29.966666,899,25.8,4,single,unique,test,test,Poor,day,highway,Louisiana,academic-noncommercial; see paper vs kaggle,True,21ecef6a2b857e6af965019f317abf15
roadside,ACCIDENT_real,_5e--tkpUck_00,real_videos/_5e--tkpUck_00.mp4,_5e--tkpUck,accident_time,4.0,59,14.92088924494292,29.958,447,25.958,3,sideswipe,unique,test,test,Fine,day,highway,Louisiana,academic-noncommercial; see paper vs kaggle,True,05882410c7ac6045d304be9c9da41d68
roadside,ACCIDENT_real,xsX4nrMR0ds_00,real_videos/xsX4nrMR0ds_00.mp4,xsX4nrMR0ds,accident_time,8.667,127,13.41878630082115,29.958,402,21.290999999999997,4,single,unique,test,test,Poor,day,highway,Louisiana,academic-noncommercial; see paper vs kaggle,True,0d038797842cf3fe67d6ddec6e1e915d
roadside,ACCIDENT_real,3oxYxwfTwro_00,real_videos/3oxYxwfTwro_00.mp4,3oxYxwfTwro,accident_time,3.36,82,24.68354430379747,6.32,156,2.9600000000000004,2,t-bone,unique,test,train,Fine,day,signalized_intersection,World,academic-noncommercial; see paper vs kaggle,True,b26f3c12fa1f23577500816ca511368f
roadside,ACCIDENT_real,6yQNWmpmUPk_00,real_videos/6yQNWmpmUPk_00.mp4,6yQNWmpmUPk,accident_time,9.0,252,29.359220682913676,29.666999999999998,871,20.666999999999998,3,sideswipe,unique,test,test,Poor,day,highway,Maryland,academic-noncommercial; see paper vs kaggle,True,1500fb170bc841b6441a46ad8df6023f
roadside,ACCIDENT_real,J19P9fWUj2U_00,real_videos/J19P9fWUj2U_00.mp4,J19P9fWUj2U,accident_time,6.583,99,15.008189323795834,29.917,449,23.334000000000003,3,sideswipe,unique,test,test,Poor,day,highway,Maryland,academic-noncommercial; see paper vs kaggle,True,cbac358db02c4b6fb3cf43b4f9d3d8da
roadside,ACCIDENT_real,8ZzJdjQi-aM_00,real_videos/8ZzJdjQi-aM_00.mp4,8ZzJdjQi-aM,accident_time,6.24138,173,27.55655983906969,7.620690000000001,210,1.3793100000000003,1,rear-end,unique,test,test,Fine,day,highway,Maryland,academic-noncommercial; see paper vs kaggle,True,c5ea46bd910131425d28d6ffddccca80
roadside,ACCIDENT_real,vqIPnFuQ22c_00,real_videos/vqIPnFuQ22c_00.mp4,vqIPnFuQ22c,accident_time,4.267,128,30.0,30.0,900,25.733,1,rear-end,unique,test,test,Poor,day,highway,Maryland,academic-noncommercial; see paper vs kaggle,True,2b40f99407a2c00e191a1298073bdce0
roadside,ACCIDENT_real,yD3Q70U-bD4_00,real_videos/yD3Q70U-bD4_00.mp4,yD3Q70U-bD4,accident_time,2.766666,83,29.933259842786647,29.966666,897,27.2,4,single,unique,test,test,Very_Poor,night,grade_separated_intersection,Virginia,academic-noncommercial; see paper vs kaggle,True,be8d72a77536182bbd8fb0d35388ee1d
roadside,ACCIDENT_real,RokQ01Hx_Fg_00,real_videos/RokQ01Hx_Fg_00.mp4,RokQ01Hx_Fg,accident_time,4.267,127,29.966296259218474,29.967,898,25.7,3,sideswipe,unique,test,test,Poor,day,highway,Maryland,academic-noncommercial; see paper vs kaggle,True,7c74ec13bd7634795cdf48740bbdadc4
roadside,ACCIDENT_real,6fIB4cD0IrE_00,real_videos/6fIB4cD0IrE_00.mp4,6fIB4cD0IrE,accident_time,3.8000000000000007,114,29.999216730633666,25.534,766,21.733999999999998,1,rear-end,unique,test,test,Poor,night,highway,Maryland,academic-noncommercial; see paper vs kaggle,True,d21bd6f6e2b7ae2be2e5ef6dff47fa3f
roadside,ACCIDENT_real,yWyxEWTof1A_00,real_videos/yWyxEWTof1A_00.mp4,yWyxEWTof1A,accident_time,2.0329999999999995,41,22.333333333333332,21.0,469,18.967,1,rear-end,unique,test,test,Very_Poor,night,highway,Maryland,academic-noncommercial; see paper vs kaggle,True,d180d70aabeb07668acd68b333b26a70
roadside,ACCIDENT_real,_Bm8NYVbTN4_00,real_videos/_Bm8NYVbTN4_00.mp4,_Bm8NYVbTN4,accident_time,4.667,70,14.954269310367849,29.958,448,25.290999999999997,3,sideswipe,unique,test,test,Very_Poor,day,highway,Maryland,academic-noncommercial; see paper vs kaggle,True,1103fbef2a1f822e384569e8b645f4be
roadside,ACCIDENT_real,coukijt9MpI_00,real_videos/coukijt9MpI_00.mp4,coukijt9MpI,accident_time,0.6329999999999991,19,29.99953416872409,21.467,644,20.834,3,sideswipe,unique,test,test,Poor,day,highway,Maryland,academic-noncommercial; see paper vs kaggle,True,75df66f2d4b84e1b9c034d107b7b1203
roadside,ACCIDENT_real,kgfitHjT3cs_00,real_videos/kgfitHjT3cs_00.mp4,kgfitHjT3cs,accident_time,6.458,96,14.841060266737975,29.917,444,23.459000000000003,1,rear-end,unique,test,test,Poor,day,highway,Maryland,academic-noncommercial; see paper vs kaggle,True,19fb1768e1ab98db20edfebaebc07d61
roadside,ACCIDENT_real,jopSKVpAIos_00,real_videos/jopSKVpAIos_00.mp4,jopSKVpAIos,accident_time,4.542,68,14.594142259414227,29.875,436,25.333,1,rear-end,unique,test,test,Poor,day,highway,Maryland,academic-noncommercial; see paper vs kaggle,True,0bcf3c7bd957ecd2b49f7262b77186cc
roadside,ACCIDENT_real,QrKQoabj12w_00,real_videos/QrKQoabj12w_00.mp4,QrKQoabj12w,accident_time,5.375,80,14.987649375792778,29.958,449,24.583,3,sideswipe,unique,test,test,Poor,day,highway,Maryland,academic-noncommercial; see paper vs kaggle,True,b09c58368689487fb6889a0831595cfe
roadside,ACCIDENT_real,neosg71VJkY_00,real_videos/neosg71VJkY_00.mp4,neosg71VJkY,accident_time,4.9,64,13.056478405315614,30.1,393,25.200000000000003,1,rear-end,unique,test,test,Poor,day,highway,Maryland,academic-noncommercial; see paper vs kaggle,True,3176250050880af5e28be8e94f962aef
roadside,ACCIDENT_real,5uh8-3q51uI_00,real_videos/5uh8-3q51uI_00.mp4,5uh8-3q51uI,accident_time,5.866666,176,30.000000667408248,29.966666,899,24.1,1,rear-end,unique,test,test,Fine,day,highway,Maryland,academic-noncommercial; see paper vs kaggle,True,d5c5277b845c3527dc3981437797178f
roadside,ACCIDENT_real,udxjyNtNiV4_00,real_videos/udxjyNtNiV4_00.mp4,udxjyNtNiV4,accident_time,2.833,85,29.999666299596225,29.967,899,27.134,4,single,unique,test,test,Very_Poor,day,highway,Maryland,academic-noncommercial; see paper vs kaggle,True,e927aa6c251f814fa72277d83dfc1027
roadside,ACCIDENT_real,cZkJ009T8mU_00,real_videos/cZkJ009T8mU_00.mp4,cZkJ009T8mU,accident_time,4.266666000000001,128,30.000000667408248,29.966666,899,25.7,2,t-bone,unique,test,test,Poor,day,highway,Maryland,academic-noncommercial; see paper vs kaggle,True,8180b36cb59b63c514715fe29cc90a5b
roadside,ACCIDENT_real,DZBg6CcIi6Y_00,real_videos/DZBg6CcIi6Y_00.mp4,DZBg6CcIi6Y,accident_time,18.5,555,29.933480821136577,30.066667,900,11.566666999999999,4,single,unique,test,test,Poor,day,grade_separated_intersection,Maryland,academic-noncommercial; see paper vs kaggle,True,01a2ddcab8932c5b5d97507fa64619d8
roadside,ACCIDENT_real,cYwpWiiwZro_00,real_videos/cYwpWiiwZro_00.mp4,cYwpWiiwZro,accident_time,5.4,161,29.966666666666665,30.0,899,24.6,4,single,unique,test,test,Good,night,city_street,Maryland,academic-noncommercial; see paper vs kaggle,True,dca608df17de73b37147c0765829ccbf
roadside,ACCIDENT_real,wQ0jtlL3tbA_00,real_videos/wQ0jtlL3tbA_00.mp4,wQ0jtlL3tbA,accident_time,2.5999999999999996,77,29.966630255097446,29.966666,898,27.366666000000002,4,single,unique,test,test,Poor,day,highway,Maryland,academic-noncommercial; see paper vs kaggle,True,c513861badcc2eb249ba0a98dd4e4b7b
roadside,ACCIDENT_real,aw8RbjIaKKA_00,real_videos/aw8RbjIaKKA_00.mp4,aw8RbjIaKKA,accident_time,15.667,470,30.0,30.0,900,14.333,4,single,unique,test,test,Very_Poor,night,highway,Maryland,academic-noncommercial; see paper vs kaggle,True,5dcf37a4b6e7b619f8c5ebdb24e9e857
roadside,ACCIDENT_real,NXGMpjaYFsw_00,real_videos/NXGMpjaYFsw_00.mp4,NXGMpjaYFsw,accident_time,7.1,212,29.966296259218474,29.967,898,22.866999999999997,4,single,unique,test,test,Poor,day,highway,Maryland,academic-noncommercial; see paper vs kaggle,True,0306c68a3d4313ae2c51255192f36458
roadside,ACCIDENT_real,iAsAPYpjkS8_00,real_videos/iAsAPYpjkS8_00.mp4,iAsAPYpjkS8,accident_time,2.733,81,29.165415290152502,29.967,874,27.233999999999998,4,single,unique,test,test,Very_Poor,night,highway,Maryland,academic-noncommercial; see paper vs kaggle,True,1a11bd77de1e15b17c027dd0e6f5180f
roadside,ACCIDENT_real,y7FiOf3tpnk_00,real_videos/y7FiOf3tpnk_00.mp4,y7FiOf3tpnk,accident_time,10.625,159,14.393305439330543,29.875,430,19.25,4,single,unique,test,test,Poor,day,highway,Maryland,academic-noncommercial; see paper vs kaggle,True,f9c8b582cde495782c7bf3f1e663eb0d
roadside,ACCIDENT_real,l1_qLRlQw8U_00,real_videos/l1_qLRlQw8U_00.mp4,l1_qLRlQw8U,accident_time,7.708,78,10.0418410041841,29.875,300,22.167,4,single,unique,test,test,Very_Poor,night,highway,Virginia,academic-noncommercial; see paper vs kaggle,True,544764a6f0c3318560d941836291ceba
roadside,ACCIDENT_real,iKor62WhYgc_00,real_videos/iKor62WhYgc_00.mp4,iKor62WhYgc,accident_time,3.417,51,10.21430002002804,29.958,306,26.540999999999997,2,t-bone,unique,test,test,Fine,day,signalized_intersection,Virginia,academic-noncommercial; see paper vs kaggle,True,7431fce5ce8b706c5dc8caa3c5ac071e
roadside,ACCIDENT_real,5GV2ouD2_hA_00,real_videos/5GV2ouD2_hA_00.mp4,5GV2ouD2_hA,accident_time,11.086,167,11.603375527426161,29.387999999999998,341,18.302,2,t-bone,unique,test,test,Very_Poor,night,highway,Virginia,academic-noncommercial; see paper vs kaggle,True,c8518a1b8fc5f0fec47319a5fe61050b
roadside,ACCIDENT_real,k88wOc1q7kI_00,real_videos/k88wOc1q7kI_00.mp4,k88wOc1q7kI,accident_time,6.708,101,11.966614152113433,29.833,357,23.125,2,t-bone,unique,test,test,Poor,day,signalized_intersection,Virginia,academic-noncommercial; see paper vs kaggle,True,c2194c0fab7a214596c82ef1edbfb309
roadside,ACCIDENT_real,42g5gRbzYhY_00,real_videos/42g5gRbzYhY_00.mp4,42g5gRbzYhY,accident_time,7.3666670000000005,221,29.99999897610925,9.766667,293,2.3999999999999995,4,single,unique,test,train,Fine,day,grade_separated_intersection,Unknown,academic-noncommercial; see paper vs kaggle,True,36dca87d03e8a78c62047848bd772429
roadside,ACCIDENT_real,42g5gRbzYhY_01,real_videos/42g5gRbzYhY_01.mp4,42g5gRbzYhY,accident_time,4.733333,142,29.99999894366201,9.466667,284,4.733333999999999,4,single,unique,test,train,Fine,day,grade_separated_intersection,Unknown,academic-noncommercial; see paper vs kaggle,True,bad816570848a70ed2d8c82101dee297
roadside,ACCIDENT_real,x8GY43DccAs_00,real_videos/x8GY43DccAs_00.mp4,x8GY43DccAs,accident_time,9.767,293,29.999999999999996,20.6,618,10.833000000000002,3,sideswipe,unique,test,test,Fine,day,highway,Minnesota,academic-noncommercial; see paper vs kaggle,True,a15ca3c76cc27444f2f65dc886ad7d78
roadside,ACCIDENT_real,unTKXNwIN1A_00,real_videos/unTKXNwIN1A_00.mp4,unTKXNwIN1A,accident_time,1.967,58,29.960802576939496,25.767,772,23.8,3,sideswipe,unique,test,test,Fine,day,grade_separated_intersection,Minnesota,academic-noncommercial; see paper vs kaggle,True,a4c882b7ea48679faa54630d4f9ce48e
roadside,ACCIDENT_real,oGQRRhrK2LA_00,real_videos/oGQRRhrK2LA_00.mp4,oGQRRhrK2LA,accident_time,3.7,111,30.000639672487686,15.633,469,11.933,3,sideswipe,unique,test,test,Poor,day,signalized_intersection,Minnesota,academic-noncommercial; see paper vs kaggle,True,a38ea8afd9e2b0bc9da989e677ea1428
roadside,ACCIDENT_real,SA_ZC0qlqdg_00,real_videos/SA_ZC0qlqdg_00.mp4,SA_ZC0qlqdg,accident_time,5.7,128,21.277463009008272,24.533,522,18.833000000000002,3,sideswipe,unique,test,test,Good,day,signalized_intersection,Minnesota,academic-noncommercial; see paper vs kaggle,True,5504518c182a9badaa2d988eed19b03d
roadside,ACCIDENT_real,lj2jsTChFEo_00,real_videos/lj2jsTChFEo_00.mp4,lj2jsTChFEo,accident_time,6.533,195,28.69844941627209,27.667,794,21.134,4,single,unique,dev,test,Poor,night,highway,Minnesota,academic-noncommercial; see paper vs kaggle,True,1cad5739ac038a9748a2c5652687d468
roadside,ACCIDENT_real,aLrHglJ_H6o_00,real_videos/aLrHglJ_H6o_00.mp4,aLrHglJ_H6o,accident_time,6.067,180,29.71557945379935,7.067,210,1.0,4,single,unique,test,test,Fine,night,highway,Minnesota,academic-noncommercial; see paper vs kaggle,True,50021e13d659ee952c4908ebd0e8f61f
roadside,ACCIDENT_real,yd7QK62ESfM_00,real_videos/yd7QK62ESfM_00.mp4,yd7QK62ESfM,accident_time,2.0,40,29.333333333333332,30.0,880,28.0,2,t-bone,unique,test,test,Good,day,signalized_intersection,Minnesota,academic-noncommercial; see paper vs kaggle,True,7c47f3fa0a9bb4a6fcb46f67a3dfc61a
roadside,ACCIDENT_real,7jr-TzLKTrU_00,real_videos/7jr-TzLKTrU_00.mp4,7jr-TzLKTrU,accident_time,1.6,48,29.542483660130717,15.3,452,13.700000000000001,1,rear-end,unique,test,test,Fine,day,signalized_intersection,Minnesota,academic-noncommercial; see paper vs kaggle,True,ab08127c8848d778ea19fed7e00324af
roadside,ACCIDENT_real,rk8CtIpbG5w_00,real_videos/rk8CtIpbG5w_00.mp4,rk8CtIpbG5w,accident_time,7.0,203,29.766407781232655,29.966666,892,22.966666,4,single,unique,train,test,Excellent,day,highway,Minnesota,academic-noncommercial; see paper vs kaggle,True,1c7cf55c0413942fbe0195396203a077
roadside,ACCIDENT_real,pyq3j3CobZ0_00,real_videos/pyq3j3CobZ0_00.mp4,pyq3j3CobZ0,accident_time,3.466666,103,29.89619480609671,9.633332999999999,288,6.166666999999999,3,sideswipe,unique,test,test,Poor,day,grade_separated_intersection,Minnesota,academic-noncommercial; see paper vs kaggle,True,0328c1e20e59d066e9511b609db25e3a
roadside,ACCIDENT_real,Y3OQspLTLok_00,real_videos/Y3OQspLTLok_00.mp4,Y3OQspLTLok,accident_time,4.133333,123,29.966630255097446,29.966666,898,25.833333,1,rear-end,unique,dev,test,Good,day,grade_separated_intersection,Minnesota,academic-noncommercial; see paper vs kaggle,True,07a8258edb881d987b9bf74cc5978863
roadside,ACCIDENT_real,64ZEWTQY7SY_00,real_videos/64ZEWTQY7SY_00.mp4,64ZEWTQY7SY,accident_time,3.333,99,29.834400823017955,30.133,899,26.799999999999997,1,rear-end,unique,train,test,Poor,night,highway,Minnesota,academic-noncommercial; see paper vs kaggle,True,59996e9b6f7f474c8062f6a03cc15140
roadside,ACCIDENT_real,tmZqFNBoF-E_00,real_videos/tmZqFNBoF-E_00.mp4,tmZqFNBoF-E,accident_time,1.467,43,20.6,30.0,618,28.533,3,sideswipe,unique,test,test,Good,day,signalized_intersection,Minnesota,academic-noncommercial; see paper vs kaggle,True,5989d27e4b03e3a51b89548609e7e3c9
roadside,ACCIDENT_real,7ZCKQq8C3X0_00,real_videos/7ZCKQq8C3X0_00.mp4,7ZCKQq8C3X0,accident_time,4.133333,123,29.966630255097446,29.966666,898,25.833333,4,single,unique,train,test,Fine,day,highway,Minnesota,academic-noncommercial; see paper vs kaggle,True,569889ad1557d1cdb3ef08da6c46f3df
roadside,ACCIDENT_real,soihnyrvZms_00,real_videos/soihnyrvZms_00.mp4,soihnyrvZms,accident_time,2.4670000000000005,74,29.99939639041468,16.567,497,14.1,1,rear-end,unique,test,test,Fine,night,grade_separated_intersection,Minnesota,academic-noncommercial; see paper vs kaggle,True,3df66e467616b00df181e7cf66bb70d5
roadside,ACCIDENT_real,6wS8Dv8-S8s_00,real_videos/6wS8Dv8-S8s_00.mp4,6wS8Dv8-S8s,accident_time,21.233333000000002,637,30.000000667408248,29.966666,899,8.733332999999998,1,rear-end,unique,test,test,Excellent,day,grade_separated_intersection,Minnesota,academic-noncommercial; see paper vs kaggle,True,813177d0650a9919c47bf0a5c43feb58
roadside,ACCIDENT_real,m33jiO8xGLk_00,real_videos/m33jiO8xGLk_00.mp4,m33jiO8xGLk,accident_time,9.867,295,29.899890245119234,30.067,899,20.2,1,rear-end,unique,test,test,Poor,night,highway,Minnesota,academic-noncommercial; see paper vs kaggle,True,d1842450f9caed20aab8636266890045
roadside,ACCIDENT_real,9XfMq4ikGTU_00,real_videos/9XfMq4ikGTU_00.mp4,9XfMq4ikGTU,accident_time,5.8333330000000005,174,29.466074070435464,29.966666,883,24.133333,1,rear-end,unique,dev,test,Good,day,grade_separated_intersection,Minnesota,academic-noncommercial; see paper vs kaggle,True,4e0cd2730453f6b6b33e6fe99164aee6
roadside,ACCIDENT_real,_-XReeuhpiE_00,real_videos/_-XReeuhpiE_00.mp4,_-XReeuhpiE,accident_time,2.767,83,23.192178062535458,29.967,695,27.2,4,single,unique,test,test,Fine,day,highway,Minnesota,academic-noncommercial; see paper vs kaggle,True,f0fc55944accb64138d1835bc12182d8
roadside,ACCIDENT_real,vR3sZ1IxPAo_00,real_videos/vR3sZ1IxPAo_00.mp4,vR3sZ1IxPAo,accident_time,8.8,263,29.934640522875817,15.3,458,6.5,4,single,unique,test,test,Fine,day,highway,Minnesota,academic-noncommercial; see paper vs kaggle,True,6f5e4d00dc88c9834cb0787c15c82836
roadside,ACCIDENT_real,vR3sZ1IxPAo_01,real_videos/vR3sZ1IxPAo_01.mp4,vR3sZ1IxPAo,accident_time,9.15,274,29.965870307167236,14.65,439,5.5,4,single,unique,test,test,Fine,day,highway,Minnesota,academic-noncommercial; see paper vs kaggle,True,1cf0955494f1232ef06c904aed20ca03
roadside,ACCIDENT_real,3gFe7GtkEPk_00,real_videos/3gFe7GtkEPk_00.mp4,3gFe7GtkEPk,accident_time,12.1,363,30.0,20.0,600,7.9,4,single,unique,train,test,Poor,night,highway,Virginia,academic-noncommercial; see paper vs kaggle,True,2f2b5357130e4a61e8d56509646c753b
roadside,ACCIDENT_real,ao3VuM_p4_8_00,real_videos/ao3VuM_p4_8_00.mp4,ao3VuM_p4,accident_time,1.4340000000000002,42,29.920634920634917,25.200000000000003,754,23.766000000000002,4,single,unique,dev,test,Fine,night,grade_separated_intersection,Minnesota,academic-noncommercial; see paper vs kaggle,True,154528f27b4e68ba66144cc87a5a1421
roadside,ACCIDENT_real,-T_E4YhtjyE_00,real_videos/-T_E4YhtjyE_00.mp4,-T_E4YhtjyE,accident_time,3.8,113,29.966630255097446,29.966666,898,26.166666,4,single,unique,train,test,Poor,night,highway,Minnesota,academic-noncommercial; see paper vs kaggle,True,90beaac299d50c54f212b743cf4e127e
roadside,ACCIDENT_real,QfHs3610Fw4_00,real_videos/QfHs3610Fw4_00.mp4,QfHs3610Fw4,accident_time,3.3333329999999997,99,29.966630255097446,29.966666,898,26.633333,3,sideswipe,unique,test,test,Fine,day,highway,Minnesota,academic-noncommercial; see paper vs kaggle,True,3b52623e92d5dc84d743dba28480b3d8
roadside,ACCIDENT_real,75qRY47mjfQ_00,real_videos/75qRY47mjfQ_00.mp4,75qRY47mjfQ,accident_time,5.2,149,29.40298012146152,30.133,886,24.933,2,t-bone,unique,test,test,Fine,night,signalized_intersection,Minnesota,academic-noncommercial; see paper vs kaggle,True,8e52ec5e6d9b0090b0611f0b1d892268
roadside,ACCIDENT_real,TPVutn4rHsU_00,real_videos/TPVutn4rHsU_00.mp4,TPVutn4rHsU,accident_time,2.933,88,29.999666299596225,29.967,899,27.034,4,single,unique,test,test,Fine,day,grade_separated_intersection,Minnesota,academic-noncommercial; see paper vs kaggle,True,d4879ea4cf635e3c33e0cced57873697
roadside,ACCIDENT_real,6CW7HogT0ZA_00,real_videos/6CW7HogT0ZA_00.mp4,6CW7HogT0ZA,accident_time,2.766666,83,30.000001542416527,12.966666000000002,389,10.200000000000003,4,single,unique,test,test,Fine,night,grade_separated_intersection,Minnesota,academic-noncommercial; see paper vs kaggle,True,018604db35847120f37e8468d56b97fe
roadside,ACCIDENT_real,vC6P5GxfX-Q_00,real_videos/vC6P5GxfX-Q_00.mp4,vC6P5GxfX-Q,accident_time,5.033,150,29.966296259218474,29.967,898,24.933999999999997,4,single,unique,train,test,Fine,day,highway,Minnesota,academic-noncommercial; see paper vs kaggle,True,16eaf2d3dc00dcb44b308ffa8305fbb6
roadside,ACCIDENT_real,obqvQOIyzL4_00,real_videos/obqvQOIyzL4_00.mp4,obqvQOIyzL4,accident_time,9.899999999999999,296,29.966630255097446,29.966666,898,20.066666,4,single,unique,train,test,Poor,night,highway,Minnesota,academic-noncommercial; see paper vs kaggle,True,58f9e1f39f03d0cdf55cc81d19e52ee3
roadside,ACCIDENT_real,ob6zKCT1SGE_00,real_videos/ob6zKCT1SGE_00.mp4,ob6zKCT1SGE,accident_time,5.699999999999999,171,30.0,26.5,795,20.8,4,single,unique,test,test,Poor,day,grade_separated_intersection,Minnesota,academic-noncommercial; see paper vs kaggle,True,74d239387049f486fd60a9ee4e7d2dba
roadside,ACCIDENT_real,QnEqrBCB7Ak_00,real_videos/QnEqrBCB7Ak_00.mp4,QnEqrBCB7Ak,accident_time,3.466666,103,29.966630255097446,29.966666,898,26.5,2,t-bone,unique,test,test,Excellent,day,signalized_intersection,Minnesota,academic-noncommercial; see paper vs kaggle,True,60f74f44e101f14afd3bd62a65e54777
roadside,ACCIDENT_real,v45DbbZotgI_00,real_videos/v45DbbZotgI_00.mp4,v45DbbZotgI,accident_time,3.867,116,29.999666299596225,29.967,899,26.099999999999998,4,single,unique,test,test,Poor,night,highway,Minnesota,academic-noncommercial; see paper vs kaggle,True,9b949ec21671c75c3bfd9ad69e0a35a6
roadside,ACCIDENT_real,ZQOzzKybkTA_00,real_videos/ZQOzzKybkTA_00.mp4,ZQOzzKybkTA,accident_time,11.333333,322,29.399333245813864,29.966666,881,18.633333,4,single,unique,train,test,Fine,night,grade_separated_intersection,Minnesota,academic-noncommercial; see paper vs kaggle,True,bc1b883e253e794ac37f7aa19ab8b458
roadside,ACCIDENT_real,Vh13EbZJAiA_00,real_videos/Vh13EbZJAiA_00.mp4,Vh13EbZJAiA,accident_time,15.1,453,30.000385609069525,25.933,778,10.833,4,single,unique,train,test,Fine,night,grade_separated_intersection,Minnesota,academic-noncommercial; see paper vs kaggle,True,df5896be9c7fcf6311bb637ac17aa39d
roadside,ACCIDENT_real,GtL1Onu28Iw_00,real_videos/GtL1Onu28Iw_00.mp4,GtL1Onu28Iw,accident_time,9.033332999999999,270,27.05202390323769,11.533332999999999,312,2.5,4,single,unique,test,test,Poor,night,highway,Minnesota,academic-noncommercial; see paper vs kaggle,True,5bb5ae0a1f2bdb64086903d787c6edb5
roadside,ACCIDENT_real,BY9XdpYwLto_00,real_videos/BY9XdpYwLto_00.mp4,BY9XdpYwLto,accident_time,2.467,31,9.176761103880937,29.967,275,27.5,4,single,unique,test,test,Good,night,signalized_intersection,Minnesota,academic-noncommercial; see paper vs kaggle,True,5afdc9cf54872a5cf12fff70ad582eb6
roadside,ACCIDENT_real,cHJRsctghpY_00,real_videos/cHJRsctghpY_00.mp4,cHJRsctghpY,accident_time,4.367,131,30.0,30.0,900,25.633,2,t-bone,unique,test,test,Fine,night,signalized_intersection,Minnesota,academic-noncommercial; see paper vs kaggle,True,7121d3c66f5082d5cd5775ef0e9f09fa
roadside,ACCIDENT_real,aD4MQN4ZM18_00,real_videos/aD4MQN4ZM18_00.mp4,aD4MQN4ZM18,accident_time,4.5,135,28.679742871270808,6.067,174,1.5670000000000002,2,t-bone,unique,test,test,Fine,day,signalized_intersection,Minnesota,academic-noncommercial; see paper vs kaggle,True,ef6c23922d86bc132dda732299a52e71
roadside,ACCIDENT_real,6eUG-Pp36_s_00,real_videos/6eUG-Pp36_s_00.mp4,6eUG-Pp36_s,accident_time,11.267000000000001,338,26.062689988538395,20.067,523,8.799999999999999,0,head-on,unique,test,test,Good,day,signalized_intersection,Minnesota,academic-noncommercial; see paper vs kaggle,True,ef3943194c6bcadfa48be5cf56adb32f
roadside,ACCIDENT_real,ZkHzHo_PvIM_00,real_videos/ZkHzHo_PvIM_00.mp4,ZkHzHo_PvIM,accident_time,4.033,120,21.6015625,25.6,553,21.567,2,t-bone,unique,test,test,Poor,night,signalized_intersection,Minnesota,academic-noncommercial; see paper vs kaggle,True,9a2571423964326c01aabd98f6eae3a6
roadside,ACCIDENT_real,9tBAfjjPEkw_00,real_videos/9tBAfjjPEkw_00.mp4,9tBAfjjPEkw,accident_time,4.567,136,29.168152815757143,25.233,736,20.666,2,t-bone,unique,test,test,Good,day,signalized_intersection,Minnesota,academic-noncommercial; see paper vs kaggle,True,86d97e7fa00737743b15a5e5bdfac09d
roadside,ACCIDENT_real,GbIQab3ECjI_00,real_videos/GbIQab3ECjI_00.mp4,GbIQab3ECjI,accident_time,6.3,113,17.123745819397993,29.9,512,23.599999999999998,2,t-bone,unique,test,test,Fine,night,signalized_intersection,Minnesota,academic-noncommercial; see paper vs kaggle,True,6b9cc27dca57d21a808c2e6501a65a51
roadside,ACCIDENT_real,DTPQZJzsoXY_00,real_videos/DTPQZJzsoXY_00.mp4,DTPQZJzsoXY,accident_time,3.2669999999999995,98,29.99765643309117,4.2669999999999995,128,1.0,1,rear-end,unique,test,test,Fine,day,grade_separated_intersection,Minnesota,academic-noncommercial; see paper vs kaggle,True,4b948e7666698d45c7aea0415cf88d73
roadside,ACCIDENT_real,Pjuu3TEEonY_00,real_videos/Pjuu3TEEonY_00.mp4,Pjuu3TEEonY,accident_time,4.6,137,25.728662299439858,10.533,271,5.933,4,single,unique,test,test,Fine,day,grade_separated_intersection,Minnesota,academic-noncommercial; see paper vs kaggle,True,4964c49b21a5f3639656713b3359f667
roadside,ACCIDENT_real,swjfOB7CzTM_00,real_videos/swjfOB7CzTM_00.mp4,swjfOB7CzTM,accident_time,9.333,260,27.7,30.0,831,20.667,2,t-bone,unique,test,test,Poor,night,highway,Minnesota,academic-noncommercial; see paper vs kaggle,True,4af74b3091275bfaca62fc22c51f1a1d
roadside,ACCIDENT_real,aTlLIoo3nCE_00,real_videos/aTlLIoo3nCE_00.mp4,aTlLIoo3nCE,accident_time,2.967,89,30.0,20.7,621,17.733,4,single,unique,train,test,Fine,day,highway,Minnesota,academic-noncommercial; see paper vs kaggle,True,b1664639a742656d90ed9884cbb81051
roadside,ACCIDENT_real,wSuWfSgwKZU_00,real_videos/wSuWfSgwKZU_00.mp4,wSuWfSgwKZU,accident_time,4.067,121,29.77988778593008,4.634,138,0.5670000000000002,2,t-bone,unique,test,test,Very_Poor,night,highway,Minnesota,academic-noncommercial; see paper vs kaggle,True,c6908f57605a2886614f2ac8af87ff9c
roadside,ACCIDENT_real,Mk3DdsuI71U_00,real_videos/Mk3DdsuI71U_00.mp4,Mk3DdsuI71U,accident_time,7.3333330000000005,220,30.000000667408248,29.966666,899,22.633333,2,t-bone,unique,test,test,Poor,day,highway,Minnesota,academic-noncommercial; see paper vs kaggle,True,6c05ac79af9a8841a0ed428f0b1c7db4
roadside,ACCIDENT_real,mmEiKiU-ZLs_00,real_videos/mmEiKiU-ZLs_00.mp4,mmEiKiU-ZLs,accident_time,5.833,115,19.955284145893817,29.967,598,24.134,4,single,unique,test,test,Poor,night,highway,Minnesota,academic-noncommercial; see paper vs kaggle,True,f99d2d3bcb1d6c38f1845e66636fc86d
roadside,ACCIDENT_real,gKNkwyn6a-o_00,real_videos/gKNkwyn6a-o_00.mp4,gKNkwyn6a-o,accident_time,4.766667,142,28.056477939261164,20.066667,563,15.299999999999999,2,t-bone,unique,test,test,Good,day,signalized_intersection,Minnesota,academic-noncommercial; see paper vs kaggle,True,52244a6fd4c92022bec7d86347c773c7
roadside,ACCIDENT_real,1koo-2ZTC9U_00,real_videos/1koo-2ZTC9U_00.mp4,1koo-2ZTC9U,accident_time,3.733,111,29.871055530357026,15.433,461,11.7,4,single,unique,test,test,Very_Poor,night,highway,Minnesota,academic-noncommercial; see paper vs kaggle,True,a4261266b183cb18f2d3a0143a3243d9
roadside,ACCIDENT_real,Cfot7TRlxAQ_00,real_videos/Cfot7TRlxAQ_00.mp4,Cfot7TRlxAQ,accident_time,5.300000000000001,149,27.580645161290317,6.200000000000001,171,0.9000000000000004,0,head-on,unique,test,test,Poor,day,signalized_intersection,Minnesota,academic-noncommercial; see paper vs kaggle,True,6471dff81c75798b30d0a0342b22e96c
roadside,ACCIDENT_real,at2_tQSDlKg_00,real_videos/at2_tQSDlKg_00.mp4,at2_tQSDlKg,accident_time,1.4000000000000001,42,30.000000667408248,29.966666,899,28.566666,3,sideswipe,unique,test,test,Fine,night,grade_separated_intersection,Minnesota,academic-noncommercial; see paper vs kaggle,True,31f1941c9522fbe15a3b0f3b0ea888e6
roadside,ACCIDENT_real,jzFOvz-C9q0_00,real_videos/jzFOvz-C9q0_00.mp4,jzFOvz-C9q0,accident_time,5.166667,155,30.000000364520055,27.433332999999998,823,22.266665999999997,3,sideswipe,unique,dev,test,Poor,night,highway,Minnesota,academic-noncommercial; see paper vs kaggle,True,8167444896d4654216ad03a53cc252b3
roadside,ACCIDENT_real,wJBN4-qBBWI_00,real_videos/wJBN4-qBBWI_00.mp4,wJBN4-qBBWI,accident_time,6.033,180,29.899890245119234,30.067,899,24.034,4,single,unique,test,test,Poor,night,highway,Minnesota,academic-noncommercial; see paper vs kaggle,True,f927707bce7eefb26b05c7f38df43218
roadside,ACCIDENT_real,CuKoIfFdF_U_00,real_videos/CuKoIfFdF_U_00.mp4,CuKoIfFdF_U,accident_time,5.8,125,27.633333333333333,30.0,829,24.2,2,t-bone,unique,test,test,Good,night,signalized_intersection,Minnesota,academic-noncommercial; see paper vs kaggle,True,a865a9fe21e64d9393cfd74c2265a3e3
roadside,ACCIDENT_real,LosVYAhNYlY_00,real_videos/LosVYAhNYlY_00.mp4,LosVYAhNYlY,accident_time,3.667,109,26.516673362796304,7.467,198,3.8,2,t-bone,unique,test,test,Poor,day,signalized_intersection,Minnesota,academic-noncommercial; see paper vs kaggle,True,0b42f817cf280d8a72133caa763a3076
roadside,ACCIDENT_real,tAGibqigAx0_00,real_videos/tAGibqigAx0_00.mp4,tAGibqigAx0,accident_time,4.0,120,29.90033222591362,30.1,900,26.1,0,head-on,unique,test,test,Good,day,signalized_intersection,Minnesota,academic-noncommercial; see paper vs kaggle,True,bedd341ac3849822f78f98cca47c5f21
roadside,ACCIDENT_real,W5YikE19nkc_00,real_videos/W5YikE19nkc_00.mp4,W5YikE19nkc,accident_time,6.467,193,29.867109634551493,30.1,899,23.633000000000003,2,t-bone,unique,test,test,Poor,day,signalized_intersection,Minnesota,academic-noncommercial; see paper vs kaggle,True,45891faa1d69ac25e1e0bab189674fbe
roadside,ACCIDENT_real,n4SC6GEp99A_00,real_videos/n4SC6GEp99A_00.mp4,n4SC6GEp99A,accident_time,5.1,152,26.466666666666665,30.0,794,24.9,2,t-bone,unique,test,test,Good,day,signalized_intersection,Minnesota,academic-noncommercial; see paper vs kaggle,True,3a045fe3bed1e14d711c3b59bc58b7c2
roadside,ACCIDENT_real,QmNsR_29zIs_00,real_videos/QmNsR_29zIs_00.mp4,QmNsR_29zIs,accident_time,14.467,406,28.478913900050717,25.633,730,11.165999999999999,2,t-bone,unique,test,test,Poor,night,signalized_intersection,Minnesota,academic-noncommercial; see paper vs kaggle,True,ed85c857494aa7be904fd90cb704fadb
roadside,ACCIDENT_real,0a405keDKpc_00,real_videos/0a405keDKpc_00.mp4,0a405keDKpc,accident_time,9.033,271,29.933149299896897,30.067,900,21.034,2,t-bone,unique,test,test,Poor,night,signalized_intersection,Minnesota,academic-noncommercial; see paper vs kaggle,True,ba10af1e68141bcc24d393c3c3264f45
roadside,ACCIDENT_real,XGmx0mhtM_A_00,real_videos/XGmx0mhtM_A_00.mp4,XGmx0mhtM_A,accident_time,6.433,189,23.425768345179698,29.967,702,23.534,2,t-bone,unique,test,test,Very_Poor,night,signalized_intersection,Minnesota,academic-noncommercial; see paper vs kaggle,True,86a65952701f512c9b244bde4ce5450e
roadside,ACCIDENT_real,hgm6sQUl8Yg_00,real_videos/hgm6sQUl8Yg_00.mp4,hgm6sQUl8Yg,accident_time,1.333,39,29.960317460317462,25.2,755,23.867,4,single,unique,test,test,Poor,day,highway,Minnesota,academic-noncommercial; see paper vs kaggle,True,a3c22a1b86a161696712e63a8d0cd82d
roadside,ACCIDENT_real,WgD4Rf1J8P4_00,real_videos/WgD4Rf1J8P4_00.mp4,WgD4Rf1J8P4,accident_time,6.633,199,27.633333333333333,30.0,829,23.367,2,t-bone,unique,test,test,Poor,night,signalized_intersection,Minnesota,academic-noncommercial; see paper vs kaggle,True,ffd6b2256ec0c840ad20c4c20f8cb74f
roadside,ACCIDENT_real,7Q6tqECKuVw_00,real_videos/7Q6tqECKuVw_00.mp4,7Q6tqECKuVw,accident_time,8.167,245,29.332265492041248,29.967,879,21.799999999999997,4,single,unique,test,test,Poor,day,highway,Minnesota,academic-noncommercial; see paper vs kaggle,True,3dd69cd31ea54f1480d6e5fbc8003ae5
roadside,ACCIDENT_real,bMFK3B5qPiE_00,real_videos/bMFK3B5qPiE_00.mp4,bMFK3B5qPiE,accident_time,5.666666,170,30.000000667408248,29.966666,899,24.3,4,single,unique,test,test,Poor,day,highway,Minnesota,academic-noncommercial; see paper vs kaggle,True,d2278c2af22ec89bcd845a1ea3eebcb5
roadside,ACCIDENT_real,9BbYjDDO59w_00,real_videos/9BbYjDDO59w_00.mp4,9BbYjDDO59w,accident_time,1.5670000000000002,46,29.7318821343244,3.7669999999999995,112,2.1999999999999993,3,sideswipe,unique,test,test,Poor,night,highway,Minnesota,academic-noncommercial; see paper vs kaggle,True,2650644aadf74318511fbb5928433afe
roadside,ACCIDENT_real,r_hzgvP7sJg_00,real_videos/r_hzgvP7sJg_00.mp4,r_hzgvP7sJg,accident_time,5.4,99,27.766666666666666,30.0,833,24.6,2,t-bone,unique,test,test,Good,day,signalized_intersection,Minnesota,academic-noncommercial; see paper vs kaggle,True,9161dcdecf7d02569be34b0156f71fff
roadside,ACCIDENT_real,rqXj43PDmBw_00,real_videos/rqXj43PDmBw_00.mp4,rqXj43PDmBw,accident_time,14.267,428,29.957203994293867,23.133,693,8.866,4,single,unique,test,test,Very_Poor,night,highway,Minnesota,academic-noncommercial; see paper vs kaggle,True,c6f2f05dbc059bece6a4710c0010881c
roadside,ACCIDENT_real,T1g7fA6Ad-g_00,real_videos/T1g7fA6Ad-g_00.mp4,T1g7fA6Ad-g,accident_time,3.4,102,30.000396306424125,25.233,757,21.833000000000002,4,single,unique,test,test,Poor,day,highway,Minnesota,academic-noncommercial; see paper vs kaggle,True,5428e80fd420599115a7ce19ebe41d2a
roadside,ACCIDENT_real,7FzkwCUqP1Y_00,real_videos/7FzkwCUqP1Y_00.mp4,7FzkwCUqP1Y,accident_time,6.233,165,28.815909628978254,29.567,852,23.334,2,t-bone,unique,test,test,Fine,day,simple_intersection,Minnesota,academic-noncommercial; see paper vs kaggle,True,a51ea60f2462f97cad29e63b45cf6e35
roadside,ACCIDENT_real,Ly7szYRjMdw_00,real_videos/Ly7szYRjMdw_00.mp4,Ly7szYRjMdw,accident_time,5.733,172,22.12719744790606,14.733,326,9.0,4,single,unique,test,test,Poor,night,highway,Minnesota,academic-noncommercial; see paper vs kaggle,True,4c7a99196cef26c0ad42d6270c3503b8
roadside,ACCIDENT_real,jPM0jwxK2W8_00,real_videos/jPM0jwxK2W8_00.mp4,jPM0jwxK2W8,accident_time,1.7,39,10.685958915474728,30.133,322,28.433,4,single,unique,test,test,Fine,night,signalized_intersection,Minnesota,academic-noncommercial; see paper vs kaggle,True,89414836dc1e13ce4912e9b5a56e4196
roadside,ACCIDENT_real,9nmufil1vvo_00,real_videos/9nmufil1vvo_00.mp4,9nmufil1vvo,accident_time,5.067,149,29.59887497488783,14.933,442,9.866,2,t-bone,unique,test,test,Good,day,signalized_intersection,Minnesota,academic-noncommercial; see paper vs kaggle,True,71a91df498ad24d526e9dd5d543f271a
roadside,ACCIDENT_real,bUn3nfDgLEs_00,real_videos/bUn3nfDgLEs_00.mp4,bUn3nfDgLEs,accident_time,5.167,155,29.932926218840727,29.967,897,24.799999999999997,0,head-on,unique,test,test,Fine,day,signalized_intersection,Mississippi,academic-noncommercial; see paper vs kaggle,True,4f88869fedcdb832038c951c1517eea4
roadside,ACCIDENT_real,4geYk_miUzo_00,real_videos/4geYk_miUzo_00.mp4,4geYk_miUzo,accident_time,2.9333329999999997,88,29.766407781232655,29.966666,892,27.033333,1,rear-end,unique,test,test,Poor,day,highway,Mississippi,academic-noncommercial; see paper vs kaggle,True,00cd6a32cfa76323ddd3dea8891c9d68
roadside,ACCIDENT_real,4Bde0lYQ4mg_00,real_videos/4Bde0lYQ4mg_00.mp4,4Bde0lYQ4mg,accident_time,2.958,44,14.987649375792778,29.958,449,27.0,2,t-bone,unique,test,test,Poor,night,signalized_intersection,Mississippi,academic-noncommercial; see paper vs kaggle,True,ce8213657326963f5270d71e2ccf9211
roadside,ACCIDENT_real,0PrAtifCwjg_00,real_videos/0PrAtifCwjg_00.mp4,0PrAtifCwjg,accident_time,4.6,137,24.393499516134415,29.967,731,25.366999999999997,0,head-on,unique,test,test,Poor,day,signalized_intersection,Mississippi,academic-noncommercial; see paper vs kaggle,True,bdd9a85c8f7f53437b2b20f65440daf6
roadside,ACCIDENT_real,xUocvk0m-mc_00,real_videos/xUocvk0m-mc_00.mp4,xUocvk0m-mc,accident_time,7.633,228,29.966296259218474,29.967,898,22.334,4,single,unique,test,test,Poor,day,grade_separated_intersection,Mississippi,academic-noncommercial; see paper vs kaggle,True,9b12cd5dac4b6fa7ddc8bb74318f362b
roadside,ACCIDENT_real,jNzHFeCP2DU_00,real_videos/jNzHFeCP2DU_00.mp4,jNzHFeCP2DU,accident_time,3.44,86,25.0,6.72,168,3.28,2,t-bone,unique,test,test,Good,day,signalized_intersection,Mississippi,academic-noncommercial; see paper vs kaggle,True,2c5689e53e381971951bc9c3f0cca92f
roadside,ACCIDENT_real,jhkWGmAajmE_00,real_videos/jhkWGmAajmE_00.mp4,jhkWGmAajmE,accident_time,5.872,88,15.007583619382133,25.054000000000002,376,19.182000000000002,4,single,unique,train,test,Poor,day,highway,Virginia,academic-noncommercial; see paper vs kaggle,True,4796d410b36c2b3aa95e49b5d350297f
roadside,ACCIDENT_real,gpRtEfxMkYc_00,real_videos/gpRtEfxMkYc_00.mp4,gpRtEfxMkYc,accident_time,4.833,72,14.987649375792778,29.958,449,25.125,2,t-bone,unique,test,test,Very_Poor,day,highway,Virginia,academic-noncommercial; see paper vs kaggle,True,929dbc9f3b02f2000d0bb4fc59a29870
roadside,ACCIDENT_real,R69Y-qYAuis_00,real_videos/R69Y-qYAuis_00.mp4,R69Y-qYAuis,accident_time,5.667,84,14.974763512384262,29.917,448,24.25,3,sideswipe,unique,test,test,Poor,day,highway,Virginia,academic-noncommercial; see paper vs kaggle,True,1ffffd34cbc45f641d999cf3b51a0ca3
roadside,ACCIDENT_real,ZTLYOhzf8Jw_00,real_videos/ZTLYOhzf8Jw_00.mp4,ZTLYOhzf8Jw,accident_time,4.733,70,14.95145631067961,20.6,308,15.867,1,rear-end,unique,train,test,Poor,night,highway,Virginia,academic-noncommercial; see paper vs kaggle,True,7a82d28e85cd61ffaf11c92eeb76672c
roadside,ACCIDENT_real,QX2MmlSq2AQ_00,real_videos/QX2MmlSq2AQ_00.mp4,QX2MmlSq2AQ,accident_time,2.3670000000000004,35,14.981273408239701,26.967,404,24.599999999999998,3,sideswipe,unique,test,test,Very_Poor,day,highway,New_York,academic-noncommercial; see paper vs kaggle,True,639072a8bf2830c645d3a56e3a3590b4
roadside,ACCIDENT_real,Ns30XeulhHo_00,real_videos/Ns30XeulhHo_00.mp4,Ns30XeulhHo,accident_time,6.52,119,19.387755102040817,7.84,152,1.3200000000000003,4,single,unique,test,train,Poor,day,tunnel,World,academic-noncommercial; see paper vs kaggle,True,d7b1c5648e1f40bfd6262c2e27e44479
roadside,ACCIDENT_real,Ns30XeulhHo_01,real_videos/Ns30XeulhHo_01.mp4,Ns30XeulhHo,accident_time,0.12000000000000001,3,21.90721649484536,3.88,85,3.76,3,sideswipe,unique,test,train,Fine,day,tunnel,World,academic-noncommercial; see paper vs kaggle,True,224d3a745a2dc728624c28d340bc1fd8
roadside,ACCIDENT_real,Ns30XeulhHo_02,real_videos/Ns30XeulhHo_02.mp4,Ns30XeulhHo,accident_time,1.4,31,19.890510948905106,5.48,109,4.08,4,single,unique,test,train,Poor,day,tunnel,World,academic-noncommercial; see paper vs kaggle,True,08c5fb8a8c5431e3085c39d3928cb6fc
roadside,ACCIDENT_real,Ns30XeulhHo_03,real_videos/Ns30XeulhHo_03.mp4,Ns30XeulhHo,accident_time,2.8400000000000003,69,23.46368715083799,7.159999999999999,168,4.3199999999999985,4,single,unique,test,train,Poor,day,tunnel,World,academic-noncommercial; see paper vs kaggle,True,2fc6a090975a34ad09efe97cbd051a8b
roadside,ACCIDENT_real,Ns30XeulhHo_04,real_videos/Ns30XeulhHo_04.mp4,Ns30XeulhHo,accident_time,3.36,42,12.5,5.84,73,2.48,1,rear-end,unique,test,train,Fine,day,tunnel,World,academic-noncommercial; see paper vs kaggle,True,341fcb09955d7db6f657c5df9750e7f9
roadside,ACCIDENT_real,Ns30XeulhHo_05,real_videos/Ns30XeulhHo_05.mp4,Ns30XeulhHo,accident_time,3.24,66,20.0,4.6,92,1.3599999999999994,4,single,unique,test,train,Poor,day,tunnel,World,academic-noncommercial; see paper vs kaggle,True,3c453de26ba6726430325718a75e36d8
roadside,ACCIDENT_real,IOxe9lyfZRA_00,real_videos/IOxe9lyfZRA_00.mp4,IOxe9lyfZRA,accident_time,4.125,63,15.062509414068384,6.639,100,2.5140000000000002,4,single,unique,test,test,Very_Poor,day,highway,Nevada,academic-noncommercial; see paper vs kaggle,True,84c1754c69e516783908d3c4028d81b9
roadside,ACCIDENT_real,dQ0ao_Yu7II_00,real_videos/dQ0ao_Yu7II_00.mp4,dQ0ao_Yu7II,accident_time,2.1,62,29.9601593625498,25.1,752,23.0,3,sideswipe,unique,test,test,Good,day,highway,Nevada,academic-noncommercial; see paper vs kaggle,True,8a62493437c7f7db030b3a502830f9fe
roadside,ACCIDENT_real,6oymx7wBmjw_00,real_videos/6oymx7wBmjw_00.mp4,6oymx7wBmjw,accident_time,8.6086,149,17.33980305408877,14.014,243,5.4054,2,t-bone,unique,test,train,Good,day,signalized_intersection,World,academic-noncommercial; see paper vs kaggle,True,bdd442a903e4389dbb3bfc667c47ddc3
roadside,ACCIDENT_real,6oymx7wBmjw_01,real_videos/6oymx7wBmjw_01.mp4,6oymx7wBmjw,accident_time,3.2032,47,14.735264735264737,4.004,59,0.8007999999999997,2,t-bone,unique,test,train,Good,day,signalized_intersection,World,academic-noncommercial; see paper vs kaggle,True,17e9a13ce6c6a8c63f41dcc65361ad18
roadside,ACCIDENT_real,6oymx7wBmjw_02,real_videos/6oymx7wBmjw_02.mp4,6oymx7wBmjw,accident_time,1.067733,11,13.76174985848334,3.269933,45,2.2022,2,t-bone,unique,test,train,Good,day,signalized_intersection,World,academic-noncommercial; see paper vs kaggle,True,09686646fc2179c5097249162229fbc7
roadside,ACCIDENT_real,6oymx7wBmjw_03,real_videos/6oymx7wBmjw_03.mp4,6oymx7wBmjw,accident_time,1.634967,41,25.161404820500216,8.942267,225,7.3073,2,t-bone,unique,test,train,Fine,night,simple_intersection,World,academic-noncommercial; see paper vs kaggle,True,093e57ed1200d983288a89d0f48eb5eb
roadside,ACCIDENT_real,6oymx7wBmjw_04,real_videos/6oymx7wBmjw_04.mp4,6oymx7wBmjw,accident_time,5.372033999999999,111,21.326191538957495,14.1141,301,8.742066000000001,2,t-bone,unique,test,train,Good,day,signalized_intersection,World,academic-noncommercial; see paper vs kaggle,True,079368ee9619f66f2c777a4df53ee48f
roadside,ACCIDENT_real,cZo9DI6DSIY_00,real_videos/cZo9DI6DSIY_00.mp4,cZo9DI6DSIY,accident_time,4.237567,85,20.039662428307885,11.177833,224,6.940265999999999,0,head-on,unique,test,train,Good,day,signalized_intersection,World,academic-noncommercial; see paper vs kaggle,True,5164c1aeb1d3b245af5b8ff1bd26f978
roadside,ACCIDENT_real,cZo9DI6DSIY_01,real_videos/cZo9DI6DSIY_01.mp4,cZo9DI6DSIY,accident_time,6.272933999999999,129,20.464610016848823,26.8268,549,20.553866,3,sideswipe,unique,test,train,Good,night,signalized_intersection,World,academic-noncommercial; see paper vs kaggle,True,d572385c6c6c1e9fdcf2bee5f690adfb
roadside,ACCIDENT_real,cZo9DI6DSIY_02,real_videos/cZo9DI6DSIY_02.mp4,cZo9DI6DSIY,accident_time,15.782434,315,20.100381546164677,24.9249,501,9.142466,1,rear-end,unique,test,train,Good,night,city_street,World,academic-noncommercial; see paper vs kaggle,True,0496345d5516bff2c2e51642f31ae231
roadside,ACCIDENT_real,cZo9DI6DSIY_03,real_videos/cZo9DI6DSIY_03.mp4,cZo9DI6DSIY,accident_time,3.636967,91,24.95797802736438,9.776432999999999,244,6.139465999999999,2,t-bone,unique,test,train,Fine,night,signalized_intersection,World,academic-noncommercial; see paper vs kaggle,True,c18deecb6996e360859b7edda846d342
roadside,ACCIDENT_real,nGzSLxoFILc_00,real_videos/nGzSLxoFILc_00.mp4,nGzSLxoFILc,accident_time,2.836167,54,21.381059268844524,5.472133,117,2.6359660000000003,2,t-bone,unique,test,train,Fine,day,signalized_intersection,World,academic-noncommercial; see paper vs kaggle,True,c0716a197564a4ee0057cb2b3e22ccb8
roadside,ACCIDENT_real,jvM9Js5f9dI_00,real_videos/jvM9Js5f9dI_00.mp4,jvM9Js5f9dI,accident_time,9.875,148,14.994341757827236,21.208,318,11.332999999999998,1,rear-end,unique,test,test,Poor,day,highway,New_York,academic-noncommercial; see paper vs kaggle,True,2b55bb5497e89c3b3ab41b89e436d37d
roadside,ACCIDENT_real,p1ibbi6Pljw_00,real_videos/p1ibbi6Pljw_00.mp4,p1ibbi6Pljw,accident_time,6.125,92,15.12116963749249,29.958,453,23.833,3,sideswipe,unique,test,test,Fine,day,highway,New_York,academic-noncommercial; see paper vs kaggle,True,224bf90db70fad0f6991402860a62b9a
roadside,ACCIDENT_real,9jZ67_1d5nU_00,real_videos/9jZ67_1d5nU_00.mp4,9jZ67_1d5nU,accident_time,6.267,184,29.420303880770348,10.333,304,4.066,4,single,unique,test,test,Fine,day,highway,New_York,academic-noncommercial; see paper vs kaggle,True,5bd89349c8c28f5fcca9aae6c5b0e0f4
roadside,ACCIDENT_real,O0_rWZB5-xM_00,real_videos/O0_rWZB5-xM_00.mp4,O0_rWZB5-xM,accident_time,3.292,49,14.987649375792778,29.958,449,26.665999999999997,4,single,unique,test,test,Poor,day,grade_separated_intersection,New_York,academic-noncommercial; see paper vs kaggle,True,eaf3be07c41497259dde484e2e9cdc90
roadside,ACCIDENT_real,Lm_u8Ey-588_00,real_videos/Lm_u8Ey-588_00.mp4,Lm_u8Ey-588,accident_time,4.4,120,28.5,30.0,855,25.6,2,t-bone,unique,test,test,Poor,day,signalized_intersection,New_York,academic-noncommercial; see paper vs kaggle,True,3aea5a13776be19a019f6305cfd4af71
roadside,ACCIDENT_real,hyZ-ZbPYabo_00,real_videos/hyZ-ZbPYabo_00.mp4,hyZ-ZbPYabo,accident_time,7.208,107,14.854129114093064,29.958,445,22.75,1,rear-end,unique,test,test,Fine,day,signalized_intersection,New_York,academic-noncommercial; see paper vs kaggle,True,47a6130d4b2595d87b524c0b1fec90ef
roadside,ACCIDENT_real,YDret7_VHUQ_00,real_videos/YDret7_VHUQ_00.mp4,YDret7_VHUQ,accident_time,1.967,29,14.983148129609237,29.967,449,28.0,0,head-on,unique,test,test,Fine,day,signalized_intersection,New_York,academic-noncommercial; see paper vs kaggle,True,e5c273ace784767f396ac4306953e78d
roadside,ACCIDENT_real,w5i2d9URq1I_00,real_videos/w5i2d9URq1I_00.mp4,w5i2d9URq1I,accident_time,4.083,61,15.008189323795834,29.917,449,25.834000000000003,3,sideswipe,unique,test,test,Fine,day,highway,New_York,academic-noncommercial; see paper vs kaggle,True,1ec67ad9e835a22eebdf0e547d87059f
roadside,ACCIDENT_real,y6d2TfbeWFk_00,real_videos/y6d2TfbeWFk_00.mp4,y6d2TfbeWFk,accident_time,2.458,37,15.0,30.0,450,27.542,4,single,unique,test,test,Very_Poor,day,highway,New_York,academic-noncommercial; see paper vs kaggle,True,ba2992429f289e2f7bd7a516cb5d0961
roadside,ACCIDENT_real,4VVOcbvXgdE_00,real_videos/4VVOcbvXgdE_00.mp4,4VVOcbvXgdE,accident_time,3.25,32,9.966101694915254,14.75,147,11.5,3,sideswipe,unique,test,test,Very_Poor,night,highway,New_York,academic-noncommercial; see paper vs kaggle,True,94655ec49921fa31abe17e3bdb37f116
roadside,ACCIDENT_real,BcZnPHU8nvY_00,real_videos/BcZnPHU8nvY_00.mp4,BcZnPHU8nvY,accident_time,11.583,254,21.897322918752923,29.958,656,18.375,3,sideswipe,unique,test,test,Poor,day,grade_separated_intersection,New_York,academic-noncommercial; see paper vs kaggle,True,ae7c894dcdadec6d668c2ea34f42a207
roadside,ACCIDENT_real,meDGeTof2x0_00,real_videos/meDGeTof2x0_00.mp4,meDGeTof2x0,accident_time,4.667,139,29.966296259218474,29.967,898,25.299999999999997,1,rear-end,unique,train,test,Good,day,highway,New_York,academic-noncommercial; see paper vs kaggle,True,ac4e395280a533096f7b350398f79903
roadside,ACCIDENT_real,WXUOlgOESJ4_00,real_videos/WXUOlgOESJ4_00.mp4,WXUOlgOESJ4,accident_time,22.875,341,14.854129114093064,29.958,445,7.082999999999998,1,rear-end,unique,test,test,Very_Poor,day,highway,New_York,academic-noncommercial; see paper vs kaggle,True,a620071e644630aadb6b0e7a067f0966
roadside,ACCIDENT_real,qFypaL4RVTw_00,real_videos/qFypaL4RVTw_00.mp4,qFypaL4RVTw,accident_time,25.032999999999998,373,14.90046489450471,25.166999999999998,375,0.13400000000000034,3,sideswipe,unique,test,test,Poor,night,highway,New_York,academic-noncommercial; see paper vs kaggle,True,39e016540d3cafdbc187015bc097c286
roadside,ACCIDENT_real,-Qt5bDJNT84_00,real_videos/-Qt5bDJNT84_00.mp4,-Qt5bDJNT84,accident_time,2.692,69,25.69528415961306,3.308,85,0.6159999999999997,4,single,unique,train,test,Good,day,highway,New_York,academic-noncommercial; see paper vs kaggle,True,7a6e2267bbef6423eac5405f3dfa2c9e
roadside,ACCIDENT_real,6AzIoSDn5Qs_00,real_videos/6AzIoSDn5Qs_00.mp4,6AzIoSDn5Qs,accident_time,1.5839999999999996,24,15.0,18.0,270,16.416,1,rear-end,unique,dev,test,Fine,night,highway,New_York,academic-noncommercial; see paper vs kaggle,True,d3d9f8ac20367bcf54c9414da95ffd61
roadside,ACCIDENT_real,6s2KTCCo1Hw_00,real_videos/6s2KTCCo1Hw_00.mp4,6s2KTCCo1Hw,accident_time,6.167,92,14.987649375792778,29.958,449,23.790999999999997,1,rear-end,unique,test,test,Fine,day,highway,New_York,academic-noncommercial; see paper vs kaggle,True,e32f46e81475de37ee561ab2c6ed4584
roadside,ACCIDENT_real,tSSn6ZA4cfI_00,real_videos/tSSn6ZA4cfI_00.mp4,tSSn6ZA4cfI,accident_time,3.25,48,14.94133770097269,29.917,447,26.667,4,single,unique,test,test,Poor,day,highway,New_York,academic-noncommercial; see paper vs kaggle,True,52f3ebc1bc9c06dfa15dda28bfd19a80
roadside,ACCIDENT_real,CJP-_jaZ3FQ_00,real_videos/CJP-_jaZ3FQ_00.mp4,CJP-_jaZ3FQ,accident_time,1.708,26,15.054409506642633,29.958,451,28.25,4,single,unique,test,test,Fine,night,highway,New_York,academic-noncommercial; see paper vs kaggle,True,3e234ce9457119485a637248efb33d5d
roadside,ACCIDENT_real,PxRDOMjsbE8_00,real_videos/PxRDOMjsbE8_00.mp4,PxRDOMjsbE8,accident_time,6.875,103,14.987649375792778,29.958,449,23.083,4,single,unique,test,test,Poor,night,highway,New_York,academic-noncommercial; see paper vs kaggle,True,c80fe9972bfad618fb1a7fec68e5a6f2
roadside,ACCIDENT_real,lM1uI0uKh-U_00,real_videos/lM1uI0uKh-U_00.mp4,lM1uI0uKh-U,accident_time,5.708,85,14.974763512384262,29.917,448,24.209000000000003,4,single,unique,test,test,Fine,day,grade_separated_intersection,New_York,academic-noncommercial; see paper vs kaggle,True,9c81127d77e97c019d54ff8db3bd6960
roadside,ACCIDENT_real,ajxUuxbpAVQ_00,real_videos/ajxUuxbpAVQ_00.mp4,ajxUuxbpAVQ,accident_time,2.583,39,14.985175094158187,24.958,374,22.375,1,rear-end,unique,test,test,Poor,day,highway,New_York,academic-noncommercial; see paper vs kaggle,True,09239c4136bcb91ed953b0a0e18213af
roadside,ACCIDENT_real,H0MCccZiB3M_00,real_videos/H0MCccZiB3M_00.mp4,H0MCccZiB3M,accident_time,3.533,102,29.133333333333333,30.0,874,26.467,2,t-bone,unique,test,test,Fine,day,signalized_intersection,New_York,academic-noncommercial; see paper vs kaggle,True,3986fed82d7b929cf790204bb9b2a83a
roadside,ACCIDENT_real,GDadq8Vznvc_00,real_videos/GDadq8Vznvc_00.mp4,GDadq8Vznvc,accident_time,6.792,101,14.720608852393351,29.958,441,23.165999999999997,2,t-bone,unique,test,test,Poor,day,signalized_intersection,New_York,academic-noncommercial; see paper vs kaggle,True,480f7585331a73b38884114572e8f52e
roadside,ACCIDENT_real,-qmYW4S3Xxo_00,real_videos/-qmYW4S3Xxo_00.mp4,-qmYW4S3Xxo,accident_time,4.292,64,14.854129114093064,29.958,445,25.665999999999997,2,t-bone,unique,test,test,Good,day,simple_intersection,New_York,academic-noncommercial; see paper vs kaggle,True,a3fa45a04e2a42c45f3e2045c313a721
roadside,ACCIDENT_real,E7SZ9wPStb4_00,real_videos/E7SZ9wPStb4_00.mp4,E7SZ9wPStb4,accident_time,4.5,67,14.987649375792778,29.958,449,25.458,4,single,unique,test,test,Poor,day,highway,New_York,academic-noncommercial; see paper vs kaggle,True,084cf6ee27b09e5857fd8e340afef54c
roadside,ACCIDENT_real,y-QrV0SN9V0_00,real_videos/y-QrV0SN9V0_00.mp4,y-QrV0SN9V0,accident_time,4.333,64,14.905982905982906,14.625,218,10.292,3,sideswipe,unique,test,test,Poor,night,highway,New_York,academic-noncommercial; see paper vs kaggle,True,f64f5b6717e7ad7fafd46b697e2fa700
roadside,ACCIDENT_real,fK7DAi8Ybvc_00,real_videos/fK7DAi8Ybvc_00.mp4,fK7DAi8Ybvc,accident_time,5.75,84,14.653848721543495,29.958,439,24.208,3,sideswipe,unique,test,test,Poor,day,highway,New_York,academic-noncommercial; see paper vs kaggle,True,f80deeec5a7ea5bce1d1db833e03394e
roadside,ACCIDENT_real,LSiLtoXajJE_00,real_videos/LSiLtoXajJE_00.mp4,LSiLtoXajJE,accident_time,3.667,54,14.7,30.0,441,26.333,4,single,unique,test,test,Poor,day,highway,New_York,academic-noncommercial; see paper vs kaggle,True,3d71b89edc92564827e64495a40d9388
roadside,ACCIDENT_real,_0RDZgCKPGo_00,real_videos/_0RDZgCKPGo_00.mp4,_0RDZgCKPGo,accident_time,5.416,81,14.855735134933376,26.790999999999997,398,21.374999999999996,4,single,unique,test,test,Poor,night,highway,New_York,academic-noncommercial; see paper vs kaggle,True,90b7e85c5bb4eafea1ac2ea51ce5ccef
roadside,ACCIDENT_real,BdHk9yhbB94_00,real_videos/BdHk9yhbB94_00.mp4,BdHk9yhbB94,accident_time,3.333,49,14.954269310367849,29.958,448,26.625,2,t-bone,unique,test,test,Fine,day,signalized_intersection,New_York,academic-noncommercial; see paper vs kaggle,True,518222945f5ce0757e7cc6c9b16a6ccf
roadside,ACCIDENT_real,mCR74lvVPdY_00,real_videos/mCR74lvVPdY_00.mp4,mCR74lvVPdY,accident_time,3.917,58,14.987649375792778,29.958,449,26.040999999999997,4,single,unique,test,test,Poor,night,highway,New_York,academic-noncommercial; see paper vs kaggle,True,946dff2b8dbbe4d47120c7e7a7de548d
roadside,ACCIDENT_real,xYbFnmG3-Og_00,real_videos/xYbFnmG3-Og_00.mp4,xYbFnmG3-Og,accident_time,3.333,49,14.55370852526871,29.958,436,26.625,2,t-bone,unique,test,test,Poor,night,signalized_intersection,New_York,academic-noncommercial; see paper vs kaggle,True,6a5d327bf2c93c74d9df227bf30ad98d
roadside,ACCIDENT_real,FaI91W7BO04_00,real_videos/FaI91W7BO04_00.mp4,FaI91W7BO04,accident_time,7.083,89,12.976573265962333,8.708,113,1.625,2,t-bone,unique,test,test,Poor,night,signalized_intersection,New_York,academic-noncommercial; see paper vs kaggle,True,29879a588a2bb5fefa26169337ca72cb
roadside,ACCIDENT_real,lpeKVGzEaUk_00,real_videos/lpeKVGzEaUk_00.mp4,lpeKVGzEaUk,accident_time,17.941,266,14.759408287975424,29.947,442,12.006,2,t-bone,unique,test,test,Fine,day,highway,New_York,academic-noncommercial; see paper vs kaggle,True,8218337f96382a94c97fbc7b0af9cec5
roadside,ACCIDENT_real,ZSgfKfHNOb8_00,real_videos/ZSgfKfHNOb8_00.mp4,ZSgfKfHNOb8,accident_time,6.25,94,15.009174311926605,27.25,409,21.0,4,single,unique,test,test,Fine,day,highway,New_York,academic-noncommercial; see paper vs kaggle,True,876690053bd4db4a56d489ee8e630414
roadside,ACCIDENT_real,w1jVynKgMzo_00,real_videos/w1jVynKgMzo_00.mp4,w1jVynKgMzo,accident_time,9.767,147,15.016518169986986,29.967,450,20.2,3,sideswipe,unique,test,test,Very_Poor,night,highway,Virginia,academic-noncommercial; see paper vs kaggle,True,740d612b142b81779eadd9007f6adce7
roadside,ACCIDENT_real,l9KMgfV5BeU_00,real_videos/l9KMgfV5BeU_00.mp4,l9KMgfV5BeU,accident_time,18.066666,504,25.756824460467104,26.866666000000002,692,8.8,2,t-bone,unique,test,train,Poor,day,parking_lot,World,academic-noncommercial; see paper vs kaggle,True,a245967125aca7f51099998066a8d81f
roadside,ACCIDENT_real,_j_q79xO2ug_00,real_videos/_j_q79xO2ug_00.mp4,_j_q79xO2ug,accident_time,26.25,209,7.954285714285715,87.5,696,61.25,2,t-bone,unique,test,train,Excellent,day,parking_lot,World,academic-noncommercial; see paper vs kaggle,True,981305e7c2b9fc225d23a221ab34c0c1
roadside,ACCIDENT_real,hzxEJZNwy6s_00,real_videos/hzxEJZNwy6s_00.mp4,hzxEJZNwy6s,accident_time,64.595744,954,14.005182404626492,114.95744599999999,1610,50.361701999999994,3,sideswipe,unique,test,train,Excellent,day,parking_lot,World,academic-noncommercial; see paper vs kaggle,True,5171eb7d019098e21de0b478c8ba842a
roadside,ACCIDENT_real,x5XPG-uYJlM_00,real_videos/x5XPG-uYJlM_00.mp4,x5XPG-uYJlM,accident_time,4.542,68,14.987649375792778,29.958,449,25.415999999999997,2,t-bone,unique,test,test,Poor,day,highway,Virginia,academic-noncommercial; see paper vs kaggle,True,d40dbfd4d9ab405bd84cfeac28bb3c62
roadside,ACCIDENT_real,qigDKE0vaXw_00,real_videos/qigDKE0vaXw_00.mp4,qigDKE0vaXw,accident_time,4.389,66,14.929226003527944,23.243,347,18.854,3,sideswipe,unique,test,test,Poor,day,highway,Virginia,academic-noncommercial; see paper vs kaggle,True,20faf3979f8eef216bb0fcbed2bab0b5
roadside,ACCIDENT_real,CtYbOZdwGkY_00,real_videos/CtYbOZdwGkY_00.mp4,CtYbOZdwGkY,accident_time,2.375,35,14.987649375792778,29.958,449,27.583,4,single,unique,train,test,Poor,day,highway,Virginia,academic-noncommercial; see paper vs kaggle,True,3aa8adf5ee7648799fcbcf741b7c30fc
roadside,ACCIDENT_real,fK5Y7gMh21c_00,real_videos/fK5Y7gMh21c_00.mp4,fK5Y7gMh21c,accident_time,5.167,77,14.87240155484198,5.917,88,0.75,4,single,unique,test,test,Poor,day,signalized_intersection,Virginia,academic-noncommercial; see paper vs kaggle,True,a332c7af0c181716d2a76c56218b0ea5
roadside,ACCIDENT_real,08gvKdY9xj4_00,real_videos/08gvKdY9xj4_00.mp4,08gvKdY9xj4,accident_time,2.5,38,15.0,30.0,450,27.5,4,single,unique,test,test,Very_Poor,night,grade_separated_intersection,Virginia,academic-noncommercial; see paper vs kaggle,True,4ca5650c67739e0af3b69e1d606e58ce
roadside,ACCIDENT_real,yab6XEomWGM_00,real_videos/yab6XEomWGM_00.mp4,yab6XEomWGM,accident_time,6.292,47,7.477134655183924,29.958,224,23.665999999999997,4,single,unique,train,test,Poor,day,highway,Virginia,academic-noncommercial; see paper vs kaggle,True,7d1ee48f9d892be0ff5c62e3e1a976dd
roadside,ACCIDENT_real,YD-7Fnztg_4_00,real_videos/YD-7Fnztg_4_00.mp4,YD-7Fnztg,accident_time,1.667,25,14.987649375792778,29.958,449,28.290999999999997,4,single,unique,train,test,Poor,day,highway,Virginia,academic-noncommercial; see paper vs kaggle,True,4e814b153545f98148ae807001402274
roadside,ACCIDENT_real,hQVkdwPxafw_00,real_videos/hQVkdwPxafw_00.mp4,hQVkdwPxafw,accident_time,8.042,80,10.0418410041841,29.875,300,21.833,4,single,unique,train,test,Poor,day,highway,Virginia,academic-noncommercial; see paper vs kaggle,True,67d2127280073ba621b7230e066b41fe
roadside,ACCIDENT_real,dgWpyczEx7U_00,real_videos/dgWpyczEx7U_00.mp4,dgWpyczEx7U,accident_time,9.292,105,13.852727151345217,29.958,415,20.665999999999997,2,t-bone,unique,test,test,Poor,night,signalized_intersection,Virginia,academic-noncommercial; see paper vs kaggle,True,dbc3902e773f822421faefeef5f8758a
roadside,ACCIDENT_real,20zWZEGQ7GY_00,real_videos/20zWZEGQ7GY_00.mp4,20zWZEGQ7GY,accident_time,9.583,144,15.008189323795834,29.917,449,20.334000000000003,2,t-bone,unique,dev,test,Poor,night,highway,Virginia,academic-noncommercial; see paper vs kaggle,True,6ff59c594436cc82d042c86018541db6
roadside,ACCIDENT_real,TvdgqAnb3QM_00,real_videos/TvdgqAnb3QM_00.mp4,TvdgqAnb3QM,accident_time,10.125,151,14.987649375792778,29.958,449,19.833,4,single,unique,dev,test,Fine,day,highway,Virginia,academic-noncommercial; see paper vs kaggle,True,5d2bf7d88093f960b9eae44f8a41ccf8
roadside,ACCIDENT_real,zBa7uxOYBd0_00,real_videos/zBa7uxOYBd0_00.mp4,zBa7uxOYBd0,accident_time,6.5,97,14.919354838709676,12.4,185,5.9,4,single,unique,test,test,Poor,day,highway,Virginia,academic-noncommercial; see paper vs kaggle,True,a4bd8c7e00399afb91a7c829512d8f38
roadside,ACCIDENT_real,XtJodwSF_lQ_00,real_videos/XtJodwSF_lQ_00.mp4,XtJodwSF_lQ,accident_time,11.569,116,10.012664239354125,25.267999999999997,253,13.698999999999996,4,single,unique,test,test,Poor,day,highway,Virginia,academic-noncommercial; see paper vs kaggle,True,430e2763ce7df37cb223931e7453a8d0
roadside,ACCIDENT_real,xNdcRobqvsc_00,real_videos/xNdcRobqvsc_00.mp4,xNdcRobqvsc,accident_time,3.537,50,14.89827081011927,24.230999999999998,361,20.694,4,single,unique,train,test,Poor,day,highway,Virginia,academic-noncommercial; see paper vs kaggle,True,f5c4882e4b6e7a90520d93ae423bfaf9
roadside,ACCIDENT_real,cdKTiLurgOI_00,real_videos/cdKTiLurgOI_00.mp4,cdKTiLurgOI,accident_time,20.788,308,14.771590530176727,29.99,443,9.201999999999998,1,rear-end,unique,test,test,Very_Poor,day,highway,Virginia,academic-noncommercial; see paper vs kaggle,True,0e83ed86b2a5fd54e1c6772cfb8a4363
roadside,ACCIDENT_real,x2ymyeli9Xc_00,real_videos/x2ymyeli9Xc_00.mp4,x2ymyeli9Xc,accident_time,4.666666,70,15.005328810022435,23.458333,352,18.791667,4,single,unique,train,test,Fine,night,highway,Virginia,academic-noncommercial; see paper vs kaggle,True,c5ed558814cfb2d1b5453e07791efa6e
roadside,ACCIDENT_real,4IUmjPBj5ik_00,real_videos/4IUmjPBj5ik_00.mp4,4IUmjPBj5ik,accident_time,6.56,101,14.747474747474747,19.8,292,13.240000000000002,2,t-bone,unique,test,test,Good,day,city_street,USA,academic-noncommercial; see paper vs kaggle,True,c111a1820a0d9c3a3f3a9a3b1b738257
roadside,ACCIDENT_real,1Utldy8lKBo_00,real_videos/1Utldy8lKBo_00.mp4,1Utldy8lKBo,accident_time,5.2052,108,20.836306550592266,7.007,146,1.8018,4,single,unique,test,train,Fine,day,signalized_intersection,World,academic-noncommercial; see paper vs kaggle,True,48790dd4c11918e6c434ae2e28727046
roadside,ACCIDENT_real,pB-O0UY9gM8_00,real_videos/pB-O0UY9gM8_00.mp4,pB-O0UY9gM8,accident_time,2.711042,50,20.066887888903455,3.837167,77,1.126125,4,single,unique,test,train,Good,day,tunnel,World,academic-noncommercial; see paper vs kaggle,True,20265f6bf1c7e562c6d286d4126aa633
roadside,ACCIDENT_real,pB-O0UY9gM8_01,real_videos/pB-O0UY9gM8_01.mp4,pB-O0UY9gM8,accident_time,0.75075,18,22.962953832812474,5.922583,136,5.171833,4,single,unique,test,train,Good,day,tunnel,World,academic-noncommercial; see paper vs kaggle,True,3f9ea7d7998b9f45185f92d75fe2725b
roadside,ACCIDENT_real,s80RaghtMRk_00,real_videos/s80RaghtMRk_00.mp4,s80RaghtMRk,accident_time,1.3199999999999994,33,23.897058823529413,2.7199999999999998,65,1.4000000000000004,1,rear-end,unique,test,train,Good,day,signalized_intersection,World,academic-noncommercial; see paper vs kaggle,True,eb48bac575d253413d8c18c2dfb83104
roadside,ACCIDENT_real,s80RaghtMRk_01,real_videos/s80RaghtMRk_01.mp4,s80RaghtMRk,accident_time,1.52,33,22.26027397260274,2.92,65,1.4,1,rear-end,unique,test,train,Good,day,signalized_intersection,World,academic-noncommercial; see paper vs kaggle,True,0a811c243e1f84707a7990de0e2ce87e
roadside,ACCIDENT_real,s80RaghtMRk_02,real_videos/s80RaghtMRk_02.mp4,s80RaghtMRk,accident_time,1.36,28,23.52941176470588,4.08,96,2.7199999999999998,1,rear-end,unique,test,train,Good,day,signalized_intersection,World,academic-noncommercial; see paper vs kaggle,True,3e918080f19bdff59634096dd5c25c2a
roadside,ACCIDENT_real,s80RaghtMRk_03,real_videos/s80RaghtMRk_03.mp4,s80RaghtMRk,accident_time,2.0,39,22.499999999999996,4.4,99,2.4000000000000004,3,sideswipe,unique,test,train,Fine,day,highway,World,academic-noncommercial; see paper vs kaggle,True,9fa0630818c7c6248650d68c7090e68f
roadside,ACCIDENT_real,s80RaghtMRk_04,real_videos/s80RaghtMRk_04.mp4,s80RaghtMRk,accident_time,1.64,24,21.5625,6.4,138,4.760000000000001,1,rear-end,unique,test,train,Good,day,highway,World,academic-noncommercial; see paper vs kaggle,True,17274ba68d8187a795f22826bff3d64b
roadside,ACCIDENT_real,IQDkEcJP3rw_00,real_videos/IQDkEcJP3rw_00.mp4,IQDkEcJP3rw,accident_time,1.6000000000000005,40,25.0,17.16,429,15.559999999999999,1,rear-end,unique,test,train,Poor,day,highway,World,academic-noncommercial; see paper vs kaggle,True,60f7146cbaa419f5ee9493e17bdb6ff3
roadside,ACCIDENT_real,0ThWw_efieo_00,real_videos/0ThWw_efieo_00.mp4,0ThWw_efieo,accident_time,2.1688330000000002,52,23.348378392356196,7.966291999999999,186,5.797458999999999,3,sideswipe,unique,test,train,Fine,day,tunnel,World,academic-noncommercial; see paper vs kaggle,True,e289a5da2b0e56d841e6f71af1963181
roadside,ACCIDENT_real,0ThWw_efieo_01,real_videos/0ThWw_efieo_01.mp4,0ThWw_efieo,accident_time,0.875875,21,23.976023976023978,16.891875,405,16.016,3,sideswipe,unique,test,train,Fine,day,highway,World,academic-noncommercial; see paper vs kaggle,True,3a90b31f871145e33d3bbff314a2b31a
roadside,ACCIDENT_real,P9JZFMr8NeQ_00,real_videos/P9JZFMr8NeQ_00.mp4,P9JZFMr8NeQ,accident_time,17.36,862,49.6996996996997,19.98,993,2.620000000000001,4,single,unique,test,train,Good,day,signalized_intersection,World,academic-noncommercial; see paper vs kaggle,True,7cffa4d3be59111f46cc8bcf7013d941
roadside,ACCIDENT_real,5-sIe-O1b8I_00,real_videos/5-sIe-O1b8I_00.mp4,5-sIe-O1b8I,accident_time,8.51,128,15.009317296290021,29.515,443,21.005000000000003,1,rear-end,unique,test,test,Poor,day,highway,Virginia,academic-noncommercial; see paper vs kaggle,True,21ea2c96b000a4a59d11a8f70d668e8a
roadside,ACCIDENT_real,-PpjzmhI_PE_00,real_videos/-PpjzmhI_PE_00.mp4,-PpjzmhI_PE,accident_time,2.2,33,15.0,30.0,450,27.8,4,single,unique,train,test,Poor,day,highway,Virginia,academic-noncommercial; see paper vs kaggle,True,8817a5f3ee7af31b2345f20e729b2853
roadside,ACCIDENT_real,yS19DGEwcO4_00,real_videos/yS19DGEwcO4_00.mp4,yS19DGEwcO4,accident_time,9.875,148,14.987649375792778,29.958,449,20.083,1,rear-end,unique,test,test,Very_Poor,night,highway,Virginia,academic-noncommercial; see paper vs kaggle,True,7385b9c1bda9393cc059b4409c31eb22
roadside,ACCIDENT_real,NyKEneNoK54_00,real_videos/NyKEneNoK54_00.mp4,NyKEneNoK54,accident_time,0.958,14,14.933333333333334,30.0,448,29.042,1,rear-end,unique,train,test,Poor,night,highway,Virginia,academic-noncommercial; see paper vs kaggle,True,a83900566adefa3caadc23a25c5ad7b4
roadside,ACCIDENT_real,Vk8h0fpJgcs_00,real_videos/Vk8h0fpJgcs_00.mp4,Vk8h0fpJgcs,accident_time,4.866667,73,15.0,27.8,417,22.933333,3,sideswipe,unique,test,test,Very_Poor,day,highway,Virginia,academic-noncommercial; see paper vs kaggle,True,970ce77ce70aa97891faa0bd46466cc8
roadside,ACCIDENT_real,yZNmOYWiGY0_00,real_videos/yZNmOYWiGY0_00.mp4,yZNmOYWiGY0,accident_time,3.417,47,13.685826824220577,29.958,410,26.540999999999997,3,sideswipe,unique,train,test,Poor,night,highway,Virginia,academic-noncommercial; see paper vs kaggle,True,ab0012a9ca3e4dc13486dc2cd9733ca1
roadside,ACCIDENT_real,_DbmvhywZZ8_00,real_videos/_DbmvhywZZ8_00.mp4,_DbmvhywZZ8,accident_time,7.666667,115,14.9,30.0,447,22.333333,3,sideswipe,unique,test,test,Poor,day,highway,Virginia,academic-noncommercial; see paper vs kaggle,True,150740e826f8212d8f7b92b0cb747f60
roadside,ACCIDENT_real,bsvWhFHgta8_00,real_videos/bsvWhFHgta8_00.mp4,bsvWhFHgta8,accident_time,5.25,78,14.904635594290767,7.917,118,2.667,1,rear-end,unique,test,test,Poor,day,highway,Virginia,academic-noncommercial; see paper vs kaggle,True,72d66a82646b805660ab8198e6dc434d
roadside,ACCIDENT_real,ht0QCYJRWXc_00,real_videos/ht0QCYJRWXc_00.mp4,ht0QCYJRWXc,accident_time,1.5,23,15.018916956471891,26.167,393,24.667,3,sideswipe,unique,test,test,Very_Poor,night,highway,Virginia,academic-noncommercial; see paper vs kaggle,True,86bdf8de3ad0c2abca6ef32e76414027
roadside,ACCIDENT_real,J22LBVPh5kk_00,real_videos/J22LBVPh5kk_00.mp4,J22LBVPh5kk,accident_time,3.625,46,14.56587447834342,19.291667,281,15.666667,4,single,unique,train,test,Poor,day,highway,Virginia,academic-noncommercial; see paper vs kaggle,True,b3d3ee70d33bdfb2c00f8a0ff5727d6a
roadside,ACCIDENT_real,O8x8fTbKfQo_00,real_videos/O8x8fTbKfQo_00.mp4,O8x8fTbKfQo,accident_time,5.833333,58,10.00836820083682,29.875,299,24.041667,4,single,unique,train,test,Poor,day,highway,Virginia,academic-noncommercial; see paper vs kaggle,True,e788d8759fb13cb571b63e7c3badf5c6
roadside,ACCIDENT_real,un3zKlzQR0s_00,real_videos/un3zKlzQR0s_00.mp4,un3zKlzQR0s,accident_time,2.667,39,12.26727278804693,29.917,367,27.25,3,sideswipe,unique,test,test,Poor,day,tunnel,Virginia,academic-noncommercial; see paper vs kaggle,True,242d372b83419fff937ec1700bf9de6b
roadside,ACCIDENT_real,2xzko5Nggkc_00,real_videos/2xzko5Nggkc_00.mp4,2xzko5Nggkc,accident_time,2.5,37,14.987482781501894,29.958333,449,27.458333,3,sideswipe,unique,train,test,Good,night,highway,Virginia,academic-noncommercial; see paper vs kaggle,True,c6f4badc7dc9c60e675270e1032b365e
roadside,ACCIDENT_real,FVZu22TdJwc_00,real_videos/FVZu22TdJwc_00.mp4,FVZu22TdJwc,accident_time,2.542,32,12.417384338073303,29.958,372,27.415999999999997,0,head-on,unique,test,test,Poor,night,city_street,Virginia,academic-noncommercial; see paper vs kaggle,True,233b3cc8f3ca42a19abcfd960f90d8e4
roadside,ACCIDENT_real,JsJ_gpjIH1k_00,real_videos/JsJ_gpjIH1k_00.mp4,JsJ_gpjIH1k,accident_time,0.875,13,15.0,2.0,30,1.125,1,rear-end,unique,train,test,Fine,day,highway,Virginia,academic-noncommercial; see paper vs kaggle,True,fc5a6c8024f4ff4bd7dd7c3891d30c49
roadside,ACCIDENT_real,WcZTk9VxOJo_00,real_videos/WcZTk9VxOJo_00.mp4,WcZTk9VxOJo,accident_time,2.5,37,14.987649375792778,29.958,449,27.458,2,t-bone,unique,test,test,Fine,day,signalized_intersection,Virginia,academic-noncommercial; see paper vs kaggle,True,cc2b33eba6ea09845eb1eb8b49aca689
roadside,ACCIDENT_real,LIB4DVkk3lc_00,real_videos/LIB4DVkk3lc_00.mp4,LIB4DVkk3lc,accident_time,3.7670000000000003,56,14.229249011857707,25.3,360,21.533,4,single,unique,test,test,Very_Poor,night,highway,Virginia,academic-noncommercial; see paper vs kaggle,True,7e570c0c281273eec6fbca5f32f8c08a
roadside,ACCIDENT_real,5ayuUyxh1aQ_00,real_videos/5ayuUyxh1aQ_00.mp4,5ayuUyxh1aQ,accident_time,4.433,82,15.833333333333334,30.0,475,25.567,2,t-bone,unique,test,test,Fine,night,signalized_intersection,Virginia,academic-noncommercial; see paper vs kaggle,True,d6096c4d7a8e2e32167ac07b7f33fcd4
roadside,ACCIDENT_real,xPNA0BFy_og_00,real_videos/xPNA0BFy_og_00.mp4,xPNA0BFy_og,accident_time,5.367,68,13.815196716388028,29.967,414,24.599999999999998,2,t-bone,unique,test,test,Poor,day,signalized_intersection,Virginia,academic-noncommercial; see paper vs kaggle,True,26e74d3080210d34ff7ff9b594b30508
roadside,ACCIDENT_real,r-fThmrFOqs_00,real_videos/r-fThmrFOqs_00.mp4,r-fThmrFOqs,accident_time,4.75,71,14.94133770097269,29.917,447,25.167,2,t-bone,unique,test,test,Fine,day,signalized_intersection,Virginia,academic-noncommercial; see paper vs kaggle,True,308277aae1ce0b3df771d21c03e96196
roadside,ACCIDENT_real,QtrYFnbDjeQ_00,real_videos/QtrYFnbDjeQ_00.mp4,QtrYFnbDjeQ,accident_time,5.708,83,13.018225515722012,29.958,390,24.25,2,t-bone,unique,test,test,Poor,day,grade_separated_intersection,Virginia,academic-noncommercial; see paper vs kaggle,True,673a475900b7c278ebce9892c327a3ec
roadside,ACCIDENT_real,NfK10cGdiFw_00,real_videos/NfK10cGdiFw_00.mp4,NfK10cGdiFw,accident_time,9.992999999999999,150,14.780472341100015,25.236,373,15.243000000000002,2,t-bone,unique,test,test,Poor,night,signalized_intersection,Virginia,academic-noncommercial; see paper vs kaggle,True,1136b341391e5f5d401ca26ce6e5f252
roadside,ACCIDENT_real,emZJVcNK-q4_00,real_videos/emZJVcNK-q4_00.mp4,emZJVcNK-q4,accident_time,8.6,129,13.721536418629814,20.333,279,11.732999999999999,2,t-bone,unique,test,test,Poor,day,signalized_intersection,Virginia,academic-noncommercial; see paper vs kaggle,True,7a6f1406eec778213b1c581671d2d7ad
roadside,ACCIDENT_real,A8KM8YuiYIw_00,real_videos/A8KM8YuiYIw_00.mp4,A8KM8YuiYIw,accident_time,5.208,78,14.253287936444357,29.958,427,24.75,2,t-bone,unique,test,test,Poor,day,signalized_intersection,Virginia,academic-noncommercial; see paper vs kaggle,True,298dc34acbbb7c057a27de69d9003acb
roadside,ACCIDENT_real,BlqSYfAQSEA_00,real_videos/BlqSYfAQSEA_00.mp4,BlqSYfAQSEA,accident_time,3.917,58,14.987649375792778,29.958,449,26.040999999999997,2,t-bone,unique,test,test,Poor,day,signalized_intersection,Virginia,academic-noncommercial; see paper vs kaggle,True,ba7ffb27be295380632b65126837d739
roadside,ACCIDENT_real,34Q7DXby2s4_00,real_videos/34Q7DXby2s4_00.mp4,34Q7DXby2s4,accident_time,3.542,35,9.746979104079044,29.958,292,26.415999999999997,2,t-bone,unique,test,test,Poor,day,signalized_intersection,Virginia,academic-noncommercial; see paper vs kaggle,True,9f044b5922e673e06d79e70a1c8f59ab
roadside,ACCIDENT_real,SPC9zwYFzdI_00,real_videos/SPC9zwYFzdI_00.mp4,SPC9zwYFzdI,accident_time,6.0,84,13.504027810275094,29.917,404,23.917,2,t-bone,unique,test,test,Poor,day,signalized_intersection,Seattle,academic-noncommercial; see paper vs kaggle,True,cf8c89a7aae9ae7bcb0c050321c4aea7
roadside,ACCIDENT_real,qkOFqDO_mL4_00,real_videos/qkOFqDO_mL4_00.mp4,qkOFqDO_mL4,accident_time,3.467,51,14.406118887609995,26.933,388,23.466,2,t-bone,unique,test,test,Poor,day,signalized_intersection,Virginia,academic-noncommercial; see paper vs kaggle,True,1c64884ac7fd09e0f5e520a8666462b6
roadside,ACCIDENT_real,1ww7Jv5v3QA_00,real_videos/1ww7Jv5v3QA_00.mp4,1ww7Jv5v3QA,accident_time,3.542,52,14.3,30.0,429,26.458,2,t-bone,unique,test,test,Very_Poor,day,signalized_intersection,Virginia,academic-noncommercial; see paper vs kaggle,True,7848fbb199e4e26576d2f3180b65ab9c
roadside,ACCIDENT_real,EVNMnYgWIuk_00,real_videos/EVNMnYgWIuk_00.mp4,EVNMnYgWIuk,accident_time,6.375,90,13.857740585774058,29.875,414,23.5,2,t-bone,unique,test,test,Poor,day,signalized_intersection,Virginia,academic-noncommercial; see paper vs kaggle,True,1764703eec423d61495b2b738dcef7c9
roadside,ACCIDENT_real,_BvchcqS_KQ_00,real_videos/_BvchcqS_KQ_00.mp4,_BvchcqS_KQ,accident_time,6.083,61,9.6,30.0,288,23.917,2,t-bone,unique,test,test,Poor,night,signalized_intersection,Virginia,academic-noncommercial; see paper vs kaggle,True,7d28b10035a26e7be383d000cd56d556
roadside,ACCIDENT_real,w7lzIHFlSsE_00,real_videos/w7lzIHFlSsE_00.mp4,w7lzIHFlSsE,accident_time,4.8,78,17.6,30.0,528,25.2,0,head-on,unique,test,test,Fine,day,signalized_intersection,Virginia,academic-noncommercial; see paper vs kaggle,True,e1e2d5e30302428ff626db72a0eba71b
roadside,ACCIDENT_real,X0xzhXbBngE_00,real_videos/X0xzhXbBngE_00.mp4,X0xzhXbBngE,accident_time,8.708,130,14.966666666666667,30.0,449,21.292,2,t-bone,unique,test,test,Fine,day,signalized_intersection,Virginia,academic-noncommercial; see paper vs kaggle,True,3384b9efbad1ccd26a571bdd309ba600
roadside,ACCIDENT_real,2W7S_-7F6S8_00,real_videos/2W7S_-7F6S8_00.mp4,2W7S_-7F6S8,accident_time,4.667,70,14.92088924494292,29.958,447,25.290999999999997,2,t-bone,unique,test,test,Poor,day,signalized_intersection,Virginia,academic-noncommercial; see paper vs kaggle,True,eb5fe977e4c29be3cb6241660a04196d
roadside,ACCIDENT_real,8sg1ollKgh4_00,real_videos/8sg1ollKgh4_00.mp4,8sg1ollKgh4,accident_time,2.875,36,13.403750376040378,29.917,401,27.042,2,t-bone,unique,test,test,Poor,day,signalized_intersection,Virginia,academic-noncommercial; see paper vs kaggle,True,1a6a145472f31c9a8fee425f6878b8d2
roadside,ACCIDENT_real,917eW1YYvc4_00,real_videos/917eW1YYvc4_00.mp4,917eW1YYvc4,accident_time,5.458,81,14.736842105263158,7.125,105,1.6669999999999998,2,t-bone,unique,test,test,Fine,day,signalized_intersection,Virginia,academic-noncommercial; see paper vs kaggle,True,e87269a323c7f25572e2f0e1bcb62731
roadside,ACCIDENT_real,q0ReAwAoB6c_00,real_videos/q0ReAwAoB6c_00.mp4,q0ReAwAoB6c,accident_time,9.711,146,14.553841259742326,25.148,366,15.437,2,t-bone,unique,test,test,Very_Poor,day,grade_separated_intersection,Virginia,academic-noncommercial; see paper vs kaggle,True,b181a639a29f13141559fa43bb131d0b
roadside,ACCIDENT_real,dpwGsUssZeE_00,real_videos/dpwGsUssZeE_00.mp4,dpwGsUssZeE,accident_time,7.25,84,13.871711735802386,29.917,415,22.667,2,t-bone,unique,test,test,Poor,night,signalized_intersection,Virginia,academic-noncommercial; see paper vs kaggle,True,0d79a7b6a56ecc9b57da05e46092f78d
roadside,ACCIDENT_real,yzLkvjtWFeI_00,real_videos/yzLkvjtWFeI_00.mp4,yzLkvjtWFeI,accident_time,5.5,82,14.987649375792778,29.958,449,24.458,2,t-bone,unique,test,test,Fine,day,signalized_intersection,Virginia,academic-noncommercial; see paper vs kaggle,True,a6504b4a4a548677d028e44636615c9c
roadside,ACCIDENT_real,5kZFvkKPHsc_00,real_videos/5kZFvkKPHsc_00.mp4,5kZFvkKPHsc,accident_time,2.1660000000000004,32,14.991554054054056,28.415999999999997,426,26.249999999999996,2,t-bone,unique,test,test,Poor,day,signalized_intersection,Virginia,academic-noncommercial; see paper vs kaggle,True,cebbc9793938e3881c7faafb5fc62637
roadside,ACCIDENT_real,Iu6k6jWZGZ0_00,real_videos/Iu6k6jWZGZ0_00.mp4,Iu6k6jWZGZ0,accident_time,6.066666000000001,76,14.031180557140095,29.933333,420,23.866667,1,rear-end,unique,test,test,Good,day,city_street,USA,academic-noncommercial; see paper vs kaggle,True,ef6a0e0c2e343087c9c8314816d04f56
roadside,ACCIDENT_real,oPHbqlp1o5k_00,real_videos/oPHbqlp1o5k_00.mp4,oPHbqlp1o5k,accident_time,3.816666,73,13.852573403409552,23.966666,332,20.15,3,sideswipe,unique,test,test,Good,night,city_street,USA,academic-noncommercial; see paper vs kaggle,True,5f6331726b77d13e80aa95a368a17924
roadside,ACCIDENT_real,X09_GoSwRR0_00,real_videos/X09_GoSwRR0_00.mp4,X09_GoSwRR0,accident_time,22.333,353,18.25177920795451,29.366999999999997,536,7.033999999999999,2,t-bone,unique,test,train,Poor,night,signalized_intersection,World,academic-noncommercial; see paper vs kaggle,True,ae6e3bb6c0d1e899aa4bf66dedb14f7c
roadside,ACCIDENT_real,ej0GaDepmoQ_00,real_videos/ej0GaDepmoQ_00.mp4,ej0GaDepmoQ,accident_time,1.367,34,19.798657718120808,29.799999999999997,590,28.432999999999996,4,single,unique,test,train,Fine,night,city_street,World,academic-noncommercial; see paper vs kaggle,True,7300824c7f2a869c26cffc9df870f538
roadside,ACCIDENT_real,LAojlJEDJ2w_00,real_videos/LAojlJEDJ2w_00.mp4,LAojlJEDJ2w,accident_time,3.667,93,25.418060200668897,29.9,760,26.232999999999997,2,t-bone,unique,test,train,Excellent,day,simple_intersection,World,academic-noncommercial; see paper vs kaggle,True,5ba4a3375b2ced4133ff1c4ae79de3b5
roadside,ACCIDENT_real,2U2gPpmCg_o_00,real_videos/2U2gPpmCg_o_00.mp4,2U2gPpmCg_o,accident_time,6.917,103,14.907911889561118,29.917,446,23.0,4,single,unique,test,test,Very_Poor,night,highway,Virginia,academic-noncommercial; see paper vs kaggle,True,c9aa9e33b33491e4b0f2ced76248d116
roadside,ACCIDENT_real,iOQcKQHd1og_00,real_videos/iOQcKQHd1og_00.mp4,iOQcKQHd1og,accident_time,6.725,101,15.007320644216692,8.196,123,1.471,3,sideswipe,unique,test,test,Very_Poor,day,highway,Virginia,academic-noncommercial; see paper vs kaggle,True,1777d339c627330265f6066077d3991e
roadside,ACCIDENT_real,ebEA6IpCT5w_00,real_videos/ebEA6IpCT5w_00.mp4,ebEA6IpCT5w,accident_time,9.957,150,15.011860386309726,29.509999999999998,443,19.552999999999997,3,sideswipe,unique,test,test,Very_Poor,day,highway,Virginia,academic-noncommercial; see paper vs kaggle,True,ae4fa37395b6d925bb738a23ffaa9a2e
roadside,ACCIDENT_real,E56s-zfz2QE_00,real_videos/E56s-zfz2QE_00.mp4,E56s-zfz2QE,accident_time,11.618,173,14.91224563227122,25.012999999999998,373,13.394999999999998,1,rear-end,unique,test,test,Poor,day,highway,Virginia,academic-noncommercial; see paper vs kaggle,True,74861d796104fa084a2288bd61c4c1d8
roadside,ACCIDENT_real,FJcKTvBI75U_00,real_videos/FJcKTvBI75U_00.mp4,FJcKTvBI75U,accident_time,5.138467,99,20.008546678955234,58.425033,1169,53.286566,2,t-bone,unique,test,train,Good,day,simple_intersection,World,academic-noncommercial; see paper vs kaggle,True,2f1ea21af956dfff561124f53228f152
roadside,ACCIDENT_real,FJcKTvBI75U_01,real_videos/FJcKTvBI75U_01.mp4,FJcKTvBI75U,accident_time,10.844167,262,24.391193222362052,15.4154,376,4.571232999999999,3,sideswipe,unique,test,train,Good,day,signalized_intersection,World,academic-noncommercial; see paper vs kaggle,True,b2da5d1251d0cb9c269fee32d654f1cd
roadside,ACCIDENT_real,FJcKTvBI75U_02,real_videos/FJcKTvBI75U_02.mp4,FJcKTvBI75U,accident_time,18.5185,375,19.98001998001998,20.1201,402,1.6016000000000012,4,single,unique,test,train,Excellent,day,parking_lot,World,academic-noncommercial; see paper vs kaggle,True,73a407d95d9a987ad0a3f5e9fd632fba
roadside,ACCIDENT_real,O0v2MBUkTGk_00,real_videos/O0v2MBUkTGk_00.mp4,O0v2MBUkTGk,accident_time,6.6066,160,24.894461381137464,8.274933,206,1.6683330000000005,0,head-on,unique,test,train,Fine,day,simple_intersection,World,academic-noncommercial; see paper vs kaggle,True,f7a62424303f555f38089ccd97ec614a
roadside,ACCIDENT_real,TXZfPbiopOE_00,real_videos/TXZfPbiopOE_00.mp4,TXZfPbiopOE,accident_time,5.271933,127,24.527901139068064,13.046367,320,7.774434,3,sideswipe,unique,test,train,Good,day,signalized_intersection,World,academic-noncommercial; see paper vs kaggle,True,5c955fd5a424cd63854d3f92017f4313
roadside,ACCIDENT_real,r0IIrqV5xPo_00,real_videos/r0IIrqV5xPo_00.mp4,r0IIrqV5xPo,accident_time,5.939267,148,24.998366703351945,14.280933,357,8.341666,4,single,unique,test,train,Poor,day,highway,World,academic-noncommercial; see paper vs kaggle,True,bad1495928fa6e0d33fb84a4e99152a9
roadside,ACCIDENT_real,XESYC4RcqGQ_00,real_videos/XESYC4RcqGQ_00.mp4,XESYC4RcqGQ,accident_time,5.238567,131,25.01216209418533,17.951266999999998,449,12.712699999999998,2,t-bone,unique,test,train,Good,day,simple_intersection,World,academic-noncommercial; see paper vs kaggle,True,8bd4072ca79fc0f878d65b96ad4f2936
roadside,ACCIDENT_real,XESYC4RcqGQ_01,real_videos/XESYC4RcqGQ_01.mp4,XESYC4RcqGQ,accident_time,8.441767,93,10.050924685071028,16.4164,165,7.974632999999999,2,t-bone,unique,test,train,Good,day,simple_intersection,World,academic-noncommercial; see paper vs kaggle,True,49988b0c10b66b85779e8c1679e09dcc
roadside,ACCIDENT_real,XESYC4RcqGQ_02,real_videos/XESYC4RcqGQ_02.mp4,XESYC4RcqGQ,accident_time,3.3033,66,19.172392092483825,18.985633,364,15.682333,2,t-bone,unique,test,train,Good,day,signalized_intersection,World,academic-noncommercial; see paper vs kaggle,True,ee1e5ed2a11da6011a5c5382245b729f
roadside,ACCIDENT_real,XESYC4RcqGQ_03,real_videos/XESYC4RcqGQ_03.mp4,XESYC4RcqGQ,accident_time,5.5055,110,20.021732339095816,15.982633000000002,320,10.477133000000002,2,t-bone,unique,test,train,Fine,day,signalized_intersection,World,academic-noncommercial; see paper vs kaggle,True,e6358a6dbabb95d24b1b230c2087eb1b
roadside,ACCIDENT_real,XESYC4RcqGQ_04,real_videos/XESYC4RcqGQ_04.mp4,XESYC4RcqGQ,accident_time,4.170833,84,20.165449867196607,14.381032999999999,290,10.210199999999999,2,t-bone,unique,test,train,Fine,day,signalized_intersection,World,academic-noncommercial; see paper vs kaggle,True,94546ab2e003a03a959c66532d5997ab
roadside,ACCIDENT_real,OjjbNRuOJhc_00,real_videos/OjjbNRuOJhc_00.mp4,OjjbNRuOJhc,accident_time,4.771433,72,14.76991978212791,6.9736329999999995,103,2.2021999999999995,2,t-bone,unique,test,train,Fine,day,signalized_intersection,World,academic-noncommercial; see paper vs kaggle,True,5c8b70a96b35e33a70fcf55ec5db5f9d
roadside,ACCIDENT_real,OjjbNRuOJhc_01,real_videos/OjjbNRuOJhc_01.mp4,OjjbNRuOJhc,accident_time,5.338667,91,17.701240057320277,16.383033,290,11.044366,3,sideswipe,unique,test,train,Good,day,signalized_intersection,World,academic-noncommercial; see paper vs kaggle,True,ab5b02df20df0f95323d9d8b9408eb07
roadside,ACCIDENT_real,vOurgVV6O90_00,real_videos/vOurgVV6O90_00.mp4,vOurgVV6O90,accident_time,2.1021,53,24.94967088493592,13.146466,328,11.044366,2,t-bone,unique,test,train,Poor,night,signalized_intersection,World,academic-noncommercial; see paper vs kaggle,True,c58bec36029d9cb124e84be2b673e883
roadside,ACCIDENT_real,bys_qghQe0w_00,real_videos/bys_qghQe0w_00.mp4,bys_qghQe0w,accident_time,3.92,87,23.9,10.0,239,6.08,2,t-bone,unique,test,train,Fine,day,city_street,World,academic-noncommercial; see paper vs kaggle,True,3e3dbbc908f083bad900e40aa55f3daa
roadside,ACCIDENT_real,bys_qghQe0w_01,real_videos/bys_qghQe0w_01.mp4,bys_qghQe0w,accident_time,4.119999999999999,95,23.3739837398374,4.92,115,0.8000000000000007,1,rear-end,unique,test,train,Fine,day,highway,World,academic-noncommercial; see paper vs kaggle,True,4d6a48f4db7b3dbc56e22c9f51a13a55
roadside,ACCIDENT_real,bys_qghQe0w_02,real_videos/bys_qghQe0w_02.mp4,bys_qghQe0w,accident_time,7.68,141,18.867924528301888,10.6,200,2.92,2,t-bone,unique,test,train,Good,day,simple_intersection,World,academic-noncommercial; see paper vs kaggle,True,c72300f2ba657dae1aa5e20f4e732908
roadside,ACCIDENT_real,bys_qghQe0w_03,real_videos/bys_qghQe0w_03.mp4,bys_qghQe0w,accident_time,6.8,155,22.60956175298805,10.04,227,3.2399999999999993,2,t-bone,unique,test,train,Fine,day,simple_intersection,World,academic-noncommercial; see paper vs kaggle,True,64ea3c67cef01fd409e26d7a03a21dbd
roadside,ACCIDENT_real,qnyC61bVCJQ_00,real_videos/qnyC61bVCJQ_00.mp4,qnyC61bVCJQ,accident_time,7.458333,112,14.987482781501894,29.958333,449,22.5,3,sideswipe,unique,dev,test,Poor,night,highway,Virginia,academic-noncommercial; see paper vs kaggle,True,cc78dd25b69e566ddaca73ae98bcad8d
roadside,ACCIDENT_real,-gbcp_G6NAE_00,real_videos/-gbcp_G6NAE_00.mp4,-gbcp_G6NAE,accident_time,15.566666,432,27.217847769028875,38.099999999999994,1037,22.533333999999996,4,single,unique,test,train,Good,day,parking_lot,World,academic-noncommercial; see paper vs kaggle,True,d19e42ac2ac598c4d4fede950215fb16
roadside,ACCIDENT_real,Pd6Ii4dcaUg_00,real_videos/Pd6Ii4dcaUg_00.mp4,Pd6Ii4dcaUg,accident_time,6.618,99,15.013924203898776,24.777,372,18.159,2,t-bone,unique,test,test,Poor,day,signalized_intersection,Virginia,academic-noncommercial; see paper vs kaggle,True,bf1c26a61281a90a4982ff43998ccb26
roadside,ACCIDENT_real,0HjhBBGQT-0_00,real_videos/0HjhBBGQT-0_00.mp4,0HjhBBGQT-0,accident_time,9.418,141,15.000789515237644,25.332,380,15.914000000000001,4,single,unique,test,test,Very_Poor,day,highway,Virginia,academic-noncommercial; see paper vs kaggle,True,da17531d60412aa3c528403a8d43703b
roadside,ACCIDENT_real,r1fGrsOle9M_00,real_videos/r1fGrsOle9M_00.mp4,r1fGrsOle9M,accident_time,10.021,121,10.991948147405699,29.931,329,19.91,4,single,unique,test,test,Fine,day,tunnel,Virginia,academic-noncommercial; see paper vs kaggle,True,00791eeffaf17d142946d093e108bf7f
roadside,ACCIDENT_real,J7Biq7X1kxQ_00,real_videos/J7Biq7X1kxQ_00.mp4,J7Biq7X1kxQ,accident_time,1.833,26,14.776119402985074,6.7,99,4.867,4,single,unique,test,test,Very_Poor,night,highway,Virginia,academic-noncommercial; see paper vs kaggle,True,e5977fdc5ece837c63d919351c522b9e
roadside,ACCIDENT_real,EBUkwCDDOIU_00,real_videos/EBUkwCDDOIU_00.mp4,EBUkwCDDOIU,accident_time,9.545,142,14.82233502538071,29.55,438,20.005000000000003,1,rear-end,unique,test,test,Poor,day,highway,Virginia,academic-noncommercial; see paper vs kaggle,True,5f910a19fcca29d3cea911994c2e7bfe
roadside,ACCIDENT_real,HLK2xLUfMsM_00,real_videos/HLK2xLUfMsM_00.mp4,HLK2xLUfMsM,accident_time,9.458,142,15.03448275862069,14.5,218,5.042,4,single,unique,train,test,Poor,day,highway,Virginia,academic-noncommercial; see paper vs kaggle,True,53946286ef051c305d83757f9cc19087
roadside,ACCIDENT_real,9E91OEkRB-4_00,real_videos/9E91OEkRB-4_00.mp4,9E91OEkRB-4,accident_time,1.292,19,14.987649375792778,29.958,449,28.665999999999997,2,t-bone,unique,test,test,Good,day,signalized_intersection,Seattle,academic-noncommercial; see paper vs kaggle,True,d47fc3870b5f481edc83fd359ba09e21
roadside,ACCIDENT_real,1_FuS-_ctGY_00,real_videos/1_FuS-_ctGY_00.mp4,1_FuS-_ctGY,accident_time,2.792,42,15.154549702917418,29.958,454,27.165999999999997,2,t-bone,unique,test,test,Good,day,signalized_intersection,Seattle,academic-noncommercial; see paper vs kaggle,True,1ad01096c22e9a67a7a24f24d7a8b977
roadside,ACCIDENT_real,Ywhp-yEW60k_00,real_videos/Ywhp-yEW60k_00.mp4,Ywhp-yEW60k,accident_time,3.167,62,19.8611389278323,29.958,595,26.790999999999997,0,head-on,unique,test,test,Fine,day,signalized_intersection,Seattle,academic-noncommercial; see paper vs kaggle,True,983e7052eb3006c19f4ad5ac3e4b30d5
roadside,ACCIDENT_real,n_U9loEcX54_00,real_videos/n_U9loEcX54_00.mp4,n_U9loEcX54,accident_time,11.2,335,29.928571428571427,14.0,419,2.8000000000000007,3,sideswipe,unique,test,test,Fine,day,signalized_intersection,Seattle,academic-noncommercial; see paper vs kaggle,True,903981965f46a5d38332256065631d4e
roadside,ACCIDENT_real,t1jKUTg1Qq0_00,real_videos/t1jKUTg1Qq0_00.mp4,t1jKUTg1Qq0,accident_time,5.035713999999999,137,23.525965880712988,26.821428,631,21.785714000000002,3,sideswipe,unique,test,test,Good,day,signalized_intersection,Seattle,academic-noncommercial; see paper vs kaggle,True,792ad711d207ee6b9aecf0009cae8747
roadside,ACCIDENT_real,xlwF4_7_JIs_00,real_videos/xlwF4_7_JIs_00.mp4,xlwF4_7_JIs,accident_time,3.4,101,29.966666666666665,30.0,899,26.6,2,t-bone,unique,test,test,Fine,day,signalized_intersection,Seattle,academic-noncommercial; see paper vs kaggle,True,c2881af2214238f4cb751d2a3647783e
roadside,ACCIDENT_real,SBTD7z4A1y8_00,real_videos/SBTD7z4A1y8_00.mp4,SBTD7z4A1y8,accident_time,1.6,47,29.966666666666665,30.0,899,28.4,0,head-on,unique,dev,test,Excellent,day,signalized_intersection,Seattle,academic-noncommercial; see paper vs kaggle,True,003218e6c7ddc1ed5463736df10af6c4
roadside,ACCIDENT_real,4y9dRdOoEzE_00,real_videos/4y9dRdOoEzE_00.mp4,4y9dRdOoEzE,accident_time,5.633333,167,29.75838966118644,24.833333,739,19.2,3,sideswipe,unique,test,test,Excellent,day,signalized_intersection,Seattle,academic-noncommercial; see paper vs kaggle,True,b9d14ff0c172b725d194d825a80ad645
roadside,ACCIDENT_real,poiJgI2OE-w_00,real_videos/poiJgI2OE-w_00.mp4,poiJgI2OE-w,accident_time,9.866665999999999,296,29.1,30.0,873,20.133334,3,sideswipe,unique,test,test,Fine,night,signalized_intersection,Seattle,academic-noncommercial; see paper vs kaggle,True,d3b3fcd6d004eba73d5639333e6988bf
roadside,ACCIDENT_real,pYs0DHkGyec_00,real_videos/pYs0DHkGyec_00.mp4,pYs0DHkGyec,accident_time,2.958,38,8.044595767407705,29.958,241,27.0,4,single,unique,test,test,Poor,night,signalized_intersection,Seattle,academic-noncommercial; see paper vs kaggle,True,b1031a2495b6067a7c929e38a190bc54
roadside,ACCIDENT_real,UjwqemSQkbQ_00,real_videos/UjwqemSQkbQ_00.mp4,UjwqemSQkbQ,accident_time,2.76,69,21.6376582278481,25.28,547,22.520000000000003,3,sideswipe,unique,test,test,Good,day,city_street,Seattle,academic-noncommercial; see paper vs kaggle,True,433a6b8943164eea7a63c1b494bb5ff6
roadside,ACCIDENT_real,PAStSUrr8h0_00,real_videos/PAStSUrr8h0_00.mp4,PAStSUrr8h0,accident_time,1.8330000000000002,37,19.98303826990353,18.866,377,17.033,2,t-bone,unique,test,test,Fine,night,signalized_intersection,Seattle,academic-noncommercial; see paper vs kaggle,True,aab9ea70fbd672dfcb30256bddeb9d2a
roadside,ACCIDENT_real,S7Wa2Cag7ik_00,real_videos/S7Wa2Cag7ik_00.mp4,S7Wa2Cag7ik,accident_time,6.042,90,14.987649375792778,29.958,449,23.915999999999997,4,single,unique,test,test,Fine,day,signalized_intersection,Seattle,academic-noncommercial; see paper vs kaggle,True,1d2a5b0e28687d698013206b7ddbc352
roadside,ACCIDENT_real,cYmWOy46zF8_00,real_videos/cYmWOy46zF8_00.mp4,cYmWOy46zF8,accident_time,1.5,45,30.0,19.8,594,18.3,4,single,unique,train,test,Good,day,signalized_intersection,Seattle,academic-noncommercial; see paper vs kaggle,True,7615fd2606349bb9253352c2a7e2a587
roadside,ACCIDENT_real,KZq065NiqZM_00,real_videos/KZq065NiqZM_00.mp4,KZq065NiqZM,accident_time,5.233333,157,30.00000156657972,12.766665999999999,383,7.533332999999999,2,t-bone,unique,test,test,Good,day,city_street,Seattle,academic-noncommercial; see paper vs kaggle,True,840fc865f17439e0552f69f0b10786ac
roadside,ACCIDENT_real,Q90j5Irrj9g_00,real_videos/Q90j5Irrj9g_00.mp4,Q90j5Irrj9g,accident_time,15.833,475,29.999666299596225,29.967,899,14.133999999999999,2,t-bone,unique,test,test,Poor,night,city_street,Seattle,academic-noncommercial; see paper vs kaggle,True,5647a9a2ee63772d380030d55f0cb121
roadside,ACCIDENT_real,OBYOHYWB8XE_00,real_videos/OBYOHYWB8XE_00.mp4,OBYOHYWB8XE,accident_time,3.708333,63,17.013927955742126,29.916666,509,26.208333,2,t-bone,unique,test,test,Good,night,signalized_intersection,Seattle,academic-noncommercial; see paper vs kaggle,True,020d4d8a477084a3481653cea7a18877
roadside,ACCIDENT_real,93SNo1CTA_w_00,real_videos/93SNo1CTA_w_00.mp4,93SNo1CTA_w,accident_time,2.458333,45,18.02503497107132,29.958333,540,27.5,0,head-on,unique,dev,test,Good,day,signalized_intersection,Seattle,academic-noncommercial; see paper vs kaggle,True,b076c6c3504696d598649063931f72ee
roadside,ACCIDENT_real,LQ3ERldwsJQ_00,real_videos/LQ3ERldwsJQ_00.mp4,LQ3ERldwsJQ,accident_time,8.267,207,28.6,30.0,858,21.733,0,head-on,unique,train,test,Fine,night,signalized_intersection,Seattle,academic-noncommercial; see paper vs kaggle,True,d5d3a49d3f8b1721809ef0ca9c8bd899
roadside,ACCIDENT_real,BJ2kS9k9sZI_00,real_videos/BJ2kS9k9sZI_00.mp4,BJ2kS9k9sZI,accident_time,7.8,156,19.63272120200334,29.95,588,22.15,3,sideswipe,unique,test,test,Fine,day,signalized_intersection,Seattle,academic-noncommercial; see paper vs kaggle,True,b125b4fba94f08edcf987e10d3439583
roadside,ACCIDENT_real,MXoQL7GPBts_00,real_videos/MXoQL7GPBts_00.mp4,MXoQL7GPBts,accident_time,4.538,116,25.636363636363637,5.5,141,0.9619999999999997,2,t-bone,unique,test,test,Fine,day,signalized_intersection,Seattle,academic-noncommercial; see paper vs kaggle,True,5e490e32dee8b743e94822477e776567
roadside,ACCIDENT_real,39Ac-6i9SVM_00,real_videos/39Ac-6i9SVM_00.mp4,39Ac-6i9SVM,accident_time,4.3333330000000005,129,29.933259842786647,29.966666,897,25.633333,0,head-on,unique,test,test,Fine,night,signalized_intersection,Seattle,academic-noncommercial; see paper vs kaggle,True,6c39c4bc19fa3b6c2272349f231c4da6
roadside,ACCIDENT_real,G9G97Pf8hMk_00,real_videos/G9G97Pf8hMk_00.mp4,G9G97Pf8hMk,accident_time,5.167,97,18.75959676880967,29.958,562,24.790999999999997,2,t-bone,unique,test,test,Fine,day,signalized_intersection,Seattle,academic-noncommercial; see paper vs kaggle,True,12019c1d02cf1e96611f34f8767ad173
roadside,ACCIDENT_real,YlhV3d6sFhY_00,real_videos/YlhV3d6sFhY_00.mp4,YlhV3d6sFhY,accident_time,2.5,74,29.966296259218474,29.967,898,27.467,0,head-on,unique,test,test,Poor,night,signalized_intersection,Seattle,academic-noncommercial; see paper vs kaggle,True,055854c613cc348bca23ddda74857074
roadside,ACCIDENT_real,Au7DlgzqzEo_00,real_videos/Au7DlgzqzEo_00.mp4,Au7DlgzqzEo,accident_time,3.291666,55,16.990264444954263,29.958333,509,26.666667,0,head-on,unique,test,test,Good,day,signalized_intersection,Seattle,academic-noncommercial; see paper vs kaggle,True,fc11dd8031c15e22c02bd5eb9c64deef
roadside,ACCIDENT_real,8G56ILxFFNM_00,real_videos/8G56ILxFFNM_00.mp4,8G56ILxFFNM,accident_time,11.379311000000001,262,23.379478598897602,21.172414,495,9.793102999999999,3,sideswipe,unique,test,test,Good,day,signalized_intersection,Seattle,academic-noncommercial; see paper vs kaggle,True,e47cc062754235dbfbe4c29aa0a12ba5
roadside,ACCIDENT_real,1O-y5PmPWdU_00,real_videos/1O-y5PmPWdU_00.mp4,1O-y5PmPWdU,accident_time,3.667,110,29.999666299596225,29.967,899,26.299999999999997,2,t-bone,unique,test,test,Fine,day,signalized_intersection,Seattle,academic-noncommercial; see paper vs kaggle,True,fcfb7fa510fa5570946abfce029fb32e
roadside,ACCIDENT_real,ODXaUnji7LI_00,real_videos/ODXaUnji7LI_00.mp4,ODXaUnji7LI,accident_time,5.2857140000000005,132,17.274463254526918,29.928571,517,24.642857,4,single,unique,train,test,Good,day,signalized_intersection,Seattle,academic-noncommercial; see paper vs kaggle,True,0560258acc5e18f614f5f1b8d64324aa
roadside,ACCIDENT_real,vFEHKkVl-og_00,real_videos/vFEHKkVl-og_00.mp4,vFEHKkVl-og,accident_time,3.1666659999999998,64,22.124583362059695,29.966666,663,26.8,0,head-on,unique,test,test,Good,day,city_street,Seattle,academic-noncommercial; see paper vs kaggle,True,15e6eaaebf41f520d0ea6c89e08ee499
roadside,ACCIDENT_real,eQ8yX8V88l8_00,real_videos/eQ8yX8V88l8_00.mp4,eQ8yX8V88l8,accident_time,3.533333,106,27.530590156409126,29.966666,825,26.433333,3,sideswipe,unique,test,test,Good,night,signalized_intersection,Seattle,academic-noncommercial; see paper vs kaggle,True,a18705cd395ac1c4b809d8ce97914462
roadside,ACCIDENT_real,8ohINS1qks8_00,real_videos/8ohINS1qks8_00.mp4,8ohINS1qks8,accident_time,6.758621000000001,178,27.29804303733378,29.965518,818,23.206896999999998,4,single,unique,test,test,Good,day,signalized_intersection,Seattle,academic-noncommercial; see paper vs kaggle,True,f97f4ee69352b3ab619117bc0ba9f2dd
roadside,ACCIDENT_real,jT5Kpwh7mBE_00,real_videos/jT5Kpwh7mBE_00.mp4,jT5Kpwh7mBE,accident_time,3.517,101,28.96616164986985,29.966,868,26.449,0,head-on,unique,test,test,Fine,day,signalized_intersection,Seattle,academic-noncommercial; see paper vs kaggle,True,cfa886ce46a07692ad6cdc84af149120
roadside,ACCIDENT_real,fgsiojBKfKY_00,real_videos/fgsiojBKfKY_00.mp4,fgsiojBKfKY,accident_time,6.346154,139,20.95372745256111,29.923077,627,23.576923,2,t-bone,unique,test,test,Good,day,signalized_intersection,Seattle,academic-noncommercial; see paper vs kaggle,True,27bd8cb35e011ce7cf2f364216321d09
roadside,ACCIDENT_real,NdXcu0X1nH8_00,real_videos/NdXcu0X1nH8_00.mp4,NdXcu0X1nH8,accident_time,9.292,183,18.89311703050938,29.958,566,20.665999999999997,0,head-on,unique,test,test,Fine,day,signalized_intersection,Seattle,academic-noncommercial; see paper vs kaggle,True,66dd01a53261f57ef87ddd97cf0286f7
roadside,ACCIDENT_real,jx00BpwvIEc_00,real_videos/jx00BpwvIEc_00.mp4,jx00BpwvIEc,accident_time,8.375,149,18.914285714285715,17.5,331,9.125,2,t-bone,unique,test,test,Good,day,signalized_intersection,Seattle,academic-noncommercial; see paper vs kaggle,True,963f495ff4fb5885319cf01489760494
roadside,ACCIDENT_real,lkIQC6QRbys_00,real_videos/lkIQC6QRbys_00.mp4,lkIQC6QRbys,accident_time,3.2,48,14.999085421620634,5.467,82,2.2669999999999995,2,t-bone,unique,test,test,Fine,night,signalized_intersection,Seattle,academic-noncommercial; see paper vs kaggle,True,b91fb8a6894e95d597925a01456c87f7
roadside,ACCIDENT_real,jNwobbqjKiE_00,real_videos/jNwobbqjKiE_00.mp4,jNwobbqjKiE,accident_time,14.208333,192,14.125523012552302,29.875,422,15.666667,2,t-bone,unique,test,test,Good,day,signalized_intersection,Seattle,academic-noncommercial; see paper vs kaggle,True,34f3934211cc44c593a8d3d896b70d25
roadside,ACCIDENT_real,YXj8m_rAyaE_00,real_videos/YXj8m_rAyaE_00.mp4,YXj8m_rAyaE,accident_time,11.416666,205,17.684210898614968,15.833333,280,4.416667,0,head-on,unique,train,test,Good,night,signalized_intersection,Seattle,academic-noncommercial; see paper vs kaggle,True,47458e369bff10cfc9eff684890e5c77
roadside,ACCIDENT_real,pJD9bGTb5Mo_00,real_videos/pJD9bGTb5Mo_00.mp4,pJD9bGTb5Mo,accident_time,5.538461,115,18.724005423219598,29.961537999999997,561,24.423077,2,t-bone,unique,test,test,Good,night,signalized_intersection,Seattle,academic-noncommercial; see paper vs kaggle,True,0eaa63bb16d46e22462dfcb2e8861e66
roadside,ACCIDENT_real,JAVaEV-aUjM_00,real_videos/JAVaEV-aUjM_00.mp4,JAVaEV-aUjM,accident_time,2.233333,54,25.039372050344255,4.233333,106,2.0,2,t-bone,unique,test,test,Excellent,day,signalized_intersection,Seattle,academic-noncommercial; see paper vs kaggle,True,ae63c379167314bda4b00759cf6c78b5
roadside,ACCIDENT_real,nROU35t27G4_00,real_videos/nROU35t27G4_00.mp4,nROU35t27G4,accident_time,2.276,66,28.999532803844357,29.966,869,27.69,2,t-bone,unique,test,test,Good,day,signalized_intersection,Seattle,academic-noncommercial; see paper vs kaggle,True,198ca7bb7ebd4beaca6cbd6b53b3bcd6
roadside,ACCIDENT_real,SS38UP-0QnU_00,real_videos/SS38UP-0QnU_00.mp4,SS38UP-0QnU,accident_time,4.583,91,19.338352096139236,28.958,560,24.375,3,sideswipe,unique,test,test,Fine,day,signalized_intersection,Seattle,academic-noncommercial; see paper vs kaggle,True,a736cae0e3296f94e768e370b5c56aa8
roadside,ACCIDENT_real,BwR4-5ASq1k_00,real_videos/BwR4-5ASq1k_00.mp4,BwR4-5ASq1k,accident_time,3.375,80,22.83196475065091,29.958,684,26.583,2,t-bone,unique,test,test,Fine,day,city_street,Seattle,academic-noncommercial; see paper vs kaggle,True,444eb90172dc51f9a81e8fb1511917c8
roadside,ACCIDENT_real,gXDhzlVtCXI_00,real_videos/gXDhzlVtCXI_00.mp4,gXDhzlVtCXI,accident_time,3.333,42,12.666666666666666,30.0,380,26.667,0,head-on,unique,test,test,Fine,day,signalized_intersection,Seattle,academic-noncommercial; see paper vs kaggle,True,16478fc7177109caf2c303d9424f8558
roadside,ACCIDENT_real,NmExQpJsyOA_00,real_videos/NmExQpJsyOA_00.mp4,NmExQpJsyOA,accident_time,4.300000000000001,129,30.000000667408248,29.966666,899,25.666666,2,t-bone,unique,test,test,Fine,day,city_street,Seattle,academic-noncommercial; see paper vs kaggle,True,05ccc950e3e3bca59c4eb4afec7ed664
roadside,ACCIDENT_real,sxonKsim9qE_00,real_videos/sxonKsim9qE_00.mp4,sxonKsim9qE,accident_time,7.7,115,14.983148129609237,29.967,449,22.267,3,sideswipe,unique,test,test,Poor,night,signalized_intersection,Seattle,academic-noncommercial; see paper vs kaggle,True,dc6be56eb8cb4e30849c9ab6c4301717
roadside,ACCIDENT_real,fIwRdglX1WE_00,real_videos/fIwRdglX1WE_00.mp4,fIwRdglX1WE,accident_time,1.2000000000000002,36,29.36482604532398,3.132999999999999,92,1.932999999999999,3,sideswipe,unique,test,test,Good,day,signalized_intersection,Seattle,academic-noncommercial; see paper vs kaggle,True,d4c2ba88404e279f8b0c7adc7eecf972
roadside,ACCIDENT_real,YrKYYuQHW9M_00,real_videos/YrKYYuQHW9M_00.mp4,YrKYYuQHW9M,accident_time,10.333333,291,29.333333333333332,30.0,880,19.666667,3,sideswipe,unique,test,test,Excellent,day,signalized_intersection,Seattle,academic-noncommercial; see paper vs kaggle,True,ff2a4622a9c60eae84233d9c2ff30c70
roadside,ACCIDENT_real,taahlmWl1Pc_00,real_videos/taahlmWl1Pc_00.mp4,taahlmWl1Pc,accident_time,4.0,103,27.029732705976574,29.967,810,25.967,3,sideswipe,unique,test,test,Poor,night,signalized_intersection,Seattle,academic-noncommercial; see paper vs kaggle,True,ddbcee96740cb976748160ab65762c3f
roadside,ACCIDENT_real,Yf9mgizvxiE_00,real_videos/Yf9mgizvxiE_00.mp4,Yf9mgizvxiE,accident_time,4.866666,146,24.788418984280835,29.933333,742,25.066667000000002,2,t-bone,unique,test,test,Good,night,simple_intersection,Seattle,academic-noncommercial; see paper vs kaggle,True,82f8f7fd6d706f2e7bbe29c3a37daaac
roadside,ACCIDENT_real,c-nmxpXGBaA_00,real_videos/c-nmxpXGBaA_00.mp4,c-nmxpXGBaA,accident_time,3.1,39,12.201248833704156,13.933,170,10.833,2,t-bone,unique,test,test,Fine,day,signalized_intersection,Seattle,academic-noncommercial; see paper vs kaggle,True,10fb197eb0652529e2d15f82c8116ff1
roadside,ACCIDENT_real,7QawsvO1F1M_00,real_videos/7QawsvO1F1M_00.mp4,7QawsvO1F1M,accident_time,6.583,100,15.033333333333333,30.0,451,23.417,0,head-on,unique,test,test,Good,day,highway,Seattle,academic-noncommercial; see paper vs kaggle,True,ab3da9d3baa29a7893936106dbf89062
roadside,ACCIDENT_real,g_x7gdvFBWk_00,real_videos/g_x7gdvFBWk_00.mp4,g_x7gdvFBWk,accident_time,5.0,100,19.933444259567388,30.05,599,25.05,2,t-bone,unique,test,test,Good,night,signalized_intersection,Seattle,academic-noncommercial; see paper vs kaggle,True,50b0a81e73796c3bee7c295ccc68f435
roadside,ACCIDENT_real,JHmNWiEhINQ_00,real_videos/JHmNWiEhINQ_00.mp4,JHmNWiEhINQ,accident_time,13.567,405,29.933333333333334,30.0,898,16.433,1,rear-end,unique,train,test,Good,night,signalized_intersection,Seattle,academic-noncommercial; see paper vs kaggle,True,70eb8a59378911a7c06aacdd93de6581
roadside,ACCIDENT_real,BwSlVnQTtNo_00,real_videos/BwSlVnQTtNo_00.mp4,BwSlVnQTtNo,accident_time,5.586207000000001,162,28.999999027932994,12.344828,358,6.758620999999999,1,rear-end,unique,test,test,Good,day,signalized_intersection,Seattle,academic-noncommercial; see paper vs kaggle,True,2137f92914fb2e2c7adc00623ed7914d
roadside,ACCIDENT_real,b9pzQFB39ZU_00,real_videos/b9pzQFB39ZU_00.mp4,b9pzQFB39ZU,accident_time,6.367,191,29.8804780876494,25.1,750,18.733,1,rear-end,unique,test,test,Poor,night,signalized_intersection,Seattle,academic-noncommercial; see paper vs kaggle,True,947cfa1d3e0d12fec69cac5ace89798d
roadside,ACCIDENT_real,ZQU-7hSIJ-s_00,real_videos/ZQU-7hSIJ-s_00.mp4,ZQU-7hSIJ-s,accident_time,6.583,158,24.000813586901252,9.833,236,3.25,3,sideswipe,unique,test,test,Good,day,signalized_intersection,Seattle,academic-noncommercial; see paper vs kaggle,True,b123dd26fed306e637b46fb8a889c510
roadside,ACCIDENT_real,94fta3ZwkM0_00,real_videos/94fta3ZwkM0_00.mp4,94fta3ZwkM0,accident_time,4.625,92,19.988635224120063,29.917,598,25.292,1,rear-end,unique,test,test,Fine,night,signalized_intersection,Seattle,academic-noncommercial; see paper vs kaggle,True,35919244d8f7ebb4852396eb24b4c415
roadside,ACCIDENT_real,NIwmS3dbHY0_00,real_videos/NIwmS3dbHY0_00.mp4,NIwmS3dbHY0,accident_time,3.1666659999999998,71,24.53125,6.4,157,3.2333340000000006,1,rear-end,unique,train,test,Good,night,signalized_intersection,Seattle,academic-noncommercial; see paper vs kaggle,True,f85fff4c8c19d393db63bac6ed4068d4
roadside,ACCIDENT_real,dHWTcKj5oY4_00,real_videos/dHWTcKj5oY4_00.mp4,dHWTcKj5oY4,accident_time,6.7,201,20.0,30.0,600,23.3,1,rear-end,unique,test,test,Fine,night,signalized_intersection,Seattle,academic-noncommercial; see paper vs kaggle,True,383750a0bb64240ddf7efdf3e66b6ae7
roadside,ACCIDENT_real,gkyJ3CwetQY_00,real_videos/gkyJ3CwetQY_00.mp4,gkyJ3CwetQY,accident_time,4.291666,64,15.189873417721518,9.875,150,5.583334,1,rear-end,unique,train,test,Excellent,day,signalized_intersection,Seattle,academic-noncommercial; see paper vs kaggle,True,87694975b72927134721396e15374306
roadside,ACCIDENT_real,2PtXKoTbv0c_00,real_videos/2PtXKoTbv0c_00.mp4,2PtXKoTbv0c,accident_time,3.167,94,29.932926218840727,29.967,897,26.799999999999997,2,t-bone,unique,test,test,Good,day,signalized_intersection,Seattle,academic-noncommercial; see paper vs kaggle,True,2a9bd4f5dc112d21d2418e43127d2007
roadside,ACCIDENT_real,Fix7_GpawXw_00,real_videos/Fix7_GpawXw_00.mp4,Fix7_GpawXw,accident_time,10.222,276,26.99996662550479,29.963,809,19.741,1,rear-end,unique,train,test,Fine,day,highway,Seattle,academic-noncommercial; see paper vs kaggle,True,20f4075ac7fcbee95927248f32459c58
roadside,ACCIDENT_real,RcjhhMTuVSs_00,real_videos/RcjhhMTuVSs_00.mp4,RcjhhMTuVSs,accident_time,2.75,77,28.0,30.0,840,27.25,0,head-on,unique,test,test,Fine,day,signalized_intersection,Seattle,academic-noncommercial; see paper vs kaggle,True,1884497a4eac0348b63ca0ca3201d4e8
roadside,ACCIDENT_real,wHixrZXgXRI_00,real_videos/wHixrZXgXRI_00.mp4,wHixrZXgXRI,accident_time,2.448,66,28.79930587999733,29.966,863,27.518,2,t-bone,unique,test,test,Poor,day,signalized_intersection,Seattle,academic-noncommercial; see paper vs kaggle,True,de98dd696a769ef58898ce779fc9aab0
roadside,ACCIDENT_real,fEprGEfHTZE_00,real_videos/fEprGEfHTZE_00.mp4,fEprGEfHTZE,accident_time,2.84,71,24.299065420560748,29.96,728,27.12,0,head-on,unique,test,test,Poor,day,signalized_intersection,Seattle,academic-noncommercial; see paper vs kaggle,True,995e60b3bed9eef5ff3fb78ffeaa3eff
roadside,ACCIDENT_real,nKi8Onx1jI4_00,real_videos/nKi8Onx1jI4_00.mp4,nKi8Onx1jI4,accident_time,3.8333329999999997,115,28.56507293804389,29.966666,856,26.133333,4,single,unique,test,test,Good,day,city_street,Seattle,academic-noncommercial; see paper vs kaggle,True,b2c2a8d0e5dd0f015dde0c205d0b07d7
roadside,ACCIDENT_real,MruMFUBosJU_00,real_videos/MruMFUBosJU_00.mp4,MruMFUBosJU,accident_time,4.233,126,29.867109634551493,30.1,899,25.867,4,single,unique,test,test,Fine,night,signalized_intersection,Seattle,academic-noncommercial; see paper vs kaggle,True,d01bb04328313f8a00cbc269d79a2231
roadside,ACCIDENT_real,L2cVGFG5rwE_00,real_videos/L2cVGFG5rwE_00.mp4,L2cVGFG5rwE,accident_time,5.296296,127,23.16192827792098,29.962963000000002,694,24.666667000000004,1,rear-end,unique,train,test,Excellent,night,city_street,Seattle,academic-noncommercial; see paper vs kaggle,True,c628a6f44793e2e2b3d4a85f490e432e
roadside,ACCIDENT_real,GBKfe2jmXn4_00,real_videos/GBKfe2jmXn4_00.mp4,GBKfe2jmXn4,accident_time,3.333,97,28.155737704918035,24.4,687,21.067,4,single,unique,train,test,Poor,night,grade_separated_intersection,Seattle,academic-noncommercial; see paper vs kaggle,True,dd169327fc104e0d4b710e440f2e68be
roadside,ACCIDENT_real,pPBBcgLkgfE_00,real_videos/pPBBcgLkgfE_00.mp4,pPBBcgLkgfE,accident_time,16.766666,305,19.07142925255104,18.666666000000003,356,1.9000000000000021,4,single,unique,test,test,Fine,night,signalized_intersection,Seattle,academic-noncommercial; see paper vs kaggle,True,aea3d4eed527e43a4c6e1ee2de0d78bf
roadside,ACCIDENT_real,aDBb3QMnKZc_00,real_videos/aDBb3QMnKZc_00.mp4,aDBb3QMnKZc,accident_time,5.333,106,19.966666666666665,30.0,599,24.667,0,head-on,unique,test,test,Fine,day,signalized_intersection,Seattle,academic-noncommercial; see paper vs kaggle,True,5e609033a617fc56ea7d5419a196233d
roadside,ACCIDENT_real,T24gWiWxbZs_00,real_videos/T24gWiWxbZs_00.mp4,T24gWiWxbZs,accident_time,2.833,56,19.933819718534465,25.083,500,22.25,0,head-on,unique,test,test,Fine,night,signalized_intersection,Seattle,academic-noncommercial; see paper vs kaggle,True,57566a878dea8b02c9600a263b447c8f
roadside,ACCIDENT_real,3dL7_KqiBoo_00,real_videos/3dL7_KqiBoo_00.mp4,3dL7_KqiBoo,accident_time,6.200000000000001,186,30.000367201556934,27.233,817,21.033,0,head-on,unique,test,test,Fine,day,signalized_intersection,Seattle,academic-noncommercial; see paper vs kaggle,True,d7422a8f01081d36c072b0fc2d25ad8c
roadside,ACCIDENT_real,9xwZ_urlz-k_00,real_videos/9xwZ_urlz-k_00.mp4,9xwZ_urlz-k,accident_time,3.583,71,19.95520941270849,29.917,597,26.334000000000003,2,t-bone,unique,test,test,Good,day,signalized_intersection,Virginia,academic-noncommercial; see paper vs kaggle,True,00432e204be11112e80f1ccd5d85acd7
roadside,ACCIDENT_real,tmklYgHVZcY_00,real_videos/tmklYgHVZcY_00.mp4,tmklYgHVZcY,accident_time,6.6,197,29.966296259218474,29.967,898,23.366999999999997,0,head-on,unique,test,test,Poor,night,signalized_intersection,Seattle,academic-noncommercial; see paper vs kaggle,True,02d81587c0b4e708bcc4761a1fe741e3
roadside,ACCIDENT_real,W0KJ7kxqtQo_00,real_videos/W0KJ7kxqtQo_00.mp4,W0KJ7kxqtQo,accident_time,3.667,56,15.041493775933612,21.208,319,17.540999999999997,0,head-on,unique,dev,test,Good,day,signalized_intersection,Seattle,academic-noncommercial; see paper vs kaggle,True,e625e3b0a9764adf4b5980272747c161
roadside,ACCIDENT_real,JEclWwaL-Ps_00,real_videos/JEclWwaL-Ps_00.mp4,JEclWwaL-Ps,accident_time,6.4,135,21.433333333333334,30.0,643,23.6,0,head-on,unique,train,test,Fine,night,signalized_intersection,Seattle,academic-noncommercial; see paper vs kaggle,True,050a6398b59d892d2f0e4ac8e2401bf8
roadside,ACCIDENT_real,UjEFjnXKXXc_00,real_videos/UjEFjnXKXXc_00.mp4,UjEFjnXKXXc,accident_time,5.542,79,14.369177325122374,6.333,91,0.7910000000000004,0,head-on,unique,train,test,Fine,night,signalized_intersection,Seattle,academic-noncommercial; see paper vs kaggle,True,fadfdbc429fb9044d5fb1fc84ac025cd
roadside,ACCIDENT_real,eaAiEUwvy20_00,real_videos/eaAiEUwvy20_00.mp4,eaAiEUwvy20,accident_time,5.6,167,29.966666666666665,30.0,899,24.4,0,head-on,unique,train,test,Fine,night,signalized_intersection,Seattle,academic-noncommercial; see paper vs kaggle,True,5ea6545b5475481a06b73a3cc5114596
roadside,ACCIDENT_real,dMUTwvfgKFQ_00,real_videos/dMUTwvfgKFQ_00.mp4,dMUTwvfgKFQ,accident_time,10.233,306,30.133333333333333,30.0,904,19.767,2,t-bone,unique,test,test,Good,day,signalized_intersection,Seattle,academic-noncommercial; see paper vs kaggle,True,4bc3c7603413c84cc7b5b7a73d9edb0b
roadside,ACCIDENT_real,fEijKQwtcD4_00,real_videos/fEijKQwtcD4_00.mp4,fEijKQwtcD4,accident_time,6.291666,110,18.82614763645227,29.958333,564,23.666667,2,t-bone,unique,test,test,Fine,night,signalized_intersection,Seattle,academic-noncommercial; see paper vs kaggle,True,549779c9d120abcf623741560c48551f
roadside,ACCIDENT_real,QiPUrCmw4xk_00,real_videos/QiPUrCmw4xk_00.mp4,QiPUrCmw4xk,accident_time,7.292,145,19.988635224120063,29.917,598,22.625,0,head-on,unique,train,test,Fine,night,signalized_intersection,Seattle,academic-noncommercial; see paper vs kaggle,True,f5eea1ef1fd6df143563bc2e234145c0
roadside,ACCIDENT_real,mUvPuML7-2k_00,real_videos/mUvPuML7-2k_00.mp4,mUvPuML7-2k,accident_time,3.3,98,29.966666666666665,30.0,899,26.7,0,head-on,unique,test,test,Poor,day,signalized_intersection,Seattle,academic-noncommercial; see paper vs kaggle,True,cdef5ee023d292b1b1014f563ab0ed2a
roadside,ACCIDENT_real,RmsH7RavMYM_00,real_videos/RmsH7RavMYM_00.mp4,RmsH7RavMYM,accident_time,5.417,108,19.994659189532012,29.958,599,24.540999999999997,2,t-bone,unique,test,test,Fine,night,signalized_intersection,Seattle,academic-noncommercial; see paper vs kaggle,True,498eaa76f09c7ff7427841cf61f89a60
roadside,ACCIDENT_real,HsI9suJ4Mkw_00,real_videos/HsI9suJ4Mkw_00.mp4,HsI9suJ4Mkw,accident_time,10.667,221,20.46511627906977,16.125,330,5.458,1,rear-end,unique,test,test,Fine,night,city_street,Seattle,academic-noncommercial; see paper vs kaggle,True,5f317566a3cc1f861096ba3846257e5c
roadside,ACCIDENT_real,uh5OqU0h4ZM_00,real_videos/uh5OqU0h4ZM_00.mp4,uh5OqU0h4ZM,accident_time,4.9,147,29.933149299896897,30.067,900,25.167,0,head-on,unique,train,test,Fine,night,signalized_intersection,Seattle,academic-noncommercial; see paper vs kaggle,True,7733bf0badb207eecf053f9411f56108
roadside,ACCIDENT_real,NuLbMFaj3Lk_00,real_videos/NuLbMFaj3Lk_00.mp4,NuLbMFaj3Lk,accident_time,5.571428,150,24.595948142930826,29.964285,737,24.392857,2,t-bone,unique,test,test,Good,day,signalized_intersection,Seattle,academic-noncommercial; see paper vs kaggle,True,92ea04e215601414201cc632f03afe7c
roadside,ACCIDENT_real,Ru94OqVK6Rs_00,real_videos/Ru94OqVK6Rs_00.mp4,Ru94OqVK6Rs,accident_time,5.792,83,14.841060266737975,29.917,444,24.125,4,single,unique,test,test,Good,night,city_street,Seattle,academic-noncommercial; see paper vs kaggle,True,fbcc8242d4002038d53f8b5aa751bdbe
roadside,ACCIDENT_real,llupGpa4OMQ_00,real_videos/llupGpa4OMQ_00.mp4,llupGpa4OMQ,accident_time,6.458,104,15.922291207690767,29.958,477,23.5,3,sideswipe,unique,train,test,Good,day,highway,Seattle,academic-noncommercial; see paper vs kaggle,True,c5a8ccb91f2132b8308dd37eecef7ec6
roadside,ACCIDENT_real,7Nc9tJ7R4KY_00,real_videos/7Nc9tJ7R4KY_00.mp4,7Nc9tJ7R4KY,accident_time,4.167,83,19.866666666666667,7.5,149,3.333,0,head-on,unique,test,test,Fine,day,signalized_intersection,Seattle,academic-noncommercial; see paper vs kaggle,True,7c7f55631b8262f97c0bae46ba2141d6
roadside,ACCIDENT_real,ycOLojVqIAg_00,real_videos/ycOLojVqIAg_00.mp4,ycOLojVqIAg,accident_time,3.5,103,29.632926131989457,29.966666,888,26.466666,2,t-bone,unique,test,test,Good,night,signalized_intersection,Seattle,academic-noncommercial; see paper vs kaggle,True,d8a2e6afcbaf87ce8025207ebcac708a
roadside,ACCIDENT_real,SDYTt7CqbTE_00,real_videos/SDYTt7CqbTE_00.mp4,SDYTt7CqbTE,accident_time,7.208333,108,14.292887029288703,29.875,427,22.666667,2,t-bone,unique,test,test,Good,night,signalized_intersection,Seattle,academic-noncommercial; see paper vs kaggle,True,8d98ae06bb4577d3233d99916614862d
roadside,ACCIDENT_real,uAkT7TEx6uM_00,real_videos/uAkT7TEx6uM_00.mp4,uAkT7TEx6uM,accident_time,2.2,66,28.90154163753205,30.033,868,27.833000000000002,2,t-bone,unique,test,test,Good,day,signalized_intersection,Seattle,academic-noncommercial; see paper vs kaggle,True,8fd79f53e9b6e774a1cca1e0e055e9d4
roadside,ACCIDENT_real,1fpsdsKWH_M_00,real_videos/1fpsdsKWH_M_00.mp4,1fpsdsKWH_M,accident_time,5.222,115,22.961652705002837,29.963,688,24.741,1,rear-end,unique,train,test,Poor,night,highway,Seattle,academic-noncommercial; see paper vs kaggle,True,8d6391fa93d571e887c0024d76ddbb6a
roadside,ACCIDENT_real,zYp-honyJC0_00,real_videos/zYp-honyJC0_00.mp4,zYp-honyJC0,accident_time,2.125,42,19.95505617977528,11.125,222,9.0,4,single,unique,test,test,Good,day,signalized_intersection,Seattle,academic-noncommercial; see paper vs kaggle,True,8ec58ee493aa16c26fde81f90f6c7be7
roadside,ACCIDENT_real,EXaPMbnM4Vs_00,real_videos/EXaPMbnM4Vs_00.mp4,EXaPMbnM4Vs,accident_time,14.167,424,29.9601593625498,25.1,752,10.933000000000002,2,t-bone,unique,test,test,Poor,night,signalized_intersection,Seattle,academic-noncommercial; see paper vs kaggle,True,7f301c51fb4811ef7c4cad7bc28eae9d
roadside,ACCIDENT_real,EVZe1VSzboY_00,real_videos/EVZe1VSzboY_00.mp4,EVZe1VSzboY,accident_time,12.333,185,15.0,30.0,450,17.667,2,t-bone,unique,test,test,Fine,night,signalized_intersection,Seattle,academic-noncommercial; see paper vs kaggle,True,95045a4a9d2668f3bc744f9cd53ce478
roadside,ACCIDENT_real,ZsPhpxb8OTM_00,real_videos/ZsPhpxb8OTM_00.mp4,ZsPhpxb8OTM,accident_time,13.566666,270,19.955506561857767,29.966666,598,16.4,2,t-bone,unique,test,test,Good,day,signalized_intersection,Seattle,academic-noncommercial; see paper vs kaggle,True,e5cc7e5f2e2aaf22634bd35ae46ee7a4
roadside,ACCIDENT_real,JeIJWYefuBQ_00,real_videos/JeIJWYefuBQ_00.mp4,JeIJWYefuBQ,accident_time,4.6,136,28.08027704760713,23.967,673,19.366999999999997,3,sideswipe,unique,test,test,Fine,night,signalized_intersection,Seattle,academic-noncommercial; see paper vs kaggle,True,14ba7674d77f7e6aec886d8acbb293f6
roadside,ACCIDENT_real,W6JG5xVIEHs_00,real_videos/W6JG5xVIEHs_00.mp4,W6JG5xVIEHs,accident_time,2.833,42,15.060362579238504,24.767,373,21.933999999999997,2,t-bone,unique,test,test,Poor,night,signalized_intersection,Seattle,academic-noncommercial; see paper vs kaggle,True,6b5f43a273cb37c3c21a43c7a258db70
roadside,ACCIDENT_real,KJdY94Xu5x0_00,real_videos/KJdY94Xu5x0_00.mp4,KJdY94Xu5x0,accident_time,6.483,205,32.051495847647,29.983,961,23.5,0,head-on,unique,test,test,Fine,night,signalized_intersection,Virginia,academic-noncommercial; see paper vs kaggle,True,d01514d28a079bf1e93ecc6a3b8af3e2
roadside,ACCIDENT_real,jecwwv5-8Q0_00,real_videos/jecwwv5-8Q0_00.mp4,jecwwv5-8Q0,accident_time,2.75,46,18.626076507109953,29.958,558,27.208,2,t-bone,unique,test,test,Fine,day,signalized_intersection,Seattle,academic-noncommercial; see paper vs kaggle,True,9619c002e9f8335341a3f6fd688f2dd9
roadside,ACCIDENT_real,RoaPLskRqF8_00,real_videos/RoaPLskRqF8_00.mp4,RoaPLskRqF8,accident_time,6.0,89,15.0,30.0,450,24.0,2,t-bone,unique,test,test,Good,day,signalized_intersection,Seattle,academic-noncommercial; see paper vs kaggle,True,f67c261a9e9ea86b78d6342d2152fa60
roadside,ACCIDENT_real,Q5YnuRI6QSM_00,real_videos/Q5YnuRI6QSM_00.mp4,Q5YnuRI6QSM,accident_time,5.2,156,29.999666299596225,29.967,899,24.767,0,head-on,unique,test,test,Fine,day,signalized_intersection,Seattle,academic-noncommercial; see paper vs kaggle,True,4b6dd4ffc61f374afa8edf57a0ecc8fc
roadside,ACCIDENT_real,Gw3WQGxMH_I_00,real_videos/Gw3WQGxMH_I_00.mp4,Gw3WQGxMH_I,accident_time,6.833,123,17.75819480606182,29.958,532,23.125,2,t-bone,unique,test,test,Poor,night,signalized_intersection,Seattle,academic-noncommercial; see paper vs kaggle,True,402c3663a3bfcc4686682eb94ad65e12
roadside,ACCIDENT_real,ulSxHhFWUhM_00,real_videos/ulSxHhFWUhM_00.mp4,ulSxHhFWUhM,accident_time,3.167,63,16.189331731090192,29.958,485,26.790999999999997,2,t-bone,unique,test,test,Fine,day,signalized_intersection,Seattle,academic-noncommercial; see paper vs kaggle,True,696bfb752a841c7aca1e540adad6cae7
roadside,ACCIDENT_real,DVEA5y2V4-w_00,real_videos/DVEA5y2V4-w_00.mp4,DVEA5y2V4-w,accident_time,3.292,65,19.460578142733162,29.958,583,26.665999999999997,2,t-bone,unique,test,test,Fine,day,signalized_intersection,Seattle,academic-noncommercial; see paper vs kaggle,True,8641920128b7950e1a3c17f72af84e17
roadside,ACCIDENT_real,JdSFsM58Vrs_00,real_videos/JdSFsM58Vrs_00.mp4,JdSFsM58Vrs,accident_time,3.533,105,29.59922581506324,29.967,887,26.433999999999997,2,t-bone,unique,test,test,Fine,day,signalized_intersection,Seattle,academic-noncommercial; see paper vs kaggle,True,3b4557de89fc37d582d316b353f78aa9
roadside,ACCIDENT_real,rSQtKYBkOg0_00,real_videos/rSQtKYBkOg0_00.mp4,rSQtKYBkOg0,accident_time,2.133,63,29.8,30.0,894,27.867,2,t-bone,unique,test,test,Good,night,signalized_intersection,Seattle,academic-noncommercial; see paper vs kaggle,True,6a6715572fc32ebb9bd29f8a6fe84c70
roadside,ACCIDENT_real,jiliVB6lsKE_00,real_videos/jiliVB6lsKE_00.mp4,jiliVB6lsKE,accident_time,8.125,116,14.320048067294213,29.958,429,21.833,2,t-bone,unique,test,test,Poor,night,signalized_intersection,Seattle,academic-noncommercial; see paper vs kaggle,True,0a23163bd493bb2f125fbff511a916ed
roadside,ACCIDENT_real,p5G4xCcukEA_00,real_videos/p5G4xCcukEA_00.mp4,p5G4xCcukEA,accident_time,2.867,43,14.966574649948448,30.067,450,27.2,2,t-bone,unique,test,test,Fine,night,signalized_intersection,Seattle,academic-noncommercial; see paper vs kaggle,True,2031753be74ae39e4f5b2764aaa1e257
roadside,ACCIDENT_real,xrzQq265lAc_00,real_videos/xrzQq265lAc_00.mp4,xrzQq265lAc,accident_time,3.7,55,14.899598393574298,24.9,371,21.2,2,t-bone,unique,test,test,Fine,night,signalized_intersection,Seattle,academic-noncommercial; see paper vs kaggle,True,de09d63f96255bf0ff1f8be8493f1b15
roadside,ACCIDENT_real,ooFHzXAx7EU_00,real_videos/ooFHzXAx7EU_00.mp4,ooFHzXAx7EU,accident_time,2.375,55,16.263074939103024,13.958,227,11.583,2,t-bone,unique,test,test,Fine,day,signalized_intersection,Seattle,academic-noncommercial; see paper vs kaggle,True,ac335ea85a551f40d02e4542b176119f
roadside,ACCIDENT_real,SCrgYtvPgzY_00,real_videos/SCrgYtvPgzY_00.mp4,SCrgYtvPgzY,accident_time,17.833,356,19.961279124107083,29.958,598,12.125,2,t-bone,unique,test,test,Fine,day,signalized_intersection,Seattle,academic-noncommercial; see paper vs kaggle,True,8c18e3a51d78725839f2afa2f0bb196f
roadside,ACCIDENT_real,ExU1_ouZ3bw_00,real_videos/ExU1_ouZ3bw_00.mp4,ExU1_ouZ3bw,accident_time,10.0,300,29.999666299596225,29.967,899,19.967,2,t-bone,unique,test,test,Fine,night,signalized_intersection,Seattle,academic-noncommercial; see paper vs kaggle,True,da8a473bc56aa8fa1b56bb7743bc7f33
roadside,ACCIDENT_real,s5rpnFmqofQ_00,real_videos/s5rpnFmqofQ_00.mp4,s5rpnFmqofQ,accident_time,3.708,49,14.053007543894786,29.958,421,26.25,2,t-bone,unique,test,test,Poor,day,signalized_intersection,Seattle,academic-noncommercial; see paper vs kaggle,True,5ac90e1425192d46d2eb78b0cf36f755
roadside,ACCIDENT_real,Jr-RXkEv6Ds_00,real_videos/Jr-RXkEv6Ds_00.mp4,Jr-RXkEv6Ds,accident_time,4.133,61,15.0,30.0,450,25.867,2,t-bone,unique,test,test,Good,day,signalized_intersection,Seattle,academic-noncommercial; see paper vs kaggle,True,83dceb4ae24f44fd72a7d2f53b562f33
roadside,ACCIDENT_real,S166sr07mgA_00,real_videos/S166sr07mgA_00.mp4,S166sr07mgA,accident_time,3.633,108,29.6,30.0,888,26.367,2,t-bone,unique,test,test,Fine,night,city_street,Seattle,academic-noncommercial; see paper vs kaggle,True,354e600a287751ceac0f2704d3a77aa9
roadside,ACCIDENT_real,LCkt9L0JnXU_00,real_videos/LCkt9L0JnXU_00.mp4,LCkt9L0JnXU,accident_time,10.708,159,14.954269310367849,29.958,448,19.25,2,t-bone,unique,test,test,Excellent,day,signalized_intersection,Seattle,academic-noncommercial; see paper vs kaggle,True,54b82993691220072be775a0bb0a1b8a
roadside,ACCIDENT_real,6sgXO96LXOE_00,real_videos/6sgXO96LXOE_00.mp4,6sgXO96LXOE,accident_time,5.5,164,27.69744221796312,29.966666,830,24.466666,2,t-bone,unique,test,test,Fine,night,signalized_intersection,Seattle,academic-noncommercial; see paper vs kaggle,True,5d249c1775c8248253cd14f94f46e175
roadside,ACCIDENT_real,l4xiNaUc-Bw_00,real_videos/l4xiNaUc-Bw_00.mp4,l4xiNaUc-Bw,accident_time,8.75,132,15.021029441217706,29.958,450,21.208,4,single,unique,train,test,Good,night,highway,Seattle,academic-noncommercial; see paper vs kaggle,True,c0ef39e03cf44c1aae82b6489206788d
roadside,ACCIDENT_real,PW_hCnmtgf4_00,real_videos/PW_hCnmtgf4_00.mp4,PW_hCnmtgf4,accident_time,3.692,80,23.68,25.0,592,21.308,2,t-bone,unique,test,test,Excellent,day,signalized_intersection,Seattle,academic-noncommercial; see paper vs kaggle,True,056814090e32a9618c91cb5564d1a9aa
roadside,ACCIDENT_real,07Eu77WorsY_00,real_videos/07Eu77WorsY_00.mp4,07Eu77WorsY,accident_time,4.167,83,19.994659189532012,29.958,599,25.790999999999997,2,t-bone,unique,test,test,Fine,night,signalized_intersection,Seattle,academic-noncommercial; see paper vs kaggle,True,0bb35137023d0aa28a1fcc325a08c571
roadside,ACCIDENT_real,orZsH8JuEE4_00,real_videos/orZsH8JuEE4_00.mp4,orZsH8JuEE4,accident_time,2.867,68,23.984277864677335,24.933,598,22.066,0,head-on,unique,test,test,Fine,night,signalized_intersection,Seattle,academic-noncommercial; see paper vs kaggle,True,46ee661ef5d9e3e9d868de35e1bbde33
roadside,ACCIDENT_real,OJkIuYwVcHA_00,real_videos/OJkIuYwVcHA_00.mp4,OJkIuYwVcHA,accident_time,6.179,171,27.633159791750103,29.964,828,23.784999999999997,3,sideswipe,unique,test,test,Good,day,signalized_intersection,Seattle,academic-noncommercial; see paper vs kaggle,True,2649a4676c6a78af060b8cfd37fc4681
roadside,ACCIDENT_real,v0VVrqk4l3o_00,real_videos/v0VVrqk4l3o_00.mp4,v0VVrqk4l3o,accident_time,4.633333,139,30.000000667408248,29.966666,899,25.333333,3,sideswipe,unique,train,test,Fine,day,highway,Seattle,academic-noncommercial; see paper vs kaggle,True,58bbc8c7b2f358373f55186b1b592309
roadside,ACCIDENT_real,VSNqivMhWnM_00,real_videos/VSNqivMhWnM_00.mp4,VSNqivMhWnM,accident_time,8.033332999999999,189,24.660734697680414,29.966666,739,21.933333,3,sideswipe,unique,test,test,Good,night,signalized_intersection,Seattle,academic-noncommercial; see paper vs kaggle,True,c8c3afbafbf2896f597103d1b6e63499
roadside,ACCIDENT_real,RJWAkvcho-k_00,real_videos/RJWAkvcho-k_00.mp4,RJWAkvcho-k,accident_time,2.7,81,29.6,30.0,888,27.3,0,head-on,unique,test,test,Poor,night,signalized_intersection,Seattle,academic-noncommercial; see paper vs kaggle,True,f3e03b6c9062c9a66f35e669fe1d3087
roadside,ACCIDENT_real,RpeH9OruLwI_00,real_videos/RpeH9OruLwI_00.mp4,RpeH9OruLwI,accident_time,0.875,14,17.187318546045756,25.833,444,24.958,0,head-on,unique,test,test,Poor,day,signalized_intersection,Seattle,academic-noncommercial; see paper vs kaggle,True,feefc24d3f2b2883f4eaad9762e98a0a
roadside,ACCIDENT_real,urdxgkwYUqM_00,real_videos/urdxgkwYUqM_00.mp4,urdxgkwYUqM,accident_time,7.1,106,15.18336837187573,29.967,455,22.866999999999997,3,sideswipe,unique,test,test,Fine,day,signalized_intersection,Seattle,academic-noncommercial; see paper vs kaggle,True,0abed783beb484c5ffb62b06a3a29736
roadside,ACCIDENT_real,g9P2Y9bwPQQ_00,real_videos/g9P2Y9bwPQQ_00.mp4,g9P2Y9bwPQQ,accident_time,4.4,131,29.870214569881952,15.333,458,10.933,0,head-on,unique,test,test,Fine,day,signalized_intersection,Seattle,academic-noncommercial; see paper vs kaggle,True,23c18563b334093ff8e4fa0f6f9d5f94
roadside,ACCIDENT_real,TilBcBFe1gc_00,real_videos/TilBcBFe1gc_00.mp4,TilBcBFe1gc,accident_time,4.792,95,19.360437946458376,29.958,580,25.165999999999997,0,head-on,unique,train,test,Good,day,signalized_intersection,Seattle,academic-noncommercial; see paper vs kaggle,True,ff419081d33e078a1fe3d5756f869317
roadside,ACCIDENT_real,6EqMA8no42o_00,real_videos/6EqMA8no42o_00.mp4,6EqMA8no42o,accident_time,2.208333,43,19.961057245741944,29.958333,598,27.75,0,head-on,unique,train,test,Fine,night,signalized_intersection,Seattle,academic-noncommercial; see paper vs kaggle,True,1ff7574814c1a1a52fb918e3ba97962f
roadside,ACCIDENT_real,gZdaWZGFUs4_00,real_videos/gZdaWZGFUs4_00.mp4,gZdaWZGFUs4,accident_time,4.296000000000001,112,25.739244172466947,21.407000000000004,551,17.111000000000004,3,sideswipe,unique,test,test,Poor,day,signalized_intersection,Seattle,academic-noncommercial; see paper vs kaggle,True,c59eecbee02d78bbc6f1ebfaafc2846d
roadside,ACCIDENT_real,dyMWcSQGi0g_00,real_videos/dyMWcSQGi0g_00.mp4,dyMWcSQGi0g,accident_time,7.267,175,20.64610964487355,29.933,618,22.666,2,t-bone,unique,test,test,Good,day,signalized_intersection,Seattle,academic-noncommercial; see paper vs kaggle,True,c9ae0f20454d27b234c4cd18c470157b
roadside,ACCIDENT_real,xApGBKUGoR4_00,real_videos/xApGBKUGoR4_00.mp4,xApGBKUGoR4,accident_time,3.889,92,23.72518879903763,29.926,710,26.037,2,t-bone,unique,train,test,Fine,night,grade_separated_intersection,Seattle,academic-noncommercial; see paper vs kaggle,True,c9928456d2c75af91000906d615702a9
roadside,ACCIDENT_real,WYG0XT9hzQA_00,real_videos/WYG0XT9hzQA_00.mp4,WYG0XT9hzQA,accident_time,8.59322,169,19.60011310163737,30.050846999999997,589,21.457626999999995,2,t-bone,unique,test,test,Fine,night,signalized_intersection,Seattle,academic-noncommercial; see paper vs kaggle,True,a0dc88d03e647f97ad22bb57c40cf23e
roadside,ACCIDENT_real,Ga3FbFSHZdA_00,real_videos/Ga3FbFSHZdA_00.mp4,Ga3FbFSHZdA,accident_time,3.333,80,23.99909008189263,8.792,211,5.459,3,sideswipe,unique,test,test,Good,day,signalized_intersection,Seattle,academic-noncommercial; see paper vs kaggle,True,4fd0eee659c4a373754c345087d158ec
roadside,ACCIDENT_real,F_UEUU6h33s_00,real_videos/F_UEUU6h33s_00.mp4,F_UEUU6h33s,accident_time,2.7083330000000005,41,15.018404170875867,6.791667000000001,102,4.083334000000001,3,sideswipe,unique,train,test,Good,day,highway,Virginia,academic-noncommercial; see paper vs kaggle,True,39133ad94719bb879e512b6c590a0cee
roadside,ACCIDENT_real,w0jywVfX7LY_00,real_videos/w0jywVfX7LY_00.mp4,w0jywVfX7LY,accident_time,2.625,39,14.903553299492385,24.625,367,22.0,2,t-bone,unique,test,test,Very_Poor,day,highway,Virginia,academic-noncommercial; see paper vs kaggle,True,1e49c72ce1b6f781160b2ec575cfeec0
roadside,ACCIDENT_real,G0jQdKiCbhU_00,real_videos/G0jQdKiCbhU_00.mp4,G0jQdKiCbhU,accident_time,4.9,73,14.912891986062718,28.7,428,23.799999999999997,4,single,unique,test,test,Very_Poor,night,highway,Virginia,academic-noncommercial; see paper vs kaggle,True,fb6bb5a57c015b64d212bc8c918e0196
roadside,ACCIDENT_real,9z7lG2OdBoM_00,real_videos/9z7lG2OdBoM_00.mp4,9z7lG2OdBoM,accident_time,2.2,32,14.946236559139784,18.6,278,16.400000000000002,4,single,unique,test,test,Very_Poor,day,highway,Virginia,academic-noncommercial; see paper vs kaggle,True,9a5633efe2ef6f49ac63578eb4aad9fb
roadside,ACCIDENT_real,sKJdbm04q6U_00,real_videos/sKJdbm04q6U_00.mp4,sKJdbm04q6U,accident_time,10.333,134,12.87001287001287,22.533,290,12.200000000000001,4,single,unique,test,test,Very_Poor,night,highway,Virginia,academic-noncommercial; see paper vs kaggle,True,750340e3a63b76d6db26889a5f6a69d0
roadside,ACCIDENT_real,_9zrXENlky0_00,real_videos/_9zrXENlky0_00.mp4,_9zrXENlky0,accident_time,3.167,47,12.712295332045153,9.833,125,6.666,4,single,unique,dev,test,Fine,night,highway,Virginia,academic-noncommercial; see paper vs kaggle,True,e50a579f50fcab8b6780b5c25371de9e
roadside,ACCIDENT_real,RyBUzrZQ0Bc_00,real_videos/RyBUzrZQ0Bc_00.mp4,RyBUzrZQ0Bc,accident_time,3.958333,59,14.887343698329277,29.958333,446,26.0,4,single,unique,test,test,Poor,day,highway,Virginia,academic-noncommercial; see paper vs kaggle,True,3febe046e6088e943ac7ce5a9c1d303d
roadside,ACCIDENT_real,7m77G8C7hiE_00,real_videos/7m77G8C7hiE_00.mp4,7m77G8C7hiE,accident_time,4.583,68,14.987649375792778,29.958,449,25.375,4,single,unique,test,test,Poor,day,highway,Virginia,academic-noncommercial; see paper vs kaggle,True,4a083c5eb8c19f5877deb96e3b54d14e
roadside,ACCIDENT_real,4AWUHOvuV9I_00,real_videos/4AWUHOvuV9I_00.mp4,4AWUHOvuV9I,accident_time,6.767,101,14.983148129609237,29.967,449,23.2,4,single,unique,test,test,Very_Poor,night,highway,Virginia,academic-noncommercial; see paper vs kaggle,True,0cc8712490674b255667211a48362c3f
roadside,ACCIDENT_real,rTa4OCFz0i8_00,real_videos/rTa4OCFz0i8_00.mp4,rTa4OCFz0i8,accident_time,3.042,30,9.927465989236888,29.917,297,26.875,2,t-bone,unique,test,test,Poor,day,signalized_intersection,Virginia,academic-noncommercial; see paper vs kaggle,True,acec9b71d1bd72a3a937528eacfab8f6
roadside,ACCIDENT_real,LLead91Xhho_00,real_videos/LLead91Xhho_00.mp4,LLead91Xhho,accident_time,3.429,67,13.316307916818678,10.964,146,7.535,1,rear-end,unique,test,test,Very_Poor,day,signalized_intersection,Virginia,academic-noncommercial; see paper vs kaggle,True,113a0f3fff35ce35fe26e3b5b2072efd
roadside,ACCIDENT_real,VRayIckJrBs_00,real_videos/VRayIckJrBs_00.mp4,VRayIckJrBs,accident_time,6.208,92,14.585034013605442,18.375,268,12.167,4,single,unique,train,test,Poor,night,highway,Virginia,academic-noncommercial; see paper vs kaggle,True,7a0bd13fa81e892b3ea64f66042f45bf
roadside,ACCIDENT_real,uQHq1rdhTNQ_00,real_videos/uQHq1rdhTNQ_00.mp4,uQHq1rdhTNQ,accident_time,5.75,85,14.974763512384262,29.917,448,24.167,3,sideswipe,unique,test,test,Poor,day,highway,Virginia,academic-noncommercial; see paper vs kaggle,True,7a1ac2282c8e16e515fc1c4dc2894030
roadside,ACCIDENT_real,ZAVsunMOapQ_00,real_videos/ZAVsunMOapQ_00.mp4,ZAVsunMOapQ,accident_time,8.875,132,14.974763512384262,29.917,448,21.042,4,single,unique,test,test,Poor,day,highway,Virginia,academic-noncommercial; see paper vs kaggle,True,edc988a05bf151b2e63ba27a6737f9dd
roadside,ACCIDENT_real,E6rFBPMiDy0_00,real_videos/E6rFBPMiDy0_00.mp4,E6rFBPMiDy0,accident_time,5.35316,80,15.001137841407699,29.397769999999998,441,24.04461,4,single,unique,test,test,Poor,day,highway,Virginia,academic-noncommercial; see paper vs kaggle,True,75b4fa4c5d8693949d86e3624275621a
roadside,ACCIDENT_real,zCJ_1fc2nwk_00,real_videos/zCJ_1fc2nwk_00.mp4,zCJ_1fc2nwk,accident_time,2.583,37,12.918085319447227,29.958,387,27.375,4,single,unique,test,test,Poor,day,tunnel,Virginia,academic-noncommercial; see paper vs kaggle,True,e29c6e67238823a08a8a37a02b1d4daa
roadside,ACCIDENT_real,EOylWdC12mY_00,real_videos/EOylWdC12mY_00.mp4,EOylWdC12mY,accident_time,2.208,33,14.819634208053206,13.833,205,11.625,3,sideswipe,unique,test,test,Poor,day,highway,Virginia,academic-noncommercial; see paper vs kaggle,True,a824a51c9688210cf2e2037007c615a3
roadside,ACCIDENT_real,GINQ6xQrz94_00,real_videos/GINQ6xQrz94_00.mp4,GINQ6xQrz94,accident_time,1.2330000000000005,19,15.021280146874739,23.966,360,22.733,4,single,unique,test,test,Poor,day,grade_separated_intersection,Virginia,academic-noncommercial; see paper vs kaggle,True,686be93f7728d7628a71912aa8c61a77
roadside,ACCIDENT_real,XI9xhHUOo5o_00,real_videos/XI9xhHUOo5o_00.mp4,XI9xhHUOo5o,accident_time,3.0,44,14.959815389512213,25.134,376,22.134,4,single,unique,train,test,Poor,day,highway,Virginia,academic-noncommercial; see paper vs kaggle,True,edfeb69f9fc8a780d1c7e77818b8f894
roadside,ACCIDENT_real,QwFFfl2CNUY_00,real_videos/QwFFfl2CNUY_00.mp4,QwFFfl2CNUY,accident_time,2.458333,37,14.969072782229807,8.083333,121,5.625,1,rear-end,unique,train,test,Good,day,highway,Virginia,academic-noncommercial; see paper vs kaggle,True,784dff01a2fd0abe984c60f25c1ddab1
roadside,ACCIDENT_real,nlRWwNiCtsE_00,real_videos/nlRWwNiCtsE_00.mp4,nlRWwNiCtsE,accident_time,3.767,56,14.967137372291273,15.367,230,11.600000000000001,3,sideswipe,unique,test,test,Poor,day,highway,Virginia,academic-noncommercial; see paper vs kaggle,True,07c3cb160a2b3d6b930096d95a137755
roadside,ACCIDENT_real,NTMLhz_KdXo_00,real_videos/NTMLhz_KdXo_00.mp4,NTMLhz_KdXo,accident_time,1.868533,43,24.535905003562643,6.072733,149,4.2042,2,t-bone,unique,test,train,Fine,day,simple_intersection,World,academic-noncommercial; see paper vs kaggle,True,4735f685cf075f53666f17596980e22b
roadside,ACCIDENT_real,B85gUt1fzIU_00,real_videos/B85gUt1fzIU_00.mp4,B85gUt1fzIU,accident_time,5.583333,77,14.218010556815967,8.791666,125,3.2083329999999997,2,t-bone,unique,test,test,Fine,day,signalized_intersection,Virginia,academic-noncommercial; see paper vs kaggle,True,ee1811a0c32a62de2924e3ef5389f3ab
roadside,ACCIDENT_real,B6eG9Bvwj8o_00,real_videos/B6eG9Bvwj8o_00.mp4,B6eG9Bvwj8o,accident_time,2.416666,25,13.7524340890396,29.958333,412,27.541667,2,t-bone,unique,test,test,Fine,day,signalized_intersection,Virginia,academic-noncommercial; see paper vs kaggle,True,a895f02e92a22ae0870b856681a5cfba
roadside,ACCIDENT_real,xpVTZU4KeZA_00,real_videos/xpVTZU4KeZA_00.mp4,xpVTZU4KeZA,accident_time,6.958,104,15.0,22.0,330,15.042,2,t-bone,unique,test,test,Fine,day,signalized_intersection,Virginia,academic-noncommercial; see paper vs kaggle,True,5f50ee435f1ef62387c44084e151390e
roadside,ACCIDENT_real,mTVpYeTKFN4_00,real_videos/mTVpYeTKFN4_00.mp4,mTVpYeTKFN4,accident_time,5.416667,81,13.771587590288718,29.916667,412,24.5,2,t-bone,unique,test,test,Good,day,signalized_intersection,Virginia,academic-noncommercial; see paper vs kaggle,True,d8eca4230e2852ed3cbf7127f7f7c7e1
roadside,ACCIDENT_real,aPavFeAFhnk_00,real_videos/aPavFeAFhnk_00.mp4,aPavFeAFhnk,accident_time,3.917,58,14.473376341210683,29.917,433,26.0,2,t-bone,unique,test,test,Poor,day,signalized_intersection,Virginia,academic-noncommercial; see paper vs kaggle,True,20a8becb5e61ec4016c75747c028a2f5
roadside,ACCIDENT_real,GjcgUDvSdls_00,real_videos/GjcgUDvSdls_00.mp4,GjcgUDvSdls,accident_time,4.708,69,14.787368983243208,29.958,443,25.25,2,t-bone,unique,test,test,Very_Poor,day,signalized_intersection,Virginia,academic-noncommercial; see paper vs kaggle,True,abf3828b513c484d52159d2fbbc3f500
roadside,ACCIDENT_real,oBN7DtMXoSw_00,real_videos/oBN7DtMXoSw_00.mp4,oBN7DtMXoSw,accident_time,11.467,169,14.866797485615459,30.067,447,18.6,0,head-on,unique,test,test,Poor,day,simple_intersection,Virginia,academic-noncommercial; see paper vs kaggle,True,2dd996e05cd9480f009d855402bb4450
roadside,ACCIDENT_real,teLTVBt01wU_00,real_videos/teLTVBt01wU_00.mp4,teLTVBt01wU,accident_time,5.792,87,14.987649375792778,29.958,449,24.165999999999997,2,t-bone,unique,test,test,Poor,day,signalized_intersection,Virginia,academic-noncommercial; see paper vs kaggle,True,dc8032264bc25f55aafe8384029cc91f
roadside,ACCIDENT_real,KiVTcO5wpds_00,real_videos/KiVTcO5wpds_00.mp4,KiVTcO5wpds,accident_time,2.5,37,13.352026169971294,29.958,400,27.458,2,t-bone,unique,test,test,Poor,night,signalized_intersection,Virginia,academic-noncommercial; see paper vs kaggle,True,825000bd5181549dc64a78eab2bd7aca
roadside,ACCIDENT_real,fZfs2l5bv2Q_00,real_videos/fZfs2l5bv2Q_00.mp4,fZfs2l5bv2Q,accident_time,5.333,79,14.506802152622255,29.917,434,24.584000000000003,2,t-bone,unique,test,test,Poor,day,signalized_intersection,Virginia,academic-noncommercial; see paper vs kaggle,True,d74cf9dcc2d5515d61006d07b6772d9d
roadside,ACCIDENT_real,CV8iSUAmHvw_00,real_videos/CV8iSUAmHvw_00.mp4,CV8iSUAmHvw,accident_time,8.974,134,14.900861205687963,24.965,372,15.991,2,t-bone,unique,test,test,Poor,day,simple_intersection,Virginia,academic-noncommercial; see paper vs kaggle,True,d7305ce10108f389362b7351f2be3a51
roadside,ACCIDENT_real,8o-2-9mO8C0_00,real_videos/8o-2-9mO8C0_00.mp4,8o-2-9mO8C0,accident_time,3.417,20,6.709393150410575,29.958,201,26.540999999999997,2,t-bone,unique,test,test,Poor,night,signalized_intersection,Virginia,academic-noncommercial; see paper vs kaggle,True,9827f22aadfd3c09d74a1a4026880f9b
roadside,ACCIDENT_real,-zhGaEV8w0o_00,real_videos/-zhGaEV8w0o_00.mp4,-zhGaEV8w0o,accident_time,4.566666000000001,114,24.013377926421402,29.900000000000002,718,25.333334,4,single,unique,test,test,Good,day,city_street,USA,academic-noncommercial; see paper vs kaggle,True,ed0becb577f18af359972a2643444711
roadside,ACCIDENT_real,WigzRPlpVlQ_00,real_videos/WigzRPlpVlQ_00.mp4,WigzRPlpVlQ,accident_time,2.533,37,14.966666666666667,30.0,449,27.467,1,rear-end,unique,test,test,Poor,day,highway,Tennessee,academic-noncommercial; see paper vs kaggle,True,e8b42661b950c8576c8dae1f180933ae
roadside,ACCIDENT_real,1yedrznGA8g_00,real_videos/1yedrznGA8g_00.mp4,1yedrznGA8g,accident_time,4.5,67,14.36791166395051,30.067,432,25.567,2,t-bone,unique,test,test,Poor,night,signalized_intersection,Tennessee,academic-noncommercial; see paper vs kaggle,True,2a5aebdf7df49a8e12a6f68bcc1800c9
roadside,ACCIDENT_real,_hJdTE1wHoI_00,real_videos/_hJdTE1wHoI_00.mp4,_hJdTE1wHoI,accident_time,11.708,175,14.987649375792778,29.958,449,18.25,4,single,unique,test,test,Poor,night,highway,Tennessee,academic-noncommercial; see paper vs kaggle,True,8e486ad039f05292c2295df76fb28823
roadside,ACCIDENT_real,BEBYF3xd0Lk_00,real_videos/BEBYF3xd0Lk_00.mp4,BEBYF3xd0Lk,accident_time,2.833,42,14.979919678714861,24.9,373,22.067,3,sideswipe,unique,test,test,Poor,day,highway,Tennessee,academic-noncommercial; see paper vs kaggle,True,449d61fa61bd6dc10b0b7c9fa6a86864
roadside,ACCIDENT_real,gi01QYHz8-E_00,real_videos/gi01QYHz8-E_00.mp4,gi01QYHz8-E,accident_time,2.234,33,14.973652632128138,19.166999999999998,287,16.933,1,rear-end,unique,test,test,Poor,day,grade_separated_intersection,Tennessee,academic-noncommercial; see paper vs kaggle,True,fa50767c770340d16a984829ffb98eba
roadside,ACCIDENT_real,UH2j4IrB2Sg_00,real_videos/UH2j4IrB2Sg_00.mp4,UH2j4IrB2Sg,accident_time,3.625,54,13.884297979646215,10.083333,140,6.458333,4,single,unique,test,test,Poor,day,highway,Tennessee,academic-noncommercial; see paper vs kaggle,True,6d6ea21ce3c0d3d0c948f9c162f68bea
roadside,ACCIDENT_real,YsyVUKTZgpo_00,real_videos/YsyVUKTZgpo_00.mp4,YsyVUKTZgpo,accident_time,5.96,89,14.893617021276597,30.08,448,24.119999999999997,4,single,unique,test,test,Poor,night,highway,Tennessee,academic-noncommercial; see paper vs kaggle,True,865490b7d3bdd0a2c25aba188fa58a46
roadside,ACCIDENT_real,0vD3cfW9BtI_00,real_videos/0vD3cfW9BtI_00.mp4,0vD3cfW9BtI,accident_time,5.2669999999999995,79,14.999605273545432,12.667,190,7.4,4,single,unique,test,test,Poor,day,highway,Tennessee,academic-noncommercial; see paper vs kaggle,True,0d4965bc44fa6c0b0ff52262a5a5c8a2
roadside,ACCIDENT_real,inJcKZ42Ovc_00,real_videos/inJcKZ42Ovc_00.mp4,inJcKZ42Ovc,accident_time,5.875,87,14.974763512384262,29.917,448,24.042,4,single,unique,test,test,Poor,day,highway,Tennessee,academic-noncommercial; see paper vs kaggle,True,267d889cfc2be2e1d8b9dbf459a47fe0
roadside,ACCIDENT_real,x25XtFGKc-E_00,real_videos/x25XtFGKc-E_00.mp4,x25XtFGKc-E,accident_time,2.067,31,15.000169302136593,29.533,443,27.466,2,t-bone,unique,test,test,Poor,day,simple_intersection,Tennessee,academic-noncommercial; see paper vs kaggle,True,1246a60269bde0e052df2e1cc18022a8
roadside,ACCIDENT_real,Xb0mQCFP8_o_00,real_videos/Xb0mQCFP8_o_00.mp4,Xb0mQCFP8_o,accident_time,1.734,26,14.99981527321092,27.067,406,25.333,2,t-bone,unique,test,test,Fine,day,highway,Tennessee,academic-noncommercial; see paper vs kaggle,True,576e3a48324cf7db4bb5d63e13d3c891
roadside,ACCIDENT_real,vsgWvWqscHk_00,real_videos/vsgWvWqscHk_00.mp4,vsgWvWqscHk,accident_time,5.5,82,14.983148129609237,29.967,449,24.467,4,single,unique,train,test,Fine,night,highway,Tennessee,academic-noncommercial; see paper vs kaggle,True,6b59e16151b5897b6c166b008b14d1a9
roadside,ACCIDENT_real,1VI1lKlJQd0_00,real_videos/1VI1lKlJQd0_00.mp4,1VI1lKlJQd0,accident_time,2.1,31,14.91640804885374,29.967,447,27.866999999999997,4,single,unique,test,test,Poor,day,highway,Tennessee,academic-noncommercial; see paper vs kaggle,True,a147a6ab37cfc3969d9d56ab395392fb
roadside,ACCIDENT_real,EdvDlbnKQYI_00,real_videos/EdvDlbnKQYI_00.mp4,EdvDlbnKQYI,accident_time,3.667,54,14.966666666666667,30.0,449,26.333,1,rear-end,unique,test,test,Fine,day,grade_separated_intersection,Tennessee,academic-noncommercial; see paper vs kaggle,True,52f0aaac997f0f997e25f1f9fefae892
roadside,ACCIDENT_real,xP_sW92sGh8_00,real_videos/xP_sW92sGh8_00.mp4,xP_sW92sGh8,accident_time,9.708,145,14.987649375792778,29.958,449,20.25,1,rear-end,unique,test,test,Poor,night,highway,Tennessee,academic-noncommercial; see paper vs kaggle,True,23de01e66541d57cbe8ecb74332e21b3
roadside,ACCIDENT_real,IxLBncFm-oE_00,real_videos/IxLBncFm-oE_00.mp4,IxLBncFm-oE,accident_time,3.967,59,14.983148129609237,29.967,449,26.0,4,single,unique,test,test,Poor,day,highway,Tennessee,academic-noncommercial; see paper vs kaggle,True,deb97795168b5d212aca2236422f29b3
roadside,ACCIDENT_real,irYEjSeXzAM_00,real_videos/irYEjSeXzAM_00.mp4,irYEjSeXzAM,accident_time,3.5,52,14.980688955643117,25.633,384,22.133,1,rear-end,unique,test,test,Poor,night,highway,Tennessee,academic-noncommercial; see paper vs kaggle,True,d72deaf14df819b3fe2ea7a0ec2137bc
roadside,ACCIDENT_real,xFWObpD8KiE_00,real_videos/xFWObpD8KiE_00.mp4,xFWObpD8KiE,accident_time,3.042,45,14.987649375792778,29.958,449,26.915999999999997,4,single,unique,train,test,Fine,day,highway,Tennessee,academic-noncommercial; see paper vs kaggle,True,71ed2575325776c0e1c1cc093667573b
roadside,ACCIDENT_real,-dVU8qW4ik8_00,real_videos/-dVU8qW4ik8_00.mp4,-dVU8qW4ik8,accident_time,4.625,69,14.987649375792778,29.958,449,25.333,4,single,unique,train,test,Fine,day,highway,Tennessee,academic-noncommercial; see paper vs kaggle,True,332f676a0c24d9227acab7d865c804bc
roadside,ACCIDENT_real,qq34-Ch0SYE_00,real_videos/qq34-Ch0SYE_00.mp4,qq34-Ch0SYE,accident_time,7.25,108,14.974763512384262,29.917,448,22.667,1,rear-end,unique,test,test,Fine,day,highway,Tennessee,academic-noncommercial; see paper vs kaggle,True,10ff300c0549f06677dd674eb9e1afda
roadside,ACCIDENT_real,rA5O9Okdkss_00,real_videos/rA5O9Okdkss_00.mp4,rA5O9Okdkss,accident_time,5.3,79,14.966666666666667,30.0,449,24.7,1,rear-end,unique,test,test,Poor,day,highway,Tennessee,academic-noncommercial; see paper vs kaggle,True,bcb33f10c79b9376ec05236ce20c9228
roadside,ACCIDENT_real,ZsVOhyuD0sQ_00,real_videos/ZsVOhyuD0sQ_00.mp4,ZsVOhyuD0sQ,accident_time,7.5,112,14.983148129609237,29.967,449,22.467,1,rear-end,unique,test,test,Poor,day,grade_separated_intersection,Tennessee,academic-noncommercial; see paper vs kaggle,True,b585c4afb593694491a612d4612212bb
roadside,ACCIDENT_real,X8JXbRxpKk0_00,real_videos/X8JXbRxpKk0_00.mp4,X8JXbRxpKk0,accident_time,4.333,64,14.987649375792778,29.958,449,25.625,1,rear-end,unique,test,test,Poor,day,highway,Tennessee,academic-noncommercial; see paper vs kaggle,True,4085f9da7b628acd832bfc77c0c178df
roadside,ACCIDENT_real,sckLwIfeCT4_00,real_videos/sckLwIfeCT4_00.mp4,sckLwIfeCT4,accident_time,7.25,108,14.974763512384262,29.917,448,22.667,1,rear-end,unique,test,test,Poor,day,highway,Tennessee,academic-noncommercial; see paper vs kaggle,True,1b1e2201dd1b5e25a41a86b44f785bf5
roadside,ACCIDENT_real,LPQ23LL3dG4_00,real_videos/LPQ23LL3dG4_00.mp4,LPQ23LL3dG4,accident_time,6.917,103,14.899909008189264,8.792,131,1.875,1,rear-end,unique,test,test,Poor,night,highway,Tennessee,academic-noncommercial; see paper vs kaggle,True,545433b6a45142da85f550e136276780
roadside,ACCIDENT_real,0lkTO-H5z6I_00,real_videos/0lkTO-H5z6I_00.mp4,0lkTO-H5z6I,accident_time,5.333,65,12.132401424238427,7.583,92,2.25,1,rear-end,unique,test,test,Poor,night,highway,Tennessee,academic-noncommercial; see paper vs kaggle,True,40bb1a8ba335acea190fb697d398f26c
roadside,ACCIDENT_real,UY6g1DtnlGE_00,real_videos/UY6g1DtnlGE_00.mp4,UY6g1DtnlGE,accident_time,3.75,56,14.947368421052632,9.5,142,5.75,4,single,unique,test,test,Very_Poor,night,highway,Tennessee,academic-noncommercial; see paper vs kaggle,True,5e3ec5f28e50700d50ed01ae3758a6a6
roadside,ACCIDENT_real,1-xArHJFlAQ_00,real_videos/1-xArHJFlAQ_00.mp4,1-xArHJFlAQ,accident_time,6.708,85,5.808131383937513,29.958,174,23.25,1,rear-end,unique,test,test,Very_Poor,day,highway,Tennessee,academic-noncommercial; see paper vs kaggle,True,b15dd5b2640e2b169760efeb2883176f
roadside,ACCIDENT_real,snpgCzf-mK4_00,real_videos/snpgCzf-mK4_00.mp4,snpgCzf-mK4,accident_time,3.667,55,14.987951807228916,20.75,311,17.083,4,single,unique,test,test,Poor,day,grade_separated_intersection,Tennessee,academic-noncommercial; see paper vs kaggle,True,145a9291509025461d892f01c2362afb
roadside,ACCIDENT_real,xDnxHFltzfQ_00,real_videos/xDnxHFltzfQ_00.mp4,xDnxHFltzfQ,accident_time,2.633,39,14.999793958874191,24.267,364,21.634,4,single,unique,test,test,Poor,night,highway,Tennessee,academic-noncommercial; see paper vs kaggle,True,f538c723eb96124d7a7f14a402b4389e
roadside,ACCIDENT_real,0puo8kJOlmU_00,real_videos/0puo8kJOlmU_00.mp4,0puo8kJOlmU,accident_time,8.583,128,14.883813438525541,30.167,449,21.584000000000003,4,single,unique,test,test,Poor,day,highway,Tennessee,academic-noncommercial; see paper vs kaggle,True,945939b7ad668fe7c9a6652dd8062aad
roadside,ACCIDENT_real,CvNTYeiVF7s_00,real_videos/CvNTYeiVF7s_00.mp4,CvNTYeiVF7s,accident_time,7.042,105,14.98435698995554,24.292,364,17.25,1,rear-end,unique,train,test,Good,day,highway,Tennessee,academic-noncommercial; see paper vs kaggle,True,b301ba1114fbc3138d3aa6ac4af060de
roadside,ACCIDENT_real,KwifJ6bebdo_00,real_videos/KwifJ6bebdo_00.mp4,KwifJ6bebdo,accident_time,5.875,87,14.974763512384262,29.917,448,24.042,4,single,unique,test,test,Poor,day,highway,Tennessee,academic-noncommercial; see paper vs kaggle,True,abef8ea6e22bf712e8c4c350a2cb4063
roadside,ACCIDENT_real,p3XgqO9PzH4_00,real_videos/p3XgqO9PzH4_00.mp4,p3XgqO9PzH4,accident_time,10.333,155,15.0,29.0,435,18.667,1,rear-end,unique,test,test,Poor,day,highway,Tennessee,academic-noncommercial; see paper vs kaggle,True,46c54242f7043d49957abe9b646b0a5a
roadside,ACCIDENT_real,bSq7XtY629s_00,real_videos/bSq7XtY629s_00.mp4,bSq7XtY629s,accident_time,8.541666,128,14.987482781501894,29.958333,449,21.416667,2,t-bone,unique,test,test,Fine,day,grade_separated_intersection,Tennessee,academic-noncommercial; see paper vs kaggle,True,9c6a2d8269c7be017b6b39ff431a2e8f
roadside,ACCIDENT_real,r-f6Tk6M_kQ_00,real_videos/r-f6Tk6M_kQ_00.mp4,r-f6Tk6M_kQ,accident_time,4.125,61,14.974763512384262,29.917,448,25.792,4,single,unique,test,test,Poor,night,highway,Tennessee,academic-noncommercial; see paper vs kaggle,True,6d06faa5c27d763041cfda0323de492c
roadside,ACCIDENT_real,zxu3S-7VZUA_00,real_videos/zxu3S-7VZUA_00.mp4,zxu3S-7VZUA,accident_time,6.958,104,14.987649375792778,29.958,449,23.0,4,single,unique,test,test,Poor,day,highway,Tennessee,academic-noncommercial; see paper vs kaggle,True,779c325d0894e65be28ccce385e76cf3
roadside,ACCIDENT_real,njI11mpdwo0_00,real_videos/njI11mpdwo0_00.mp4,njI11mpdwo0,accident_time,5.458,82,15.037037037037035,13.500000000000002,203,8.042000000000002,4,single,unique,test,test,Poor,day,highway,Tennessee,academic-noncommercial; see paper vs kaggle,True,a7d754510e9385994a632b7f29dff0e8
roadside,ACCIDENT_real,cFpwh4gBvDc_00,real_videos/cFpwh4gBvDc_00.mp4,cFpwh4gBvDc,accident_time,4.25,63,14.91262193835425,8.583333,128,4.333333,4,single,unique,train,test,Fine,day,highway,Tennessee,academic-noncommercial; see paper vs kaggle,True,19d9a4c1477547431fcfcd6946818da9
roadside,ACCIDENT_real,IvpRueS_9RI_00,real_videos/IvpRueS_9RI_00.mp4,IvpRueS_9RI,accident_time,4.033,60,14.983148129609237,29.967,449,25.933999999999997,4,single,unique,test,test,Poor,day,highway,Tennessee,academic-noncommercial; see paper vs kaggle,True,09c56f533263ac2adf5b8b51aa705a02
roadside,ACCIDENT_real,TLjDFutg8mI_00,real_videos/TLjDFutg8mI_00.mp4,TLjDFutg8mI,accident_time,3.0,44,14.966666666666667,30.0,449,27.0,4,single,unique,test,test,Poor,night,highway,Tennessee,academic-noncommercial; see paper vs kaggle,True,28b0ce591d41f7c625d3c74439217790
roadside,ACCIDENT_real,cBZ3KswoFZY_00,real_videos/cBZ3KswoFZY_00.mp4,cBZ3KswoFZY,accident_time,2.75,41,14.987649375792778,29.958,449,27.208,4,single,unique,test,test,Fine,day,highway,Tennessee,academic-noncommercial; see paper vs kaggle,True,7fa8b8d2abf962e09805d57aec802218
roadside,ACCIDENT_real,jHJ3Sfhg4HA_00,real_videos/jHJ3Sfhg4HA_00.mp4,jHJ3Sfhg4HA,accident_time,2.542,38,14.987649375792778,29.958,449,27.415999999999997,4,single,unique,test,test,Fine,day,highway,Tennessee,academic-noncommercial; see paper vs kaggle,True,0dc233eb213c5462dc4a5b2b3ce185d2
roadside,ACCIDENT_real,XAxaY7MPnms_00,real_videos/XAxaY7MPnms_00.mp4,XAxaY7MPnms,accident_time,4.5,67,14.987649375792778,29.958,449,25.458,4,single,unique,test,test,Fine,day,highway,Tennessee,academic-noncommercial; see paper vs kaggle,True,ed41088eb4ec46c23dc72d6274498809
roadside,ACCIDENT_real,KOeH4VgqYR4_00,real_videos/KOeH4VgqYR4_00.mp4,KOeH4VgqYR4,accident_time,3.5,52,14.974763512384262,29.917,448,26.417,4,single,unique,test,test,Poor,day,highway,Tennessee,academic-noncommercial; see paper vs kaggle,True,44378c169a85a88030b669748bea9468
roadside,ACCIDENT_real,5dZ0U3pINII_00,real_videos/5dZ0U3pINII_00.mp4,5dZ0U3pINII,accident_time,4.8,63,14.64,25.0,366,20.2,4,single,unique,test,test,Poor,day,highway,Tennessee,academic-noncommercial; see paper vs kaggle,True,14dce8b9a959145b485f2a841e56674c
roadside,ACCIDENT_real,Qi7voHChFxk_00,real_videos/Qi7voHChFxk_00.mp4,Qi7voHChFxk,accident_time,2.917,43,14.88,6.25,93,3.333,4,single,unique,train,test,Fine,day,highway,Tennessee,academic-noncommercial; see paper vs kaggle,True,89c94a41e9392b5406820f333f78782f
roadside,ACCIDENT_real,Ef9PwNwVRvY_00,real_videos/Ef9PwNwVRvY_00.mp4,Ef9PwNwVRvY,accident_time,7.0,104,14.90578419424393,10.667,159,3.667,2,t-bone,unique,test,test,Poor,day,signalized_intersection,Tennessee,academic-noncommercial; see paper vs kaggle,True,002bf8ee2447b6271c8eff2b5333084e
roadside,ACCIDENT_real,oRG1-9tRk5w_00,real_videos/oRG1-9tRk5w_00.mp4,oRG1-9tRk5w,accident_time,4.375,65,14.995042961004627,24.208,363,19.833,4,single,unique,test,test,Poor,day,highway,Tennessee,academic-noncommercial; see paper vs kaggle,True,be43555664ff97a837148ec4265f1f9e
roadside,ACCIDENT_real,suSfwiex1Kk_00,real_videos/suSfwiex1Kk_00.mp4,suSfwiex1Kk,accident_time,3.4,50,14.832293949098265,5.933,88,2.533,3,sideswipe,unique,test,test,Very_Poor,day,highway,Tennessee,academic-noncommercial; see paper vs kaggle,True,1f7c7fa45ffaa25960e35278e1ae6acc
roadside,ACCIDENT_real,7UHfU52BUbQ_00,real_videos/7UHfU52BUbQ_00.mp4,7UHfU52BUbQ,accident_time,3.208,48,15.011449410567382,11.791,177,8.583,4,single,unique,dev,test,Poor,night,grade_separated_intersection,Tennessee,academic-noncommercial; see paper vs kaggle,True,486cc91848d2579fc262eee987c98d6e
roadside,ACCIDENT_real,E65lhgBF1rM_00,real_videos/E65lhgBF1rM_00.mp4,E65lhgBF1rM,accident_time,3.75,56,15.0,30.0,450,26.25,4,single,unique,test,test,Poor,day,highway,Tennessee,academic-noncommercial; see paper vs kaggle,True,7c76c517b5cfebc070eb5728edf9317b
roadside,ACCIDENT_real,0GPuugnrf3Y_00,real_videos/0GPuugnrf3Y_00.mp4,0GPuugnrf3Y,accident_time,11.667,175,12.3,30.0,369,18.333,2,t-bone,unique,test,test,Poor,night,highway,Tennessee,academic-noncommercial; see paper vs kaggle,True,908ae16b30e6f8ba7a1ce3a2fb5ec8bb
roadside,ACCIDENT_real,tX9OSNQL0hg_00,real_videos/tX9OSNQL0hg_00.mp4,tX9OSNQL0hg,accident_time,5.458,82,15.0,12.0,180,6.542,4,single,unique,test,test,Poor,day,grade_separated_intersection,Tennessee,academic-noncommercial; see paper vs kaggle,True,c3965b531f3fbcafd7e8112dab54f851
roadside,ACCIDENT_real,V57SWCl2WTc_00,real_videos/V57SWCl2WTc_00.mp4,V57SWCl2WTc,accident_time,4.533,68,15.000250840315056,19.933,299,15.399999999999999,4,single,unique,test,test,Poor,day,highway,Tennessee,academic-noncommercial; see paper vs kaggle,True,2046ce36531ecdce5170692f21f28109
roadside,ACCIDENT_real,uwdOQc-iC_c_00,real_videos/uwdOQc-iC_c_00.mp4,uwdOQc-iC_c,accident_time,5.667,84,14.729034740929924,28.583,421,22.915999999999997,3,sideswipe,unique,test,test,Poor,day,highway,Tennessee,academic-noncommercial; see paper vs kaggle,True,facb5539da2ee43b49dfab40898d3783
roadside,ACCIDENT_real,9z1bEUb3qGI_00,real_videos/9z1bEUb3qGI_00.mp4,9z1bEUb3qGI,accident_time,5.167,77,14.974763512384262,29.917,448,24.75,4,single,unique,test,test,Poor,day,highway,Tennessee,academic-noncommercial; see paper vs kaggle,True,d39d14c91611843f2ec0041e506944a3
roadside,ACCIDENT_real,_ky1Mxj5bQY_00,real_videos/_ky1Mxj5bQY_00.mp4,_ky1Mxj5bQY,accident_time,3.208,47,14.96774193548387,27.125,406,23.917,4,single,unique,test,test,Poor,day,highway,Tennessee,academic-noncommercial; see paper vs kaggle,True,2654d056ae98250f6bc91a2ab3199dda
roadside,ACCIDENT_real,rZ4OS1E_Hqg_00,real_videos/rZ4OS1E_Hqg_00.mp4,rZ4OS1E_Hqg,accident_time,12.8,192,15.0,30.0,450,17.2,4,single,unique,test,test,Very_Poor,night,highway,Tennessee,academic-noncommercial; see paper vs kaggle,True,25e099278a0185fa4a5507ce3bb665ce
roadside,ACCIDENT_real,FyUKGsHyoxE_00,real_videos/FyUKGsHyoxE_00.mp4,FyUKGsHyoxE,accident_time,2.125,32,14.987649375792778,29.958,449,27.833,4,single,unique,test,test,Poor,day,highway,Tennessee,academic-noncommercial; see paper vs kaggle,True,0acb972844caf6ed7f896f8fb81f78a3
roadside,ACCIDENT_real,XLGAfvkvHO0_00,real_videos/XLGAfvkvHO0_00.mp4,XLGAfvkvHO0,accident_time,1.833,22,11.382602309900529,29.958,341,28.125,4,single,unique,test,test,Poor,night,highway,Tennessee,academic-noncommercial; see paper vs kaggle,True,cc06d7447847e326e3193cf2894308ef
roadside,ACCIDENT_real,UWgxylOwa5M_00,real_videos/UWgxylOwa5M_00.mp4,UWgxylOwa5M,accident_time,4.417,66,14.987649375792778,29.958,449,25.540999999999997,4,single,unique,test,test,Poor,day,highway,Tennessee,academic-noncommercial; see paper vs kaggle,True,542dd8754288ec0868d9a2c9ac0d5bdc
roadside,ACCIDENT_real,v9jwlgooOmE_00,real_videos/v9jwlgooOmE_00.mp4,v9jwlgooOmE,accident_time,4.375,65,14.901960784313726,6.375,95,2.0,4,single,unique,test,test,Poor,day,highway,Tennessee,academic-noncommercial; see paper vs kaggle,True,8e4066a5f7daebacb97c1a81203a8376
roadside,ACCIDENT_real,begSCBJgT4o_00,real_videos/begSCBJgT4o_00.mp4,begSCBJgT4o,accident_time,3.042,45,14.987649375792778,29.958,449,26.915999999999997,4,single,unique,test,test,Poor,day,highway,Tennessee,academic-noncommercial; see paper vs kaggle,True,0092d92a0680cbac179a15e9366dceed
roadside,ACCIDENT_real,jJ4IJnInYnE_00,real_videos/jJ4IJnInYnE_00.mp4,jJ4IJnInYnE,accident_time,4.4,66,15.000202159058746,24.733,371,20.333,4,single,unique,train,test,Poor,night,grade_separated_intersection,Tennessee,academic-noncommercial; see paper vs kaggle,True,1f14aab2602afe37467cb9758540c268
roadside,ACCIDENT_real,lpJL9-mBNmk_00,real_videos/lpJL9-mBNmk_00.mp4,lpJL9-mBNmk,accident_time,13.208,198,14.987649375792778,29.958,449,16.75,4,single,unique,test,test,Poor,night,highway,Tennessee,academic-noncommercial; see paper vs kaggle,True,7f35bc066c47356b4929a7eddd661a77
roadside,ACCIDENT_real,-9oifpjUxxM_00,real_videos/-9oifpjUxxM_00.mp4,-9oifpjUxxM,accident_time,8.533,127,14.964788732394368,28.4,425,19.866999999999997,4,single,unique,test,test,Poor,day,grade_separated_intersection,Virginia,academic-noncommercial; see paper vs kaggle,True,9ad3104b9fb61046c9d7c7945980664e
roadside,ACCIDENT_real,XTAIiEEE8dU_00,real_videos/XTAIiEEE8dU_00.mp4,XTAIiEEE8dU,accident_time,4.667,70,14.987649375792778,29.958,449,25.290999999999997,4,single,unique,test,test,Poor,day,highway,Tennessee,academic-noncommercial; see paper vs kaggle,True,20a7becb44c0dde32279c045d17b488e
roadside,ACCIDENT_real,iYmL1rEyiqE_00,real_videos/iYmL1rEyiqE_00.mp4,iYmL1rEyiqE,accident_time,8.625,128,14.92088924494292,29.958,447,21.333,2,t-bone,unique,test,test,Poor,day,highway,Tennessee,academic-noncommercial; see paper vs kaggle,True,4bf603ada55a8a64de4f6542ace2ea89
roadside,ACCIDENT_real,dIbxWir400s_00,real_videos/dIbxWir400s_00.mp4,dIbxWir400s,accident_time,5.467,81,14.966666666666667,30.0,449,24.533,2,t-bone,unique,test,test,Fine,day,highway,Tennessee,academic-noncommercial; see paper vs kaggle,True,874396a65911cccf7a561f7cfe3874ac
roadside,ACCIDENT_real,p6vrqyzdnSQ_00,real_videos/p6vrqyzdnSQ_00.mp4,p6vrqyzdnSQ,accident_time,9.667,118,12.066717919577497,29.917,361,20.25,4,single,unique,test,test,Poor,night,highway,Tennessee,academic-noncommercial; see paper vs kaggle,True,67db747e94af18b419809da2f9c80462
roadside,ACCIDENT_real,seHQ5Y5g5Ns_00,real_videos/seHQ5Y5g5Ns_00.mp4,seHQ5Y5g5Ns,accident_time,2.667,40,14.990291262135923,25.75,386,23.083,3,sideswipe,unique,test,test,Poor,day,highway,Tennessee,academic-noncommercial; see paper vs kaggle,True,d98090137c0dcab254a97a6dbc01edd5
roadside,ACCIDENT_real,zMya6lxe5s8_00,real_videos/zMya6lxe5s8_00.mp4,zMya6lxe5s8,accident_time,3.367,50,14.976076555023925,20.9,313,17.532999999999998,2,t-bone,unique,test,test,Poor,day,grade_separated_intersection,Tennessee,academic-noncommercial; see paper vs kaggle,True,cd323b71ca95a3263f7b9b8c6518f6a6
roadside,ACCIDENT_real,EcsgXARlmDI_00,real_videos/EcsgXARlmDI_00.mp4,EcsgXARlmDI,accident_time,3.5,52,14.536083073652911,16.166666,235,12.666666,4,single,unique,test,test,Fine,day,highway,Tennessee,academic-noncommercial; see paper vs kaggle,True,804f9e06861d8e8ec403ce7d58174dd6
roadside,ACCIDENT_real,rsB7TD2zW4A_00,real_videos/rsB7TD2zW4A_00.mp4,rsB7TD2zW4A,accident_time,3.417,51,15.013021498238269,19.583,294,16.165999999999997,4,single,unique,test,test,Poor,day,grade_separated_intersection,Tennessee,academic-noncommercial; see paper vs kaggle,True,29d7b7775db0b34e0030b18febd62a43
roadside,ACCIDENT_real,3QBeZfYEAYY_00,real_videos/3QBeZfYEAYY_00.mp4,3QBeZfYEAYY,accident_time,4.083,61,15.03490955252301,25.208,379,21.125,3,sideswipe,unique,test,test,Very_Poor,day,grade_separated_intersection,Virginia,academic-noncommercial; see paper vs kaggle,True,f0e6c7fd2bb75a952586af3018432562
roadside,ACCIDENT_real,jw4_kT_xjsE_00,real_videos/jw4_kT_xjsE_00.mp4,jw4_kT_xjsE,accident_time,4.833,67,13.833333333333334,24.0,332,19.167,2,t-bone,unique,test,test,Poor,day,signalized_intersection,Virginia,academic-noncommercial; see paper vs kaggle,True,cf57dae23efff2500c93eb54519422a5
roadside,ACCIDENT_real,mlkJl8ql03o_00,real_videos/mlkJl8ql03o_00.mp4,mlkJl8ql03o,accident_time,1.2999999999999998,22,16.66666666666667,2.3999999999999995,40,1.0999999999999996,4,single,unique,test,train,Fine,day,highway,World,academic-noncommercial; see paper vs kaggle,True,5e2d1948158b4187e7c6770e8d7ee7b7
roadside,ACCIDENT_real,4C5ZiBP7R04_00,real_videos/4C5ZiBP7R04_00.mp4,4C5ZiBP7R04,accident_time,8.833,132,14.967320261437909,15.3,229,6.4670000000000005,4,single,unique,train,test,Poor,day,highway,Virginia,academic-noncommercial; see paper vs kaggle,True,447ce69af9c7560ec238cfc3bc5612b9
roadside,ACCIDENT_real,Iy_GdGD-ySg_00,real_videos/Iy_GdGD-ySg_00.mp4,Iy_GdGD-ySg,accident_time,9.292,139,14.987649375792778,29.958,449,20.665999999999997,4,single,unique,train,test,Poor,day,highway,Virginia,academic-noncommercial; see paper vs kaggle,True,945423a31286f420bf84540055e5f0ba
roadside,ACCIDENT_real,YBr96os6PvE_00,real_videos/YBr96os6PvE_00.mp4,YBr96os6PvE,accident_time,12.234,183,14.89296739831055,29.476999999999997,439,17.242999999999995,4,single,unique,train,test,Poor,day,highway,Virginia,academic-noncommercial; see paper vs kaggle,True,bcded491d3ed2db327da3325dbab81a9
roadside,ACCIDENT_real,71QSBkIXKXI_00,real_videos/71QSBkIXKXI_00.mp4,71QSBkIXKXI,accident_time,7.958,119,14.92088924494292,29.958,447,22.0,4,single,unique,test,test,Very_Poor,day,highway,Virginia,academic-noncommercial; see paper vs kaggle,True,efb5b7aebc9b6a5cff24545374ebdae6
roadside,ACCIDENT_real,ysTXjULP4u8_00,real_videos/ysTXjULP4u8_00.mp4,ysTXjULP4u8,accident_time,4.958333,74,14.987482781501894,29.958333,449,25.0,4,single,unique,train,test,Poor,day,highway,Virginia,academic-noncommercial; see paper vs kaggle,True,222bc676d56adec2460d6023b92d2d61
roadside,ACCIDENT_real,BV2QGa5Dgaw_00,real_videos/BV2QGa5Dgaw_00.mp4,BV2QGa5Dgaw,accident_time,5.067,133,26.153846153846153,13.0,340,7.933,2,t-bone,unique,test,train,Excellent,day,simple_intersection,World,academic-noncommercial; see paper vs kaggle,True,235589b3caa697e930508056f3c8c4e9
roadside,ACCIDENT_real,_gv4lL1EPKU_00,real_videos/_gv4lL1EPKU_00.mp4,_gv4lL1EPKU,accident_time,7.233333,109,13.207547169811322,15.899999999999999,210,8.666666999999999,2,t-bone,unique,test,train,Good,day,simple_intersection,World,academic-noncommercial; see paper vs kaggle,True,19c0f9c92c669376d79a280c8d37ba92
roadside,ACCIDENT_real,ebiX-_CCMSA_00,real_videos/ebiX-_CCMSA_00.mp4,ebiX-_CCMSA,accident_time,2.8859999999999992,42,14.798007201696835,20.273000000000003,300,17.387000000000004,1,rear-end,unique,test,test,Very_Poor,day,highway,Virginia,academic-noncommercial; see paper vs kaggle,True,d72d35aa42145a8f3542d531bbc4c61f
roadside,ACCIDENT_real,uoY--IlBdjw_00,real_videos/uoY--IlBdjw_00.mp4,uoY--IlBdjw,accident_time,1.68,30,17.20430107526882,3.7199999999999998,64,2.04,4,single,unique,test,train,Poor,day,tunnel,World,academic-noncommercial; see paper vs kaggle,True,c4be28fde6cbcd8ee75c176147a4de2f
roadside,ACCIDENT_real,uoY--IlBdjw_01,real_videos/uoY--IlBdjw_01.mp4,uoY--IlBdjw,accident_time,8.0,139,16.74917491749175,12.12,203,4.119999999999999,4,single,unique,test,train,Poor,day,tunnel,World,academic-noncommercial; see paper vs kaggle,True,ea881896a8e0dc1b1483388e02252840
roadside,ACCIDENT_real,uoY--IlBdjw_02,real_videos/uoY--IlBdjw_02.mp4,uoY--IlBdjw,accident_time,1.6400000000000001,25,15.404040404040403,7.920000000000001,122,6.280000000000001,4,single,unique,test,train,Poor,day,tunnel,World,academic-noncommercial; see paper vs kaggle,True,bfc0f20c36aafab600e787e9b8ff7052
roadside,ACCIDENT_real,hYuubWpYtrI_00,real_videos/hYuubWpYtrI_00.mp4,hYuubWpYtrI,accident_time,6.034000000000001,90,14.96,12.5,187,6.465999999999999,4,single,unique,test,test,Very_Poor,day,highway,Virginia,academic-noncommercial; see paper vs kaggle,True,f862b7e93a055c0659453773d21a7075
roadside,ACCIDENT_real,SdeaEkrudys_00,real_videos/SdeaEkrudys_00.mp4,SdeaEkrudys,accident_time,9.243,134,13.673067788559408,29.474,403,20.231,0,head-on,unique,test,test,Very_Poor,night,simple_intersection,Virginia,academic-noncommercial; see paper vs kaggle,True,84bf65d6b0788abc48972ed5aa651656
roadside,ACCIDENT_real,br57It5-6lM_00,real_videos/br57It5-6lM_00.mp4,br57It5-6lM,accident_time,2.5,37,13.83529411764706,21.25,294,18.75,2,t-bone,unique,test,test,Poor,day,signalized_intersection,Virginia,academic-noncommercial; see paper vs kaggle,True,f1c548b310c932338e7287c526ee4f27
roadside,ACCIDENT_real,__WFqm4i3vE_00,real_videos/__WFqm4i3vE_00.mp4,__WFqm4i3vE,accident_time,7.3,109,14.980392156862745,25.5,382,18.2,2,t-bone,unique,test,test,Poor,day,simple_intersection,Virginia,academic-noncommercial; see paper vs kaggle,True,e8676ff5763af253ebdaf9d18182f532
roadside,ACCIDENT_real,6oAeUvxmeME_00,real_videos/6oAeUvxmeME_00.mp4,6oAeUvxmeME,accident_time,5.458,81,14.966666666666667,30.0,449,24.542,2,t-bone,unique,test,test,Fine,night,signalized_intersection,Virginia,academic-noncommercial; see paper vs kaggle,True,e0ce00cbeb678cd9ddb38fc2115da377
roadside,ACCIDENT_real,30EzKWQx48c_00,real_videos/30EzKWQx48c_00.mp4,30EzKWQx48c,accident_time,7.199,107,14.862143204389193,14.399000000000001,214,7.200000000000001,2,t-bone,unique,test,test,Poor,day,grade_separated_intersection,Virginia,academic-noncommercial; see paper vs kaggle,True,5830d9860d82e043a0383f1d515a3418
roadside,ACCIDENT_real,NdGEyXh1tqA_00,real_videos/NdGEyXh1tqA_00.mp4,NdGEyXh1tqA,accident_time,5.333333,79,14.88888888888889,9.0,134,3.6666670000000003,4,single,unique,test,test,Poor,day,highway,Virginia,academic-noncommercial; see paper vs kaggle,True,1a4260d99055d5f016bd9cf667f16ddf
roadside,ACCIDENT_real,CRu-S6GbqF0_00,real_videos/CRu-S6GbqF0_00.mp4,CRu-S6GbqF0,accident_time,4.958,74,14.987649375792778,29.958,449,25.0,0,head-on,unique,test,test,Poor,night,signalized_intersection,Virginia,academic-noncommercial; see paper vs kaggle,True,8e6d8e2d3f5d1507f34506cbb5db3f7d
roadside,ACCIDENT_real,ljLoCD0O9fM_00,real_videos/ljLoCD0O9fM_00.mp4,ljLoCD0O9fM,accident_time,3.583,53,14.94133770097269,29.917,447,26.334000000000003,2,t-bone,unique,test,test,Very_Poor,day,simple_intersection,Virginia,academic-noncommercial; see paper vs kaggle,True,6061d4f9b12835fc8ce28540c7946a4f
roadside,ACCIDENT_real,As0H5IK0CBI_00,real_videos/As0H5IK0CBI_00.mp4,As0H5IK0CBI,accident_time,5.292,79,14.857142857142858,8.75,130,3.458,3,sideswipe,unique,test,test,Poor,day,city_street,Virginia,academic-noncommercial; see paper vs kaggle,True,f8d003fa0895283ec0dc9fe041affabd
roadside,ACCIDENT_real,c_u8oPMBGEI_00,real_videos/c_u8oPMBGEI_00.mp4,c_u8oPMBGEI,accident_time,6.7067,101,14.81912866398809,9.042367,134,2.335667000000001,0,head-on,unique,test,train,Good,day,parking_lot,World,academic-noncommercial; see paper vs kaggle,True,ea20c6eef549f5c5fea22e56beebb51d
roadside,ACCIDENT_real,c_u8oPMBGEI_01,real_videos/c_u8oPMBGEI_01.mp4,c_u8oPMBGEI,accident_time,5.638967,85,14.609046867111383,9.3093,136,3.6703330000000003,4,single,unique,test,train,Fine,day,parking_lot,World,academic-noncommercial; see paper vs kaggle,True,40d0fe6e7835dde6c066b80a73b066ae
roadside,ACCIDENT_real,c_u8oPMBGEI_02,real_videos/c_u8oPMBGEI_02.mp4,c_u8oPMBGEI,accident_time,3.9039,56,13.920505723784412,6.1061,85,2.2021999999999995,4,single,unique,test,train,Good,day,parking_lot,World,academic-noncommercial; see paper vs kaggle,True,2ea0030af05adb70cdb06838ab34ab7c
roadside,ACCIDENT_real,hiBY1OLw4RQ_00,real_videos/hiBY1OLw4RQ_00.mp4,hiBY1OLw4RQ,accident_time,5.3,79,14.967971078835543,15.767,236,10.466999999999999,4,single,unique,test,test,Very_Poor,night,highway,Virginia,academic-noncommercial; see paper vs kaggle,True,abfba08c716b41867c482905e0ccf1cc
roadside,ACCIDENT_real,-VM9fVYVI_w_00,real_videos/-VM9fVYVI_w_00.mp4,-VM9fVYVI_w,accident_time,2.042,30,14.987649375792778,29.958,449,27.915999999999997,4,single,unique,test,test,Very_Poor,night,highway,Virginia,academic-noncommercial; see paper vs kaggle,True,11e43a145cc8e92a0c960aa0ecbcafb5
roadside,ACCIDENT_real,kc_bYkuKn-g_00,real_videos/kc_bYkuKn-g_00.mp4,kc_bYkuKn-g,accident_time,4.767,126,26.8842689781269,14.767000000000001,397,10.0,4,single,unique,test,train,Good,night,highway,World,academic-noncommercial; see paper vs kaggle,True,29fc0be74368eaa45a5b00fd2219cd63
roadside,ACCIDENT_real,jWFyAaY7r8E_00,real_videos/jWFyAaY7r8E_00.mp4,jWFyAaY7r8E,accident_time,2.208333,32,13.034483657550599,9.666666,126,7.458333,2,t-bone,unique,test,test,Good,day,signalized_intersection,Virginia,academic-noncommercial; see paper vs kaggle,True,4c511ba63f11400b766b1451406064bd
roadside,ACCIDENT_real,3gY2nZW6ZCM_00,real_videos/3gY2nZW6ZCM_00.mp4,3gY2nZW6ZCM,accident_time,0.3670000000000009,6,19.23076923076922,1.3000000000000007,25,0.9329999999999998,2,t-bone,unique,test,train,Fine,day,signalized_intersection,World,academic-noncommercial; see paper vs kaggle,True,bc939f77f35187ad9f2a8962b925e937
roadside,ACCIDENT_real,LVrfZ4HLlR4_00,real_videos/LVrfZ4HLlR4_00.mp4,LVrfZ4HLlR4,accident_time,7.292,109,14.710022522522522,14.208,209,6.916,2,t-bone,unique,test,test,Poor,day,highway,Virginia,academic-noncommercial; see paper vs kaggle,True,7ae388a7c657640831b0e4774813df90
roadside,ACCIDENT_real,gS2xiB7q7sk_00,real_videos/gS2xiB7q7sk_00.mp4,gS2xiB7q7sk,accident_time,2.875,42,14.974763512384262,29.917,448,27.042,4,single,unique,train,test,Fine,day,highway,Virginia,academic-noncommercial; see paper vs kaggle,True,e9789e851baaa11ec8898bf93a99b6ab
roadside,ACCIDENT_real,rNLWvxHU5E4_00,real_videos/rNLWvxHU5E4_00.mp4,rNLWvxHU5E4,accident_time,4.083,61,13.952867347620002,29.958,418,25.875,2,t-bone,unique,test,test,Good,day,signalized_intersection,Seattle,academic-noncommercial; see paper vs kaggle,True,bd61db2f747c5f034c93b6559e8a88b3
roadside,ACCIDENT_real,-Y4PJwqDjGc_00,real_videos/-Y4PJwqDjGc_00.mp4,-Y4PJwqDjGc,accident_time,7.417,111,14.987649375792778,29.958,449,22.540999999999997,4,single,unique,test,test,Very_Poor,day,highway,Virginia,academic-noncommercial; see paper vs kaggle,True,a5efc7325d4a8b156759933181812810
roadside,ACCIDENT_real,BLq2n48HYZc_00,real_videos/BLq2n48HYZc_00.mp4,BLq2n48HYZc,accident_time,19.033,317,13.812709030100335,29.9,413,10.866999999999997,1,rear-end,unique,test,train,Excellent,day,city_street,World,academic-noncommercial; see paper vs kaggle,True,43b7e1cc515590a95ea91a3542f16718
roadside,ACCIDENT_real,BLq2n48HYZc_01,real_videos/BLq2n48HYZc_01.mp4,BLq2n48HYZc,accident_time,19.033334,317,13.79732708691922,29.933334,413,10.899999999999999,1,rear-end,unique,test,test,Good,day,city_street,USA,academic-noncommercial; see paper vs kaggle,True,a8adc6c185887de9d8d9296e814b20fa
roadside,ACCIDENT_real,3mB4p8BgiTg_00,real_videos/3mB4p8BgiTg_00.mp4,3mB4p8BgiTg,accident_time,9.8098,208,22.003928356957925,20.587233,453,10.777433000000002,0,head-on,unique,test,train,Fine,night,roundabout,World,academic-noncommercial; see paper vs kaggle,True,63b604e36d42bc6fc6bd9f7bdb3d7f03
roadside,ACCIDENT_real,2QZf8MiIRK0_00,real_videos/2QZf8MiIRK0_00.mp4,2QZf8MiIRK0,accident_time,1.134467,11,19.347740255069606,10.543867,204,9.409400000000002,2,t-bone,unique,test,train,Fine,day,simple_intersection,World,academic-noncommercial; see paper vs kaggle,True,dfacca027a2a997272035bcdaa670e9e
roadside,ACCIDENT_real,2QZf8MiIRK0_01,real_videos/2QZf8MiIRK0_01.mp4,2QZf8MiIRK0,accident_time,4.938267,121,24.887948424191524,21.054367,524,16.1161,2,t-bone,unique,test,train,Good,day,highway,World,academic-noncommercial; see paper vs kaggle,True,5257163c3808c428bb977d8ada4504a3
roadside,ACCIDENT_real,4uRL85n-kDw_00,real_videos/4uRL85n-kDw_00.mp4,4uRL85n-kDw,accident_time,5.6,75,13.284179749570965,15.733,209,10.133000000000001,4,single,unique,test,test,Poor,night,highway,Wisconsin,academic-noncommercial; see paper vs kaggle,True,8e9226f14d7e17217c84dc4935e9d2f4
roadside,ACCIDENT_real,V_2hATv3LNY_00,real_videos/V_2hATv3LNY_00.mp4,V_2hATv3LNY,accident_time,3.867,57,14.749557846964995,29.967,442,26.099999999999998,4,single,unique,test,test,Very_Poor,night,highway,Wisconsin,academic-noncommercial; see paper vs kaggle,True,98ac5dbde4e1def13eaf5fe624f8c7ec
roadside,ACCIDENT_real,HYUcneYzPZM_00,real_videos/HYUcneYzPZM_00.mp4,HYUcneYzPZM,accident_time,8.883,133,14.979773300757,24.967,374,16.084,4,single,unique,test,test,Very_Poor,night,highway,Wisconsin,academic-noncommercial; see paper vs kaggle,True,3d43e8a39238d47198e8fe6d8c5d47c8
roadside,ACCIDENT_real,czn7oGEwENs_00,real_videos/czn7oGEwENs_00.mp4,czn7oGEwENs,accident_time,2.4,35,12.727272727272727,15.4,196,13.0,4,single,unique,dev,test,Poor,night,grade_separated_intersection,Wisconsin,academic-noncommercial; see paper vs kaggle,True,abfa20e5ececfd33823f9e5412651d59
roadside,ACCIDENT_real,B_6HYZSji3I_00,real_videos/B_6HYZSji3I_00.mp4,B_6HYZSji3I,accident_time,3.933,58,14.949778089231488,29.967,448,26.034,4,single,unique,test,test,Poor,day,highway,Wisconsin,academic-noncommercial; see paper vs kaggle,True,70df084668b55a2c5b7ebceb1bf08066
roadside,ACCIDENT_real,G203AMlz_Yo_00,real_videos/G203AMlz_Yo_00.mp4,G203AMlz_Yo,accident_time,11.233,168,14.983148129609237,29.967,449,18.733999999999998,1,rear-end,unique,test,test,Poor,night,highway,Wisconsin,academic-noncommercial; see paper vs kaggle,True,c3261eaacd632982c70b2887fe11e415
roadside,ACCIDENT_real,kI-AKIXGLiY_00,real_videos/kI-AKIXGLiY_00.mp4,kI-AKIXGLiY,accident_time,3.792,56,14.966666666666667,30.0,449,26.208,2,t-bone,unique,test,test,Fine,day,signalized_intersection,Wisconsin,academic-noncommercial; see paper vs kaggle,True,ab9283be98b514d5ab5827b1eb6bca2f
roadside,ACCIDENT_real,be0m9oxCN98_00,real_videos/be0m9oxCN98_00.mp4,be0m9oxCN98,accident_time,16.5,223,13.185495954450104,30.033,396,13.533000000000001,2,t-bone,unique,test,test,Good,night,signalized_intersection,Wisconsin,academic-noncommercial; see paper vs kaggle,True,7cc6b3aaec4437190369380505542c1d
roadside,ACCIDENT_real,Jmd2l99EQZE_00,real_videos/Jmd2l99EQZE_00.mp4,Jmd2l99EQZE,accident_time,20.733,420,20.277694536010387,30.033,609,9.3,2,t-bone,unique,test,test,Good,night,signalized_intersection,Wisconsin,academic-noncommercial; see paper vs kaggle,True,eb1c64f3bee499b8a5bb54e89b493f26
roadside,ACCIDENT_real,l3GUdPH62y8_00,real_videos/l3GUdPH62y8_00.mp4,l3GUdPH62y8,accident_time,7.5,112,14.58708859069364,29.958,437,22.458,2,t-bone,unique,test,test,Poor,night,signalized_intersection,Wisconsin,academic-noncommercial; see paper vs kaggle,True,c6d1a0fdeb60e23ba24387b84ee6bb0f
roadside,ACCIDENT_real,70935VkkZSM_00,real_videos/70935VkkZSM_00.mp4,70935VkkZSM,accident_time,7.3,102,14.252836435579603,24.767,353,17.467,2,t-bone,unique,test,test,Poor,day,highway,Wisconsin,academic-noncommercial; see paper vs kaggle,True,9324cb418e1c991d86e981f4d2cb8d75
roadside,ACCIDENT_real,AHIdbeOcAE0_00,real_videos/AHIdbeOcAE0_00.mp4,AHIdbeOcAE0,accident_time,5.5,82,14.971252917401946,17.567,263,12.067,4,single,unique,test,test,Very_Poor,day,grade_separated_intersection,Wisconsin,academic-noncommercial; see paper vs kaggle,True,ff42c97d9d1ccf501c5f9b96ae5d3dfd
roadside,ACCIDENT_real,yGYOGSKjE3o_00,real_videos/yGYOGSKjE3o_00.mp4,yGYOGSKjE3o,accident_time,1.567,23,14.983148129609237,29.967,449,28.4,4,single,unique,test,test,Poor,day,grade_separated_intersection,Wisconsin,academic-noncommercial; see paper vs kaggle,True,aca3b1d0a530a81884d964afafd34990
roadside,ACCIDENT_real,JzYHiq1zaZs_00,real_videos/JzYHiq1zaZs_00.mp4,JzYHiq1zaZs,accident_time,3.867,57,14.966666666666667,30.0,449,26.133,4,single,unique,test,test,Poor,day,highway,Wisconsin,academic-noncommercial; see paper vs kaggle,True,05425a1f8367cb29f72c71134a24077b
roadside,ACCIDENT_real,uCHnvKyEwYU_00,real_videos/uCHnvKyEwYU_00.mp4,uCHnvKyEwYU,accident_time,8.165000000000001,123,15.051801655046589,15.347,231,7.181999999999999,1,rear-end,unique,test,test,Poor,day,highway,Wisconsin,academic-noncommercial; see paper vs kaggle,True,84045336df86c7a56b78fb582f597137
roadside,ACCIDENT_real,LiLrm5Zn19w_00,real_videos/LiLrm5Zn19w_00.mp4,LiLrm5Zn19w,accident_time,10.533,157,14.927536231884059,20.7,309,10.167,1,rear-end,unique,test,test,Poor,day,grade_separated_intersection,Wisconsin,academic-noncommercial; see paper vs kaggle,True,6533a09c7614a72118e113d469161687
roadside,ACCIDENT_real,YGBuLu9t4Ts_00,real_videos/YGBuLu9t4Ts_00.mp4,YGBuLu9t4Ts,accident_time,2.933,45,15.064102564102564,15.6,235,12.667,1,rear-end,unique,train,test,Good,day,highway,Wisconsin,academic-noncommercial; see paper vs kaggle,True,2e3249079eb5601a16b329c9e0e91ebf
roadside,ACCIDENT_real,4XYVvTuLGCg_00,real_videos/4XYVvTuLGCg_00.mp4,4XYVvTuLGCg,accident_time,4.0,59,14.949778089231488,29.967,448,25.967,1,rear-end,unique,test,test,Poor,day,highway,Wisconsin,academic-noncommercial; see paper vs kaggle,True,a5afbce0e9b52b0dc10b40af6a58ba5b
roadside,ACCIDENT_real,MTOPgMW9aIg_00,real_videos/MTOPgMW9aIg_00.mp4,MTOPgMW9aIg,accident_time,2.833,42,14.983148129609237,29.967,449,27.134,4,single,unique,test,test,Poor,night,highway,Wisconsin,academic-noncommercial; see paper vs kaggle,True,f33ce9ad7fde9c89809a87de14725cf9
roadside,ACCIDENT_real,-6SQSDj8cYU_00,real_videos/-6SQSDj8cYU_00.mp4,-6SQSDj8cYU,accident_time,5.083,76,14.987649375792778,29.958,449,24.875,2,t-bone,unique,test,test,Poor,night,signalized_intersection,Wisconsin,academic-noncommercial; see paper vs kaggle,True,72b970cac1f86f8462357c670979c6ae
roadside,ACCIDENT_real,deUf0-ljSIs_00,real_videos/deUf0-ljSIs_00.mp4,deUf0-ljSIs,accident_time,6.458,96,14.987649375792778,29.958,449,23.5,4,single,unique,test,test,Poor,day,highway,Wisconsin,academic-noncommercial; see paper vs kaggle,True,063b184b398cc2e607b047e0c1fd7466
roadside,ACCIDENT_real,Fk2lELADm8U_00,real_videos/Fk2lELADm8U_00.mp4,Fk2lELADm8U,accident_time,5.567,67,12.919122298804648,30.033,388,24.466,4,single,unique,test,test,Poor,night,highway,Wisconsin,academic-noncommercial; see paper vs kaggle,True,6afe42bb7c641af93af3e65bd9367d16
roadside,ACCIDENT_real,yj1M5Qp3k4w_00,real_videos/yj1M5Qp3k4w_00.mp4,yj1M5Qp3k4w,accident_time,5.333,80,14.987649375792778,29.958,449,24.625,4,single,unique,train,test,Fine,day,grade_separated_intersection,Wisconsin,academic-noncommercial; see paper vs kaggle,True,76810d02a948207c91b607bcd8fcfae8
roadside,ACCIDENT_real,OaB8oFL1uKY_00,real_videos/OaB8oFL1uKY_00.mp4,OaB8oFL1uKY,accident_time,5.433,81,14.983148129609237,29.967,449,24.534,4,single,unique,test,test,Fine,night,highway,Wisconsin,academic-noncommercial; see paper vs kaggle,True,d210fd605538092664dc02dc03e28026
roadside,ACCIDENT_real,udobZNZzMZE_00,real_videos/udobZNZzMZE_00.mp4,udobZNZzMZE,accident_time,7.5,114,15.049888210364735,29.967,451,22.467,4,single,unique,test,test,Fine,day,highway,Wisconsin,academic-noncommercial; see paper vs kaggle,True,95529beacd00eebff30f1377adfcebc7
roadside,ACCIDENT_real,RK-Btjd1oXs_00,real_videos/RK-Btjd1oXs_00.mp4,RK-Btjd1oXs,accident_time,10.267,153,14.916943521594684,30.1,449,19.833000000000002,4,single,unique,test,test,Fine,day,signalized_intersection,Wisconsin,academic-noncommercial; see paper vs kaggle,True,d407e879f45df4381f2a62453024f977
roadside,ACCIDENT_real,InbJMYd79yc_00,real_videos/InbJMYd79yc_00.mp4,InbJMYd79yc,accident_time,4.333,64,14.954269310367849,29.958,448,25.625,4,single,unique,test,test,Poor,day,highway,Wisconsin,academic-noncommercial; see paper vs kaggle,True,481d0059163ce80c02d0b934e5eff545
roadside,ACCIDENT_real,zaafsIEj5DI_00,real_videos/zaafsIEj5DI_00.mp4,zaafsIEj5DI,accident_time,2.767,41,14.915367856544329,5.967,89,3.1999999999999997,4,single,unique,test,test,Very_Poor,night,highway,Wisconsin,academic-noncommercial; see paper vs kaggle,True,94d3d1e05ed1977062fce92d0707baf5
roadside,ACCIDENT_real,zaafsIEj5DI_01,real_videos/zaafsIEj5DI_01.mp4,zaafsIEj5DI,accident_time,1.9329999999999998,29,14.96031746031746,25.2,377,23.267,4,single,unique,test,test,Very_Poor,night,highway,Wisconsin,academic-noncommercial; see paper vs kaggle,True,213fd67dff434d5638300fe53745cd24
roadside,ACCIDENT_real,NKA8MgHBw5A_00,real_videos/NKA8MgHBw5A_00.mp4,NKA8MgHBw5A,accident_time,3.6,53,13.403399075398276,30.067,403,26.467,4,single,unique,test,test,Poor,night,highway,Wisconsin,academic-noncommercial; see paper vs kaggle,True,c1aee705ceb1f0483830079c087f9d42
roadside,ACCIDENT_real,06jVQmpCJn4_00,real_videos/06jVQmpCJn4_00.mp4,06jVQmpCJn4,accident_time,1.6000000000000005,24,14.806156243911943,5.133,76,3.5329999999999995,4,single,unique,test,test,Poor,night,highway,Wisconsin,academic-noncommercial; see paper vs kaggle,True,82444dd4d58fce83b21e35c611a5f193
roadside,ACCIDENT_real,2aYst3H2hjo_00,real_videos/2aYst3H2hjo_00.mp4,2aYst3H2hjo,accident_time,6.1,91,14.954777469329274,11.167,167,5.067,4,single,unique,test,test,Poor,day,highway,Wisconsin,academic-noncommercial; see paper vs kaggle,True,92fc0fa46dbcd67d55cbc4f54ffc590c
roadside,ACCIDENT_real,-7-vQ4obVwQ_00,real_videos/-7-vQ4obVwQ_00.mp4,-7-vQ4obVwQ,accident_time,5.958,89,13.385406235396221,29.958,401,24.0,2,t-bone,unique,test,test,Poor,day,signalized_intersection,Wisconsin,academic-noncommercial; see paper vs kaggle,True,64ff5600bb7cf43b78012041730e0cfa
roadside,ACCIDENT_real,IMy1fD-bTng_00,real_videos/IMy1fD-bTng_00.mp4,IMy1fD-bTng,accident_time,7.867,117,14.96031746031746,25.2,377,17.333,4,single,unique,test,test,Poor,day,highway,Wisconsin,academic-noncommercial; see paper vs kaggle,True,994309922077f62d939d1a151885aaf4
roadside,ACCIDENT_real,k-LD0H31Rug_00,real_videos/k-LD0H31Rug_00.mp4,k-LD0H31Rug,accident_time,8.033,120,14.545454545454545,25.3,368,17.267000000000003,2,t-bone,unique,test,test,Fine,day,signalized_intersection,Wisconsin,academic-noncommercial; see paper vs kaggle,True,9a80f91252ca6c59fe9d22aa5bc1f43d
roadside,ACCIDENT_real,FjYZw1xUvqg_00,real_videos/FjYZw1xUvqg_00.mp4,FjYZw1xUvqg,accident_time,4.0,60,15.010243759668853,23.917,359,19.917,4,single,unique,test,test,Poor,day,highway,Wisconsin,academic-noncommercial; see paper vs kaggle,True,2031ba9b984f2790b08b2dbfb2b130ac
roadside,ACCIDENT_real,mby2Klg_d10_00,real_videos/mby2Klg_d10_00.mp4,mby2Klg_d10,accident_time,21.667,302,14.231784318310895,29.933,426,8.265999999999998,2,t-bone,unique,test,test,Poor,night,grade_separated_intersection,Wisconsin,academic-noncommercial; see paper vs kaggle,True,243f304d293a343f4f3816d2e035d34e
roadside,ACCIDENT_real,fHoZ2_uzu_k_00,real_videos/fHoZ2_uzu_k_00.mp4,fHoZ2_uzu_k,accident_time,1.9,27,14.616077685454,29.967,438,28.067,4,single,unique,test,test,Poor,day,highway,Wisconsin,academic-noncommercial; see paper vs kaggle,True,12422475cb9b8d5f7cb5fd00eafad55d
roadside,ACCIDENT_real,50uYv-SxT-o_00,real_videos/50uYv-SxT-o_00.mp4,50uYv-SxT-o,accident_time,9.0,135,14.453568328993926,29.958,433,20.958,2,t-bone,unique,test,test,Poor,night,signalized_intersection,Wisconsin,academic-noncommercial; see paper vs kaggle,True,72547b0652bcd980c5085f10bab40eb7
roadside,ACCIDENT_real,lXKSWeJ9jEc_00,real_videos/lXKSWeJ9jEc_00.mp4,lXKSWeJ9jEc,accident_time,2.767,41,14.88833746898263,4.433,66,1.666,0,head-on,unique,test,test,Fine,day,highway,Wisconsin,academic-noncommercial; see paper vs kaggle,True,c7acab69d8ff879dc4210bb0578e7c02
roadside,ACCIDENT_real,IgfiZK91D64_00,real_videos/IgfiZK91D64_00.mp4,IgfiZK91D64,accident_time,2.8,41,14.866666666666667,30.0,446,27.2,4,single,unique,test,test,Poor,night,highway,Wisconsin,academic-noncommercial; see paper vs kaggle,True,ea8104402da3b03877b11fd1a0264328
roadside,ACCIDENT_real,cvITZqgCI3M_00,real_videos/cvITZqgCI3M_00.mp4,cvITZqgCI3M,accident_time,5.917,88,14.720608852393351,29.958,441,24.040999999999997,2,t-bone,unique,test,test,Poor,day,signalized_intersection,Wisconsin,academic-noncommercial; see paper vs kaggle,True,cfbd12d68de029150502f6ba4927e8e4
roadside,ACCIDENT_real,xDbMZ8L-1OY_00,real_videos/xDbMZ8L-1OY_00.mp4,xDbMZ8L-1OY,accident_time,14.433,432,29.966296259218474,29.967,898,15.533999999999999,2,t-bone,unique,test,test,Fine,day,signalized_intersection,Wisconsin,academic-noncommercial; see paper vs kaggle,True,76c12412d9a5b3460f809f4f18632e7b
roadside,ACCIDENT_real,XbW5qJKc8O8_00,real_videos/XbW5qJKc8O8_00.mp4,XbW5qJKc8O8,accident_time,4.417,66,14.987649375792778,29.958,449,25.540999999999997,2,t-bone,unique,test,test,Fine,day,signalized_intersection,Wisconsin,academic-noncommercial; see paper vs kaggle,True,595a52fe042da395c305ae96de32d165
roadside,ACCIDENT_real,9_rjoTFi3Ek_00,real_videos/9_rjoTFi3Ek_00.mp4,9_rjoTFi3Ek,accident_time,11.233999999999998,162,13.494867911829042,29.715,401,18.481,2,t-bone,unique,test,test,Fine,day,signalized_intersection,Wisconsin,academic-noncommercial; see paper vs kaggle,True,db965c74d940c09dd9269b3ae23116f9
roadside,ACCIDENT_real,DNXPVeHVfik_00,real_videos/DNXPVeHVfik_00.mp4,DNXPVeHVfik,accident_time,6.333,94,12.9,30.0,387,23.667,2,t-bone,unique,test,test,Fine,day,signalized_intersection,Wisconsin,academic-noncommercial; see paper vs kaggle,True,849d1f9e7f1c60309ad2104771ab28c2
roadside,ACCIDENT_real,nhEW6whH4HE_00,real_videos/nhEW6whH4HE_00.mp4,nhEW6whH4HE,accident_time,4.667,70,14.987649375792778,29.958,449,25.290999999999997,4,single,unique,test,test,Very_Poor,night,highway,Wisconsin,academic-noncommercial; see paper vs kaggle,True,38665f24178e45173e962f3b441c6be0
roadside,ACCIDENT_real,rm4qKkLP9-A_00,real_videos/rm4qKkLP9-A_00.mp4,rm4qKkLP9-A,accident_time,4.367,65,14.983518130056936,30.033,450,25.666,1,rear-end,unique,test,test,Very_Poor,day,highway,Wisconsin,academic-noncommercial; see paper vs kaggle,True,31534183aee75bb66d60055cf340257c
roadside,ACCIDENT_real,jwhAPqcuObs_00,real_videos/jwhAPqcuObs_00.mp4,jwhAPqcuObs,accident_time,2.767,41,14.980382832005706,25.233,378,22.466,4,single,unique,test,test,Poor,night,highway,Wisconsin,academic-noncommercial; see paper vs kaggle,True,4a08140c464908935f43288cf5703064
roadside,ACCIDENT_real,rRqKYOsYITQ_00,real_videos/rRqKYOsYITQ_00.mp4,rRqKYOsYITQ,accident_time,7.2669999999999995,109,14.999654385843645,14.466999999999999,217,7.199999999999999,4,single,unique,test,test,Poor,day,highway,Wisconsin,academic-noncommercial; see paper vs kaggle,True,b68cee538bace9c51de3cf16f218cc2a
roadside,ACCIDENT_real,ru5QM17tRfk_00,real_videos/ru5QM17tRfk_00.mp4,ru5QM17tRfk,accident_time,2.067,20,9.960474308300395,25.3,252,23.233,3,sideswipe,unique,test,test,Poor,day,grade_separated_intersection,Wisconsin,academic-noncommercial; see paper vs kaggle,True,270bbf7a5b79f93af7b0a39d5aa55884
roadside,ACCIDENT_real,WR1xUm9CjqY_00,real_videos/WR1xUm9CjqY_00.mp4,WR1xUm9CjqY,accident_time,1.766,27,15.059288537549408,25.299999999999997,381,23.534,1,rear-end,unique,train,test,Fine,day,highway,Wisconsin,academic-noncommercial; see paper vs kaggle,True,70cbb1b74f6d77221db79cdba2d770aa
roadside,ACCIDENT_real,UUZr6xfWXPg_00,real_videos/UUZr6xfWXPg_00.mp4,UUZr6xfWXPg,accident_time,7.767,116,14.983148129609237,29.967,449,22.2,2,t-bone,unique,test,test,Fine,day,signalized_intersection,Wisconsin,academic-noncommercial; see paper vs kaggle,True,c20da451cf7680553b1c52c2dc312a1c
roadside,ACCIDENT_real,QiRO0xdhcdY_00,real_videos/QiRO0xdhcdY_00.mp4,QiRO0xdhcdY,accident_time,9.067,135,14.949778089231488,29.967,448,20.9,3,sideswipe,unique,dev,test,Fine,day,highway,Wisconsin,academic-noncommercial; see paper vs kaggle,True,ea00300a2d92c0612a417635de884de3
roadside,ACCIDENT_real,lwsVlWv6Oe8_00,real_videos/lwsVlWv6Oe8_00.mp4,lwsVlWv6Oe8,accident_time,3.667,54,14.950221423101254,30.033,449,26.366,2,t-bone,unique,test,test,Fine,day,signalized_intersection,Wisconsin,academic-noncommercial; see paper vs kaggle,True,52ec036ea3a4f7fc46fc43f31d038da2
roadside,ACCIDENT_real,KTGByI3N4G0_00,real_videos/KTGByI3N4G0_00.mp4,KTGByI3N4G0,accident_time,6.1,91,14.966666666666667,30.0,449,23.9,4,single,unique,test,test,Poor,night,highway,Wisconsin,academic-noncommercial; see paper vs kaggle,True,9202ef716ed65f36eed46559a4bec046
roadside,ACCIDENT_real,Y0_pbJCqL6k_00,real_videos/Y0_pbJCqL6k_00.mp4,Y0_pbJCqL6k,accident_time,9.0,65,7.243393682819401,29.958333,217,20.958333,1,rear-end,unique,test,test,Good,day,signalized_intersection,Virginia,academic-noncommercial; see paper vs kaggle,True,25c8116ce19cf814b145345886cc602b
roadside,ACCIDENT_real,0NixrF6Mt00_0_00,real_videos/0NixrF6Mt00_0_00.mp4,0NixrF6Mt00,accident_time,1.1010999999999997,27,24.027698510773583,3.870533,93,2.7694330000000003,2,t-bone,unique,train,train,Fine,day,signalized_intersection,World,academic-noncommercial; see paper vs kaggle,True,39ccc1936564d2a719701856bba23741
roadside,ACCIDENT_real,3Xd6PxEvbNk_11_00,real_videos/3Xd6PxEvbNk_11_00.mp4,3Xd6PxEvbNk,accident_time,5.071733,43,11.695621451719013,8.2082,96,3.1364669999999997,2,t-bone,unique,train,train,Very_Poor,night,signalized_intersection,World,academic-noncommercial; see paper vs kaggle,True,51865e14d0a808330a5da25ad62871e2
roadside,ACCIDENT_real,3Xd6PxEvbNk_2_00,real_videos/3Xd6PxEvbNk_2_00.mp4,3Xd6PxEvbNk,accident_time,5.872533,91,15.895706942110568,12.078733,192,6.2062,2,t-bone,unique,train,train,Very_Poor,day,signalized_intersection,World,academic-noncommercial; see paper vs kaggle,True,3097954188790be637b6690604b15a73
roadside,ACCIDENT_real,3Xd6PxEvbNk_3_00,real_videos/3Xd6PxEvbNk_3_00.mp4,3Xd6PxEvbNk,accident_time,2.168833,52,23.345752459005535,15.548867,363,13.380034,2,t-bone,unique,train,train,Very_Poor,day,signalized_intersection,World,academic-noncommercial; see paper vs kaggle,True,380babee181f02ef7d19918c92bc4f9b
roadside,ACCIDENT_real,3Xd6PxEvbNk_4_00,real_videos/3Xd6PxEvbNk_4_00.mp4,3Xd6PxEvbNk,accident_time,2.869533,58,18.33830441103287,9.542867,175,6.673333999999999,2,t-bone,unique,train,train,Very_Poor,day,signalized_intersection,World,academic-noncommercial; see paper vs kaggle,True,840a676aa4793099d64c842f2b254104
roadside,ACCIDENT_real,3Xd6PxEvbNk_5_00,real_videos/3Xd6PxEvbNk_5_00.mp4,3Xd6PxEvbNk,accident_time,9.542867,216,22.83430854859426,14.7147,336,5.171833000000001,2,t-bone,unique,train,train,Very_Poor,day,signalized_intersection,World,academic-noncommercial; see paper vs kaggle,True,ad92a60d2d50bd01d6b26825413a161d
roadside,ACCIDENT_real,3Xd6PxEvbNk_7_00,real_videos/3Xd6PxEvbNk_7_00.mp4,3Xd6PxEvbNk,accident_time,2.002,45,17.68346595932803,8.7087,154,6.7067000000000005,2,t-bone,unique,train,train,Very_Poor,night,signalized_intersection,World,academic-noncommercial; see paper vs kaggle,True,3214360d5771fa4e68bf72477583eef1
roadside,ACCIDENT_real,3Xd6PxEvbNk_8_00,real_videos/3Xd6PxEvbNk_8_00.mp4,3Xd6PxEvbNk,accident_time,7.841167,156,17.45183606201749,13.580233,237,5.739065999999999,3,sideswipe,unique,train,train,Very_Poor,night,signalized_intersection,World,academic-noncommercial; see paper vs kaggle,True,7baa702c596bd44f2cb177b5f9d78788
roadside,ACCIDENT_real,3Xd6PxEvbNk_9_00,real_videos/3Xd6PxEvbNk_9_00.mp4,3Xd6PxEvbNk,accident_time,5.939267,104,16.31773901408221,15.382033,251,9.442765999999999,2,t-bone,unique,train,train,Very_Poor,night,signalized_intersection,World,academic-noncommercial; see paper vs kaggle,True,c8c9ffd960f4d3585c45c341d7f9ab1e
roadside,ACCIDENT_real,3p_-1RjvCmw_1_00,real_videos/3p_-1RjvCmw_1_00.mp4,3p_-1RjvCmw,accident_time,3.56,70,19.84978540772532,9.32,185,5.76,2,t-bone,unique,train,train,Very_Poor,night,signalized_intersection,World,academic-noncommercial; see paper vs kaggle,True,cdd705bb0ce6ce0cc9665fe48660a400
roadside,ACCIDENT_real,4gFiGGeTp5w_0_00,real_videos/4gFiGGeTp5w_0_00.mp4,4gFiGGeTp5w,accident_time,2.068733,27,12.651282625109209,8.141467,103,6.0727340000000005,1,rear-end,unique,dev,train,Poor,night,signalized_intersection,World,academic-noncommercial; see paper vs kaggle,True,62990242760a53d0412568e513d8ff46
roadside,ACCIDENT_real,4gFiGGeTp5w_2_00,real_videos/4gFiGGeTp5w_2_00.mp4,4gFiGGeTp5w,accident_time,5.939267,177,29.80670474466393,12.245567,365,6.306299999999999,2,t-bone,unique,dev,train,Very_Poor,night,signalized_intersection,World,academic-noncommercial; see paper vs kaggle,True,7373152c6cb1632404193fd9c7d61d33
roadside,ACCIDENT_real,651RQwxB3WA_1_00,real_videos/651RQwxB3WA_1_00.mp4,651RQwxB3WA,accident_time,2.166667,10,4.838709365244557,5.166667,25,3.0000000000000004,2,t-bone,unique,train,train,Very_Poor,day,signalized_intersection,World,academic-noncommercial; see paper vs kaggle,True,dbea13ad2a6e131bf408bf86c13317f0
roadside,ACCIDENT_real,651RQwxB3WA_12_00,real_videos/651RQwxB3WA_12_00.mp4,651RQwxB3WA,accident_time,3.5,18,4.923076923076923,13.0,64,9.5,0,head-on,unique,train,train,Very_Poor,night,city_street,World,academic-noncommercial; see paper vs kaggle,True,2b106075420832694823c2c977359f6d
roadside,ACCIDENT_real,651RQwxB3WA_13_00,real_videos/651RQwxB3WA_13_00.mp4,651RQwxB3WA,accident_time,2.333333,12,5.0,7.0,35,4.666667,1,rear-end,unique,train,train,Very_Poor,day,city_street,World,academic-noncommercial; see paper vs kaggle,True,f25f42b9197e1abab7af69cfeb25d3c9
roadside,ACCIDENT_real,651RQwxB3WA_17_00,real_videos/651RQwxB3WA_17_00.mp4,651RQwxB3WA,accident_time,1.833333,9,5.0,4.0,20,2.166667,2,t-bone,unique,train,train,Very_Poor,day,signalized_intersection,World,academic-noncommercial; see paper vs kaggle,True,1b714be5a8a87ca0c028c864cf12b4fb
roadside,ACCIDENT_real,651RQwxB3WA_2_00,real_videos/651RQwxB3WA_2_00.mp4,651RQwxB3WA,accident_time,4.5,23,5.076922881656812,8.666667,44,4.166667,1,rear-end,unique,train,train,Very_Poor,day,city_street,World,academic-noncommercial; see paper vs kaggle,True,bf17fc4c1b9a90a34868654549231968
roadside,ACCIDENT_real,67eBRe-YfEE_2_00,real_videos/67eBRe-YfEE_2_00.mp4,67eBRe-YfEE,accident_time,1.5014999999999996,40,25.845715103507274,7.273933000000001,188,5.772433000000001,1,rear-end,unique,train,train,Poor,day,city_street,World,academic-noncommercial; see paper vs kaggle,True,b90a1247dcf6bc0aba05a0ac1fdbba2a
roadside,ACCIDENT_real,6mVcTFd5TzI_0_00,real_videos/6mVcTFd5TzI_0_00.mp4,6mVcTFd5TzI,accident_time,2.12,53,25.0,3.88,97,1.7599999999999998,2,t-bone,unique,train,train,Very_Poor,day,signalized_intersection,World,academic-noncommercial; see paper vs kaggle,True,bf78c88a2055d887e69ebe24ad3d599a
roadside,ACCIDENT_real,6mVcTFd5TzI_12_00,real_videos/6mVcTFd5TzI_12_00.mp4,6mVcTFd5TzI,accident_time,1.24,31,18.367346938775512,3.92,72,2.6799999999999997,3,sideswipe,unique,train,train,Very_Poor,night,signalized_intersection,World,academic-noncommercial; see paper vs kaggle,True,9c748a5baec92787ef1800fff12bfab7
roadside,ACCIDENT_real,6mVcTFd5TzI_14_00,real_videos/6mVcTFd5TzI_14_00.mp4,6mVcTFd5TzI,accident_time,3.88,86,23.006134969325156,6.52,150,2.6399999999999997,2,t-bone,unique,train,train,Very_Poor,night,signalized_intersection,World,academic-noncommercial; see paper vs kaggle,True,7cd8e5dc9e1156ccd24b04f60fa3c0f1
roadside,ACCIDENT_real,6mVcTFd5TzI_16_00,real_videos/6mVcTFd5TzI_16_00.mp4,6mVcTFd5TzI,accident_time,2.76,68,24.679487179487182,9.36,231,6.6,1,rear-end,unique,train,train,Very_Poor,night,city_street,World,academic-noncommercial; see paper vs kaggle,True,e26b8e20d272758a2c71cb96fd38dc6d
roadside,ACCIDENT_real,6mVcTFd5TzI_18_00,real_videos/6mVcTFd5TzI_18_00.mp4,6mVcTFd5TzI,accident_time,3.28,81,24.8546511627907,6.88,171,3.6,3,sideswipe,unique,train,train,Very_Poor,day,roundabout,World,academic-noncommercial; see paper vs kaggle,True,eba3a2da4031880d039ddf127f1815ec
roadside,ACCIDENT_real,6mVcTFd5TzI_2_00,real_videos/6mVcTFd5TzI_2_00.mp4,6mVcTFd5TzI,accident_time,2.08,45,22.96511627906977,3.44,79,1.3599999999999999,2,t-bone,unique,train,train,Very_Poor,night,signalized_intersection,World,academic-noncommercial; see paper vs kaggle,True,daa55cfdb59000095f164df49b8f57bb
roadside,ACCIDENT_real,6mVcTFd5TzI_20_00,real_videos/6mVcTFd5TzI_20_00.mp4,6mVcTFd5TzI,accident_time,1.52,37,24.53271028037383,4.28,105,2.7600000000000002,3,sideswipe,unique,train,train,Very_Poor,day,simple_intersection,World,academic-noncommercial; see paper vs kaggle,True,05154b437c422dec596f30a1b194a064
roadside,ACCIDENT_real,6mVcTFd5TzI_22_00,real_videos/6mVcTFd5TzI_22_00.mp4,6mVcTFd5TzI,accident_time,5.76,139,24.342105263157897,7.6,185,1.8399999999999999,2,t-bone,unique,train,train,Very_Poor,day,simple_intersection,World,academic-noncommercial; see paper vs kaggle,True,8b925271dbab27aa848f28b2fbfda1d9
roadside,ACCIDENT_real,6mVcTFd5TzI_23_00,real_videos/6mVcTFd5TzI_23_00.mp4,6mVcTFd5TzI,accident_time,4.56,113,20.95808383233533,6.68,140,2.12,2,t-bone,unique,train,train,Very_Poor,day,signalized_intersection,World,academic-noncommercial; see paper vs kaggle,True,b8517cd8333bd328cde4a80da5bc901a
roadside,ACCIDENT_real,6mVcTFd5TzI_3_00,real_videos/6mVcTFd5TzI_3_00.mp4,6mVcTFd5TzI,accident_time,2.36,51,20.535714285714285,3.36,69,1.0,1,rear-end,unique,train,train,Very_Poor,day,signalized_intersection,World,academic-noncommercial; see paper vs kaggle,True,339b809e24397f805bba095de605e5b6
roadside,ACCIDENT_real,7YEUfIVVk9Y_0_00,real_videos/7YEUfIVVk9Y_0_00.mp4,7YEUfIVVk9Y,accident_time,0.68,16,24.84848484848485,6.6,164,5.92,1,rear-end,unique,train,train,Poor,day,city_street,World,academic-noncommercial; see paper vs kaggle,True,18327776d91a9b95bbb15753e205385e
roadside,ACCIDENT_real,7YEUfIVVk9Y_2_00,real_videos/7YEUfIVVk9Y_2_00.mp4,7YEUfIVVk9Y,accident_time,2.76,69,25.000000000000004,8.719999999999999,218,5.959999999999999,2,t-bone,unique,train,train,Poor,day,signalized_intersection,World,academic-noncommercial; see paper vs kaggle,True,d7fd3d663534990350425395f4b9b863
roadside,ACCIDENT_real,7YEUfIVVk9Y_4_00,real_videos/7YEUfIVVk9Y_4_00.mp4,7YEUfIVVk9Y,accident_time,0.52,13,25.0,4.28,107,3.7600000000000002,2,t-bone,unique,train,train,Poor,night,signalized_intersection,World,academic-noncommercial; see paper vs kaggle,True,97d97b08ace8efa72681788df232b43e
roadside,ACCIDENT_real,7YEUfIVVk9Y_6_00,real_videos/7YEUfIVVk9Y_6_00.mp4,7YEUfIVVk9Y,accident_time,0.56,14,24.77064220183486,4.36,108,3.8000000000000003,2,t-bone,unique,train,train,Poor,day,signalized_intersection,World,academic-noncommercial; see paper vs kaggle,True,bf5a9b465b79da7d966b13697f500475
roadside,ACCIDENT_real,7YEUfIVVk9Y_7_00,real_videos/7YEUfIVVk9Y_7_00.mp4,7YEUfIVVk9Y,accident_time,4.72,95,17.67857142857143,11.2,198,6.4799999999999995,2,t-bone,unique,train,train,Poor,night,simple_intersection,World,academic-noncommercial; see paper vs kaggle,True,d7a79e508c89e97b1673fd914a61b11d
roadside,ACCIDENT_real,9DRFJxKHc6g_2_00,real_videos/9DRFJxKHc6g_2_00.mp4,9DRFJxKHc6g,accident_time,5.138467,123,24.437102299127883,8.675333,212,3.536866,2,t-bone,unique,train,train,Poor,day,signalized_intersection,World,academic-noncommercial; see paper vs kaggle,True,5a54f4dd64cd021437a0b7ad3af93de2
roadside,ACCIDENT_real,9DRFJxKHc6g_3_00,real_videos/9DRFJxKHc6g_3_00.mp4,9DRFJxKHc6g,accident_time,2.936267,64,23.067841249659434,5.5055,127,2.5692329999999997,4,single,unique,train,train,Poor,night,signalized_intersection,World,academic-noncommercial; see paper vs kaggle,True,73dfc5619fab4666c28aebe89dd9c094
roadside,ACCIDENT_real,9DRFJxKHc6g_4_00,real_videos/9DRFJxKHc6g_4_00.mp4,9DRFJxKHc6g,accident_time,6.740067,169,25.080183634265303,12.679333,318,5.939266,0,head-on,unique,train,train,Poor,day,simple_intersection,World,academic-noncommercial; see paper vs kaggle,True,701973bd565b5a181f1682b0d264bae9
roadside,ACCIDENT_real,9DRFJxKHc6g_5_00,real_videos/9DRFJxKHc6g_5_00.mp4,9DRFJxKHc6g,accident_time,10.043367,250,24.370533924674053,15.7157,383,5.672333,2,t-bone,unique,train,train,Poor,night,signalized_intersection,World,academic-noncommercial; see paper vs kaggle,True,18a8c99d537073c5679e61104d32ad98
roadside,ACCIDENT_real,9fKAb-gGLRM_0_00,real_videos/9fKAb-gGLRM_0_00.mp4,9fKAb-gGLRM,accident_time,7.7,161,20.666666666666668,12.0,248,4.3,2,t-bone,unique,train,train,Fine,day,simple_intersection,World,academic-noncommercial; see paper vs kaggle,True,b53de3cf5de51738f359f3692a8c157b
roadside,ACCIDENT_real,9fKAb-gGLRM_1_00,real_videos/9fKAb-gGLRM_1_00.mp4,9fKAb-gGLRM,accident_time,5.0,48,10.298507155268442,11.166667,115,6.166667,4,single,unique,train,train,Fine,day,simple_intersection,World,academic-noncommercial; see paper vs kaggle,True,47840c0a59438667c9c93e0cff479b88
roadside,ACCIDENT_real,AJKLxHzIHYY_13_00,real_videos/AJKLxHzIHYY_13_00.mp4,AJKLxHzIHYY,accident_time,1.08,26,24.603174603174605,2.52,62,1.44,2,t-bone,unique,dev,train,Very_Poor,night,signalized_intersection,World,academic-noncommercial; see paper vs kaggle,True,b10de9c3b782044df50b4a37912c276d
roadside,ACCIDENT_real,AJKLxHzIHYY_15_00,real_videos/AJKLxHzIHYY_15_00.mp4,AJKLxHzIHYY,accident_time,2.56,63,24.239864864864867,11.84,287,9.28,1,rear-end,unique,dev,train,Poor,day,highway,World,academic-noncommercial; see paper vs kaggle,True,4063f5183bc8dbdbbb8e7983ffe6ea3b
roadside,ACCIDENT_real,AJKLxHzIHYY_19_00,real_videos/AJKLxHzIHYY_19_00.mp4,AJKLxHzIHYY,accident_time,1.2,30,22.844827586206897,4.64,106,3.4399999999999995,2,t-bone,unique,dev,train,Poor,day,signalized_intersection,World,academic-noncommercial; see paper vs kaggle,True,85b8d8100436f713957b3350a0b67f41
roadside,ACCIDENT_real,AJKLxHzIHYY_9_00,real_videos/AJKLxHzIHYY_9_00.mp4,AJKLxHzIHYY,accident_time,0.8,20,25.0,5.16,129,4.36,2,t-bone,unique,dev,train,Poor,night,signalized_intersection,World,academic-noncommercial; see paper vs kaggle,True,601652cf83f7f1e5769ab86cf2548c68
roadside,ACCIDENT_real,ALFF5620ljk_1_00,real_videos/ALFF5620ljk_1_00.mp4,ALFF5620ljk,accident_time,9.0,180,20.02865386901587,11.633333,233,2.6333330000000004,2,t-bone,unique,dev,train,Very_Poor,day,signalized_intersection,World,academic-noncommercial; see paper vs kaggle,True,c72e22f4bcaeebfa3026b60e3c62c0c2
roadside,ACCIDENT_real,ALFF5620ljk_10_00,real_videos/ALFF5620ljk_10_00.mp4,ALFF5620ljk,accident_time,7.9,159,20.1440916384988,11.566667,233,3.6666670000000003,2,t-bone,unique,dev,train,Very_Poor,night,signalized_intersection,World,academic-noncommercial; see paper vs kaggle,True,d8af6be9b72927985c6b20443a560310
roadside,ACCIDENT_real,ALFF5620ljk_12_00,real_videos/ALFF5620ljk_12_00.mp4,ALFF5620ljk,accident_time,6.733333,109,15.945945945945946,11.1,177,4.366667,0,head-on,unique,dev,train,Very_Poor,day,signalized_intersection,World,academic-noncommercial; see paper vs kaggle,True,4963300c93b5714428389ce256fb478a
roadside,ACCIDENT_real,ALFF5620ljk_2_00,real_videos/ALFF5620ljk_2_00.mp4,ALFF5620ljk,accident_time,7.3,146,20.05665665561879,11.766667,236,4.466667,2,t-bone,unique,dev,train,Very_Poor,night,signalized_intersection,World,academic-noncommercial; see paper vs kaggle,True,7d981483f0c962396af59423c708c5d4
roadside,ACCIDENT_real,ALFF5620ljk_3_00,real_videos/ALFF5620ljk_3_00.mp4,ALFF5620ljk,accident_time,7.833333,154,19.131737099752606,11.133333,213,3.3000000000000007,2,t-bone,unique,dev,train,Very_Poor,night,signalized_intersection,World,academic-noncommercial; see paper vs kaggle,True,92c3b513c5c1969d139e63e156751d57
roadside,ACCIDENT_real,ALFF5620ljk_5_00,real_videos/ALFF5620ljk_5_00.mp4,ALFF5620ljk,accident_time,11.133333,268,24.587972726325777,14.966667,368,3.833333999999999,2,t-bone,unique,dev,train,Very_Poor,day,signalized_intersection,World,academic-noncommercial; see paper vs kaggle,True,4932c00f9768adf6358ae4cc69d8881e
roadside,ACCIDENT_real,ALFF5620ljk_7_00,real_videos/ALFF5620ljk_7_00.mp4,ALFF5620ljk,accident_time,8.033333,153,19.305136534898384,11.033333,213,3.0,2,t-bone,unique,dev,train,Very_Poor,night,signalized_intersection,World,academic-noncommercial; see paper vs kaggle,True,8696489f95136dd6f2f3d472bb064b8b
roadside,ACCIDENT_real,ALFF5620ljk_8_00,real_videos/ALFF5620ljk_8_00.mp4,ALFF5620ljk,accident_time,8.1,158,19.60563435508829,11.833333,232,3.733333,2,t-bone,unique,dev,train,Poor,day,signalized_intersection,World,academic-noncommercial; see paper vs kaggle,True,17f7eef6c1882e541bc277fa3b20c93a
roadside,ACCIDENT_real,ALFF5620ljk_9_00,real_videos/ALFF5620ljk_9_00.mp4,ALFF5620ljk,accident_time,10.433333,71,8.260869565217392,20.7,171,10.266667,2,t-bone,unique,dev,train,Very_Poor,night,signalized_intersection,World,academic-noncommercial; see paper vs kaggle,True,f32b0e8022d41c861bf308d7527eedfd
roadside,ACCIDENT_real,AuQz_-J2kzc_1_00,real_videos/AuQz_-J2kzc_1_00.mp4,AuQz_-J2kzc,accident_time,1.678134,42,24.165530589236646,7.283101,176,5.604967,4,single,unique,train,train,Poor,night,roundabout,World,academic-noncommercial; see paper vs kaggle,True,fc0d7d5be1ffbcf3e701159354664901
roadside,ACCIDENT_real,AuQz_-J2kzc_14_00,real_videos/AuQz_-J2kzc_14_00.mp4,AuQz_-J2kzc,accident_time,10.001678,297,29.725386162004327,14.364826,427,4.363148000000001,2,t-bone,unique,train,train,Poor,day,signalized_intersection,World,academic-noncommercial; see paper vs kaggle,True,dc212502724996d978b105acb0f77d8d
roadside,ACCIDENT_real,AuQz_-J2kzc_15_00,real_videos/AuQz_-J2kzc_15_00.mp4,AuQz_-J2kzc,accident_time,4.061084,120,28.178761000257474,14.230576,401,10.169491999999998,3,sideswipe,unique,train,train,Very_Poor,night,signalized_intersection,World,academic-noncommercial; see paper vs kaggle,True,63f066dde842c84a97c8b704e88ccb98
roadside,ACCIDENT_real,AuQz_-J2kzc_19_00,real_videos/AuQz_-J2kzc_19_00.mp4,AuQz_-J2kzc,accident_time,3.993959,118,29.66712463159058,7.820104,232,3.826145,4,single,unique,train,train,Poor,night,simple_intersection,World,academic-noncommercial; see paper vs kaggle,True,7b757c5481179695456d64f8912d5681
roadside,ACCIDENT_real,AuQz_-J2kzc_25_00,real_videos/AuQz_-J2kzc_25_00.mp4,AuQz_-J2kzc,accident_time,2.483638,61,21.464161612787702,10.203054,219,7.719416,2,t-bone,unique,train,train,Poor,night,signalized_intersection,World,academic-noncommercial; see paper vs kaggle,True,d4ad2a675c9de4bed7b8697fdf52e802
roadside,ACCIDENT_real,AuQz_-J2kzc_27_00,real_videos/AuQz_-J2kzc_27_00.mp4,AuQz_-J2kzc,accident_time,2.38295,70,29.533642870304185,3.826145,113,1.4431949999999998,3,sideswipe,unique,train,train,Poor,day,roundabout,World,academic-noncommercial; see paper vs kaggle,True,f0892195723591ee6639d165ed8347cc
roadside,ACCIDENT_real,AuQz_-J2kzc_29_00,real_videos/AuQz_-J2kzc_29_00.mp4,AuQz_-J2kzc,accident_time,0.839067,24,29.400366695580317,5.067964,149,4.228897,2,t-bone,unique,train,train,Poor,day,roundabout,World,academic-noncommercial; see paper vs kaggle,True,b7f71cfa02a1bffcaee9554c6858014e
roadside,ACCIDENT_real,AuQz_-J2kzc_5_00,real_videos/AuQz_-J2kzc_5_00.mp4,AuQz_-J2kzc,accident_time,3.557644,49,12.506542945077518,8.155731,102,4.598087,3,sideswipe,unique,train,train,Poor,night,city_street,World,academic-noncommercial; see paper vs kaggle,True,c56955774e45e7bf2450a3dfb81c48f2
roadside,ACCIDENT_real,B3ehIhlZVD8_2_00,real_videos/B3ehIhlZVD8_2_00.mp4,B3ehIhlZVD8,accident_time,6.473133,161,24.60226414189584,11.177833,275,4.7047,2,t-bone,unique,train,train,Good,day,simple_intersection,World,academic-noncommercial; see paper vs kaggle,True,fa346fec8aa54923aae8eee7aecf0ae1
roadside,ACCIDENT_real,BSNh9UoKY54_1_00,real_videos/BSNh9UoKY54_1_00.mp4,BSNh9UoKY54,accident_time,1.2800000000000002,19,15.048543689320388,4.12,62,2.84,2,t-bone,unique,train,train,Fine,night,signalized_intersection,World,academic-noncommercial; see paper vs kaggle,True,63b5fc209f1fdf7366dae6a4f38dffe7
roadside,ACCIDENT_real,BpMHNEa79lo_2_00,real_videos/BpMHNEa79lo_2_00.mp4,BpMHNEa79lo,accident_time,8.3,207,24.98630068530683,12.166667,304,3.8666669999999996,3,sideswipe,unique,train,train,Fine,day,signalized_intersection,World,academic-noncommercial; see paper vs kaggle,True,bbf58c1af9f524ba9effb4e35f21f8d4
roadside,ACCIDENT_real,BpMHNEa79lo_3_00,real_videos/BpMHNEa79lo_3_00.mp4,BpMHNEa79lo,accident_time,5.966667,94,15.977336657865816,11.766667,188,5.8,3,sideswipe,unique,train,train,Good,day,signalized_intersection,World,academic-noncommercial; see paper vs kaggle,True,9381509adda1ed9ecd18c68631b206ce
roadside,ACCIDENT_real,BpMHNEa79lo_4_00,real_videos/BpMHNEa79lo_4_00.mp4,BpMHNEa79lo,accident_time,5.133333,130,25.186568103976423,8.933333,225,3.799999999999999,3,sideswipe,unique,train,train,Good,day,signalized_intersection,World,academic-noncommercial; see paper vs kaggle,True,68094ef96d557bd7877dc56b46d1a58a
roadside,ACCIDENT_real,CkI203kbHQ8_11_00,real_videos/CkI203kbHQ8_11_00.mp4,CkI203kbHQ8,accident_time,0.48,12,17.753623188405797,2.76,49,2.28,1,rear-end,unique,train,train,Poor,day,city_street,World,academic-noncommercial; see paper vs kaggle,True,c85be73f72b875be3418e0538c787f64
roadside,ACCIDENT_real,CkI203kbHQ8_12_00,real_videos/CkI203kbHQ8_12_00.mp4,CkI203kbHQ8,accident_time,6.2,155,25.0,6.96,174,0.7599999999999998,3,sideswipe,unique,train,train,Poor,day,city_street,World,academic-noncommercial; see paper vs kaggle,True,b60d0825c047d5474c5c8408a79d8ddd
roadside,ACCIDENT_real,CkI203kbHQ8_29_00,real_videos/CkI203kbHQ8_29_00.mp4,CkI203kbHQ8,accident_time,4.92,66,13.612565445026178,7.64,104,2.7199999999999998,1,rear-end,unique,train,train,Very_Poor,day,city_street,World,academic-noncommercial; see paper vs kaggle,True,6b045c766bfe416220db242e5a005d8e
roadside,ACCIDENT_real,CkI203kbHQ8_32_00,real_videos/CkI203kbHQ8_32_00.mp4,CkI203kbHQ8,accident_time,0.56,14,23.972602739726028,2.92,70,2.36,2,t-bone,unique,train,train,Fine,day,parking_lot,World,academic-noncommercial; see paper vs kaggle,True,3c4442cd10ce8c188abe1329956234d1
roadside,ACCIDENT_real,CkI203kbHQ8_5_00,real_videos/CkI203kbHQ8_5_00.mp4,CkI203kbHQ8,accident_time,4.0,85,19.246031746031747,5.04,97,1.04,1,rear-end,unique,train,train,Very_Poor,night,parking_lot,World,academic-noncommercial; see paper vs kaggle,True,a75d2faec6034b90cebfc63cafdd31b9
roadside,ACCIDENT_real,CnsDyfXdf8s_0_00,real_videos/CnsDyfXdf8s_0_00.mp4,CnsDyfXdf8s,accident_time,8.541867,138,15.764236079205515,16.683333,263,8.141466000000001,2,t-bone,unique,train,train,Good,day,signalized_intersection,World,academic-noncommercial; see paper vs kaggle,True,425c165cd3285d4de7e8d4c628664292
roadside,ACCIDENT_real,CnsDyfXdf8s_1_00,real_videos/CnsDyfXdf8s_1_00.mp4,CnsDyfXdf8s,accident_time,4.871533,122,23.064820617272975,14.047367,324,9.175833999999998,2,t-bone,unique,train,train,Fine,day,simple_intersection,World,academic-noncommercial; see paper vs kaggle,True,5152fe6414c7b0fe383bab736e0e9dee
roadside,ACCIDENT_real,D1eP4Bn4hDQ_0_00,real_videos/D1eP4Bn4hDQ_0_00.mp4,D1eP4Bn4hDQ,accident_time,5.083333,121,20.859813474015205,17.833333,372,12.75,2,t-bone,unique,train,train,Good,day,signalized_intersection,World,academic-noncommercial; see paper vs kaggle,True,29fefb89d41f882f95a8ff57f7c3d2ac
roadside,ACCIDENT_real,D2AHpCitweI_0_00,real_videos/D2AHpCitweI_0_00.mp4,D2AHpCitweI,accident_time,1.743017,39,21.51140379181672,6.368715,137,4.625698,2,t-bone,unique,train,train,Good,day,signalized_intersection,World,academic-noncommercial; see paper vs kaggle,True,63c863e91badc8126ee1f2626e22597d
roadside,ACCIDENT_real,EN-JKUXkwPQ_2_00,real_videos/EN-JKUXkwPQ_2_00.mp4,EN-JKUXkwPQ,accident_time,2.04,51,25.0,5.0,125,2.96,3,sideswipe,unique,train,train,Poor,day,signalized_intersection,World,academic-noncommercial; see paper vs kaggle,True,7fc9778c2b0d490f940677966aff9c93
roadside,ACCIDENT_real,EN-JKUXkwPQ_4_00,real_videos/EN-JKUXkwPQ_4_00.mp4,EN-JKUXkwPQ,accident_time,2.28,56,24.76190476190476,4.2,104,1.9200000000000004,2,t-bone,unique,train,train,Poor,day,signalized_intersection,World,academic-noncommercial; see paper vs kaggle,True,ae62994f1bf37ab82bd037a0a180ef1f
roadside,ACCIDENT_real,EN-JKUXkwPQ_6_00,real_videos/EN-JKUXkwPQ_6_00.mp4,EN-JKUXkwPQ,accident_time,3.32,67,22.802197802197803,7.28,166,3.9600000000000004,2,t-bone,unique,train,train,Very_Poor,day,signalized_intersection,World,academic-noncommercial; see paper vs kaggle,True,ea18735fe20752fe867a704dcfacca23
roadside,ACCIDENT_real,EN-JKUXkwPQ_7_00,real_videos/EN-JKUXkwPQ_7_00.mp4,EN-JKUXkwPQ,accident_time,3.96,99,24.41860465116279,8.6,210,4.64,2,t-bone,unique,train,train,Poor,night,signalized_intersection,World,academic-noncommercial; see paper vs kaggle,True,0ce43c1c6380ced45d4c59f110507e02
roadside,ACCIDENT_real,rNaMkFBhxmI_00,real_videos/rNaMkFBhxmI_00.mp4,rNaMkFBhxmI,accident_time,1.333333,19,12.233983559531667,29.916666,366,28.583333,4,single,unique,train,test,Fine,night,highway,Virginia,academic-noncommercial; see paper vs kaggle,True,013e55ec1512f878d6e7d1c6ea4ec376
roadside,ACCIDENT_real,7_GBBO6jreo_00,real_videos/7_GBBO6jreo_00.mp4,7_GBBO6jreo,accident_time,6.200000000000001,125,25.08988286233425,25.866999999999997,649,19.666999999999994,0,head-on,unique,test,train,Good,night,highway,World,academic-noncommercial; see paper vs kaggle,True,946fda178fb876f017621cac8983e674
roadside,ACCIDENT_real,Bv1O4yUKzEo_00,real_videos/Bv1O4yUKzEo_00.mp4,Bv1O4yUKzEo,accident_time,4.767,142,29.937864808887216,15.933,477,11.166,4,single,unique,test,train,Very_Poor,night,highway,World,academic-noncommercial; see paper vs kaggle,True,75b9aed58b1c077688373a0a58f887d8
roadside,ACCIDENT_real,kj23OkxXMfU_00,real_videos/kj23OkxXMfU_00.mp4,kj23OkxXMfU,accident_time,7.25,109,14.969704170131877,8.417,126,1.1669999999999998,4,single,unique,test,test,Poor,night,grade_separated_intersection,Tennessee,academic-noncommercial; see paper vs kaggle,True,05b01645b2ab45a30856efe4eb842fac
roadside,ACCIDENT_real,XqNrTjSsGrg_00,real_videos/XqNrTjSsGrg_00.mp4,XqNrTjSsGrg,accident_time,3.933,117,29.69998492386552,6.633,197,2.7,1,rear-end,unique,dev,test,Poor,day,highway,Alabama,academic-noncommercial; see paper vs kaggle,True,ebf69f2328dd73cc849344106f9f5963
roadside,ACCIDENT_real,eTF4L0hxKtI_00,real_videos/eTF4L0hxKtI_00.mp4,eTF4L0hxKtI,accident_time,11.0,165,14.954269310367849,29.958,448,18.958,0,head-on,unique,test,test,Fine,night,highway,Alabama,academic-noncommercial; see paper vs kaggle,True,ba0a8cea0d53443cbbc0a30999f95d4e
roadside,ACCIDENT_real,NcksItQU_i0_00,real_videos/NcksItQU_i0_00.mp4,NcksItQU_i0,accident_time,3.375,30,8.172043010752688,23.25,190,19.875,1,rear-end,unique,test,test,Poor,day,highway,Arkansas,academic-noncommercial; see paper vs kaggle,True,cd5b7fdd5f399a8170433ae758530849
roadside,ACCIDENT_real,Rnip1LReTsg_00,real_videos/Rnip1LReTsg_00.mp4,Rnip1LReTsg,accident_time,9.583,191,19.994659189532012,29.958,599,20.375,1,rear-end,unique,test,test,Fine,night,highway,Arkansas,academic-noncommercial; see paper vs kaggle,True,a2cf5a6a5e77a6f2d01ad349d1bb66a2
roadside,ACCIDENT_real,H7tS58aI1rM_00,real_videos/H7tS58aI1rM_00.mp4,H7tS58aI1rM,accident_time,5.125,73,14.172544038506533,29.917,424,24.792,2,t-bone,unique,test,test,Very_Poor,night,signalized_intersection,Virginia,academic-noncommercial; see paper vs kaggle,True,065bc209af22f3086a6ca6cfd1e88ef9
roadside,ACCIDENT_real,rAqvr6D_CwU_00,real_videos/rAqvr6D_CwU_00.mp4,rAqvr6D_CwU,accident_time,20.0,300,15.016648335367904,30.033333000000002,451,10.033333000000002,1,rear-end,unique,dev,test,Good,day,highway,Georgia,academic-noncommercial; see paper vs kaggle,True,74b67f72897e9eafdaafc24b7b845208
roadside,ACCIDENT_real,a5AAO2Kcnhg_00,real_videos/a5AAO2Kcnhg_00.mp4,a5AAO2Kcnhg,accident_time,17.958,269,14.987649375792778,29.958,449,12.0,0,head-on,unique,test,test,Very_Poor,night,highway,Georgia,academic-noncommercial; see paper vs kaggle,True,2676f6748b7e1cc19525afa26c9abf02
roadside,ACCIDENT_real,AdbmoLPWCUo_00,real_videos/AdbmoLPWCUo_00.mp4,AdbmoLPWCUo,accident_time,3.1,93,29.99823539791777,5.667,170,2.5669999999999997,2,t-bone,unique,test,test,Fine,day,signalized_intersection,Minnesota,academic-noncommercial; see paper vs kaggle,True,cabdaa00e0db4df9541842414a521d16
roadside,ACCIDENT_real,g-JnlWPEZd4_00,real_videos/g-JnlWPEZd4_00.mp4,g-JnlWPEZd4,accident_time,7.367,221,30.0,30.0,900,22.633,0,head-on,unique,test,train,Fine,night,highway,World,academic-noncommercial; see paper vs kaggle,True,cee67659a56c2afff02d4c8a8770f3a3
roadside,ACCIDENT_real,jBZOG3jhKp4_00,real_videos/jBZOG3jhKp4_00.mp4,jBZOG3jhKp4,accident_time,3.041667,37,11.95959595959596,12.375,148,9.333333,4,single,unique,test,test,Very_Poor,night,highway,Virginia,academic-noncommercial; see paper vs kaggle,True,9153fd815f144e80040a6bcc61907677
roadside,ACCIDENT_real,aQRTpyTLTV0_00,real_videos/aQRTpyTLTV0_00.mp4,aQRTpyTLTV0,accident_time,5.417,81,14.987649375792778,29.958,449,24.540999999999997,4,single,unique,test,test,Very_Poor,day,grade_separated_intersection,Virginia,academic-noncommercial; see paper vs kaggle,True,49ee8fc7dcce6f8eca6577c3dd72adf8
roadside,ACCIDENT_real,AJjnEMemjDk_00,real_videos/AJjnEMemjDk_00.mp4,AJjnEMemjDk,accident_time,4.459,67,15.009230275302995,12.459,187,8.0,4,single,unique,test,test,Poor,day,highway,Tennessee,academic-noncommercial; see paper vs kaggle,True,afed727fa70f6dec7090f7603ca26fb9
roadside,ACCIDENT_real,YQG_FvZM9pg_00,real_videos/YQG_FvZM9pg_00.mp4,YQG_FvZM9pg,accident_time,6.375,97,15.074380165289256,15.125,228,8.75,1,rear-end,unique,test,test,Poor,day,highway,Virginia,academic-noncommercial; see paper vs kaggle,True,4f4e45fb12793d0bee0509a3419d7da7
roadside,ACCIDENT_real,PNXLwYc7TFo_00,real_videos/PNXLwYc7TFo_00.mp4,PNXLwYc7TFo,accident_time,6.867,103,14.967137372291273,15.367,230,8.5,1,rear-end,unique,dev,test,Poor,night,highway,Alabama,academic-noncommercial; see paper vs kaggle,True,2ed602d9a467c688df8d52393c52de4d
roadside,ACCIDENT_real,qRIoLYMJVcs_00,real_videos/qRIoLYMJVcs_00.mp4,qRIoLYMJVcs,accident_time,11.875,84,15.288069964617131,29.958,458,18.083,4,single,unique,test,test,Very_Poor,night,highway,Arkansas,academic-noncommercial; see paper vs kaggle,True,aa321ebef4bb9523e0307981cecc9637
roadside,ACCIDENT_real,xKSqovMmBhw_00,real_videos/xKSqovMmBhw_00.mp4,xKSqovMmBhw,accident_time,19.0,149,10.122607155981692,29.933,303,10.933,1,rear-end,unique,test,test,Very_Poor,night,highway,Alabama,academic-noncommercial; see paper vs kaggle,True,e774ed2a78b900ca5bab133ac9c70271
roadside,ACCIDENT_real,GnpwLP2THmM_0_00,real_videos/GnpwLP2THmM_0_00.mp4,GnpwLP2THmM,accident_time,2.002,60,29.970032551072425,3.870533,116,1.8685330000000002,2,t-bone,unique,dev,train,Very_Poor,day,signalized_intersection,World,academic-noncommercial; see paper vs kaggle,True,58a540d2e71c86a9b5090b417fcca5c9
roadside,ACCIDENT_real,GnpwLP2THmM_1_00,real_videos/GnpwLP2THmM_1_00.mp4,GnpwLP2THmM,accident_time,2.9029,87,29.970029970029973,7.007,210,4.1041,2,t-bone,unique,dev,train,Very_Poor,day,signalized_intersection,World,academic-noncommercial; see paper vs kaggle,True,4bee8ddc8e33e93ae89ade816d21c30e
roadside,ACCIDENT_real,GnpwLP2THmM_10_00,real_videos/GnpwLP2THmM_10_00.mp4,GnpwLP2THmM,accident_time,1.1011,32,29.785029785029785,5.4054,161,4.3043000000000005,2,t-bone,unique,dev,train,Poor,day,signalized_intersection,World,academic-noncommercial; see paper vs kaggle,True,c53a6ed555dd886d2f76e02986be7e71
roadside,ACCIDENT_real,GnpwLP2THmM_2_00,real_videos/GnpwLP2THmM_2_00.mp4,GnpwLP2THmM,accident_time,1.3013,38,29.78034811899165,5.271933,157,3.970633,2,t-bone,unique,dev,train,Very_Poor,night,signalized_intersection,World,academic-noncommercial; see paper vs kaggle,True,8af699c11fabeabf3e2f13e96aadf04a
roadside,ACCIDENT_real,GnpwLP2THmM_3_00,real_videos/GnpwLP2THmM_3_00.mp4,GnpwLP2THmM,accident_time,2.035367,61,29.970031489831563,6.573233,197,4.537866,2,t-bone,unique,dev,train,Poor,day,signalized_intersection,World,academic-noncommercial; see paper vs kaggle,True,43aa5bb900795ee3f40baa68581ffb69
roadside,ACCIDENT_real,GnpwLP2THmM_4_00,real_videos/GnpwLP2THmM_4_00.mp4,GnpwLP2THmM,accident_time,2.002,59,29.80714775403142,6.139467,183,4.137467,2,t-bone,unique,dev,train,Poor,day,signalized_intersection,World,academic-noncommercial; see paper vs kaggle,True,01dab47d92210cb38269160e07c985d4
roadside,ACCIDENT_real,GnpwLP2THmM_5_00,real_videos/GnpwLP2THmM_5_00.mp4,GnpwLP2THmM,accident_time,2.2022,34,15.681994247844509,2.869533,45,0.6673330000000002,2,t-bone,unique,dev,train,Poor,day,signalized_intersection,World,academic-noncommercial; see paper vs kaggle,True,d80d4930d5bc906dfa28b13e845493bb
roadside,ACCIDENT_real,GnpwLP2THmM_6_00,real_videos/GnpwLP2THmM_6_00.mp4,GnpwLP2THmM,accident_time,1.368033,40,29.7947666368719,5.7057,170,4.337667,2,t-bone,unique,dev,train,Very_Poor,day,signalized_intersection,World,academic-noncommercial; see paper vs kaggle,True,ae493f32a3f49e0e7734055e35481421
roadside,ACCIDENT_real,GnpwLP2THmM_7_00,real_videos/GnpwLP2THmM_7_00.mp4,GnpwLP2THmM,accident_time,1.668333,49,29.732172589315446,4.2042,125,2.535867,2,t-bone,unique,dev,train,Very_Poor,night,signalized_intersection,World,academic-noncommercial; see paper vs kaggle,True,bf9a99a44f215a63e757645dc29a6536
roadside,ACCIDENT_real,GnpwLP2THmM_9_00,real_videos/GnpwLP2THmM_9_00.mp4,GnpwLP2THmM,accident_time,2.435767,73,29.97002864524729,7.540867,226,5.1051,2,t-bone,unique,dev,train,Poor,day,signalized_intersection,World,academic-noncommercial; see paper vs kaggle,True,8f54e2df575c1b241c51e676dc14b18f
roadside,ACCIDENT_real,HD6QGx9d8ow_0_00,real_videos/HD6QGx9d8ow_0_00.mp4,HD6QGx9d8ow,accident_time,2.335667,69,29.831917859471503,7.240567,216,4.9049000000000005,1,rear-end,unique,train,train,Poor,day,signalized_intersection,World,academic-noncommercial; see paper vs kaggle,True,7dafa06bc5b2b1c9ba0773e8cd36db25
roadside,ACCIDENT_real,HD6QGx9d8ow_1_00,real_videos/HD6QGx9d8ow_1_00.mp4,HD6QGx9d8ow,accident_time,3.036367,90,29.833180518112027,7.3073,218,4.270932999999999,1,rear-end,unique,train,train,Very_Poor,day,signalized_intersection,World,academic-noncommercial; see paper vs kaggle,True,b2582c25d45e874536500ac782cac44e
roadside,ACCIDENT_real,xDNd4r5dECc_00,real_videos/xDNd4r5dECc_00.mp4,xDNd4r5dECc,accident_time,9.083,136,14.987649375792778,29.958,449,20.875,1,rear-end,unique,test,test,Poor,day,highway,Georgia,academic-noncommercial; see paper vs kaggle,True,c6d5d9892c2e48376616551c19e58a41
roadside,ACCIDENT_real,K98k1MB8rps_00,real_videos/K98k1MB8rps_00.mp4,K98k1MB8rps,accident_time,4.133,123,29.902575479888103,10.367,310,6.234000000000001,4,single,unique,test,test,Poor,night,grade_separated_intersection,Minnesota,academic-noncommercial; see paper vs kaggle,True,e0c7087a89f5ab97837487540708f6a0
roadside,ACCIDENT_real,EWacZjLgE18_00,real_videos/EWacZjLgE18_00.mp4,EWacZjLgE18,accident_time,3.75,56,15.008189323795834,29.917,449,26.167,1,rear-end,unique,test,test,Poor,day,highway,Virginia,academic-noncommercial; see paper vs kaggle,True,b5ae058cd8c48f8bdb4ed2be96e6a56a
roadside,ACCIDENT_real,7NMgRqMghNs_00,real_videos/7NMgRqMghNs_00.mp4,7NMgRqMghNs,accident_time,11.273,170,15.008117847384469,25.253,379,13.98,3,sideswipe,unique,test,test,Very_Poor,night,highway,Virginia,academic-noncommercial; see paper vs kaggle,True,1f21ed6a632397af4340476d31022159
roadside,ACCIDENT_real,SBIUNqe_XTk_00,real_videos/SBIUNqe_XTk_00.mp4,SBIUNqe_XTk,accident_time,5.467,83,14.950111048496701,30.167,451,24.700000000000003,4,single,unique,train,test,Poor,night,grade_separated_intersection,Alabama,academic-noncommercial; see paper vs kaggle,True,48a10ef8013f95f98a4e05f65e3d10ab
roadside,ACCIDENT_real,oYaZpc8SL9c_00,real_videos/oYaZpc8SL9c_00.mp4,oYaZpc8SL9c,accident_time,2.125,32,8.912477468455839,29.958,267,27.833,2,t-bone,unique,test,test,Fine,night,signalized_intersection,Alabama,academic-noncommercial; see paper vs kaggle,True,3db289a26ada5898a627bf72879ef666
roadside,ACCIDENT_real,JZcTEwl1Od4_00,real_videos/JZcTEwl1Od4_00.mp4,JZcTEwl1Od4,accident_time,6.933,205,27.930723796175794,29.967,837,23.034,2,t-bone,unique,test,test,Poor,day,signalized_intersection,Alabama,academic-noncommercial; see paper vs kaggle,True,f9ea0842d46e71be1ca68139513c0788
roadside,ACCIDENT_real,-RE3XseZINA_00,real_videos/-RE3XseZINA_00.mp4,-RE3XseZINA,accident_time,22.958,297,13.118365711996796,29.958,393,7.0,1,rear-end,unique,train,test,Good,night,highway,Alabama,academic-noncommercial; see paper vs kaggle,True,8723ce179bf4c33d7f617fc7bc7eec99
roadside,ACCIDENT_real,eSs-IaQJQtc_00,real_videos/eSs-IaQJQtc_00.mp4,eSs-IaQJQtc,accident_time,10.267,294,29.332265492041248,29.967,879,19.7,1,rear-end,unique,test,test,Very_Poor,night,highway,Alabama,academic-noncommercial; see paper vs kaggle,True,ade4b01c394c3265fef685ecb71285f7
roadside,ACCIDENT_real,v-XEgdEkmEk_00,real_videos/v-XEgdEkmEk_00.mp4,v-XEgdEkmEk,accident_time,6.792,101,14.974763512384262,29.917,448,23.125,0,head-on,unique,test,test,Poor,day,highway,Alabama,academic-noncommercial; see paper vs kaggle,True,90902c1cec63692f4c70c88a8e981c01
roadside,ACCIDENT_real,I2syQkUAm0g_00,real_videos/I2syQkUAm0g_00.mp4,I2syQkUAm0g,accident_time,7.867,117,14.983148129609237,29.967,449,22.099999999999998,1,rear-end,unique,test,test,Fine,night,signalized_intersection,Alabama,academic-noncommercial; see paper vs kaggle,True,bd6ff186f31fd5c430dc26e20be205be
roadside,ACCIDENT_real,cTv27dfHJKM_00,real_videos/cTv27dfHJKM_00.mp4,cTv27dfHJKM,accident_time,2.292,34,15.087789572067562,29.958,452,27.665999999999997,3,sideswipe,unique,test,test,Poor,day,highway,Alabama,academic-noncommercial; see paper vs kaggle,True,923db9fda1bf1c1f99337072a0b52e87
roadside,ACCIDENT_real,ngcjihGL0zg_00,real_videos/ngcjihGL0zg_00.mp4,ngcjihGL0zg,accident_time,2.458,37,14.971428571428572,8.75,131,6.292,4,single,unique,test,test,Very_Poor,night,highway,Alabama,academic-noncommercial; see paper vs kaggle,True,3be1eceaf854bb00b32ae42c8c07ebcf
roadside,ACCIDENT_real,_lcVYPMK8RY_00,real_videos/_lcVYPMK8RY_00.mp4,_lcVYPMK8RY,accident_time,14.5,138,9.468982442303078,16.791667,159,2.2916670000000003,2,t-bone,unique,test,test,Poor,night,signalized_intersection,Alabama,academic-noncommercial; see paper vs kaggle,True,f8129477c45983e9f026441236d07805
roadside,ACCIDENT_real,3Si9WUEcmK8_00,real_videos/3Si9WUEcmK8_00.mp4,3Si9WUEcmK8,accident_time,2.792,41,13.224489795918368,6.125,81,3.333,4,single,unique,test,test,Very_Poor,night,grade_separated_intersection,Alabama,academic-noncommercial; see paper vs kaggle,True,34f47862500531634c1097845b69e385
roadside,ACCIDENT_real,OoflvRjRL_Q_00,real_videos/OoflvRjRL_Q_00.mp4,OoflvRjRL_Q,accident_time,3.375,50,14.97946363856004,12.417,186,9.042,2,t-bone,unique,test,test,Poor,day,signalized_intersection,Alabama,academic-noncommercial; see paper vs kaggle,True,1e6cb586daeb9075e35135ccf00a1387
roadside,ACCIDENT_real,69UT4E3LoAc_00,real_videos/69UT4E3LoAc_00.mp4,69UT4E3LoAc,accident_time,8.767,131,14.983148129609237,29.967,449,21.2,2,t-bone,unique,test,test,Good,day,signalized_intersection,Alabama,academic-noncommercial; see paper vs kaggle,True,72868f6b4bf010facd389f9b8d2842c0
roadside,ACCIDENT_real,LtBosyZywWw_00,real_videos/LtBosyZywWw_00.mp4,LtBosyZywWw,accident_time,3.583,53,14.809917355371901,15.125,224,11.542,2,t-bone,unique,test,test,Fine,night,signalized_intersection,Alabama,academic-noncommercial; see paper vs kaggle,True,b8cf8f422187a7714e779263d5358123
roadside,ACCIDENT_real,eUAbFjZa1MI_00,real_videos/eUAbFjZa1MI_00.mp4,eUAbFjZa1MI,accident_time,3.125,47,15.0,30.0,450,26.875,2,t-bone,unique,test,test,Fine,night,signalized_intersection,Alabama,academic-noncommercial; see paper vs kaggle,True,edba5e09c0088ac7b107b3783e42edca
roadside,ACCIDENT_real,TAx0an0Jo84_00,real_videos/TAx0an0Jo84_00.mp4,TAx0an0Jo84,accident_time,5.333,80,15.054409506642633,29.958,451,24.625,4,single,unique,train,test,Fine,day,highway,Alabama,academic-noncommercial; see paper vs kaggle,True,15e54b0bd5d8296789f600d3f4eff532
roadside,ACCIDENT_real,29O6I-sITyw_00,real_videos/29O6I-sITyw_00.mp4,29O6I-sITyw,accident_time,4.417,66,14.974763512384262,29.917,448,25.5,4,single,unique,train,test,Poor,day,highway,Alabama,academic-noncommercial; see paper vs kaggle,True,68f0e2874ffcd758cb6e4dc1672e96f6
roadside,ACCIDENT_real,I2qAsVRZSkc_00,real_videos/I2qAsVRZSkc_00.mp4,I2qAsVRZSkc,accident_time,7.933,237,29.966296259218474,29.967,898,22.034,4,single,unique,dev,test,Poor,night,highway,Alabama,academic-noncommercial; see paper vs kaggle,True,d39338dc8e19fcbefb86538aaa79cd69
roadside,ACCIDENT_real,EYPYs2UKPmE_00,real_videos/EYPYs2UKPmE_00.mp4,EYPYs2UKPmE,accident_time,2.208,33,15.005315234279173,24.458,367,22.25,2,t-bone,unique,test,test,Very_Poor,night,highway,Alabama,academic-noncommercial; see paper vs kaggle,True,4ae5c969c05de37a9406d7722125cfa1
roadside,ACCIDENT_real,LsXzcdBISgw_00,real_videos/LsXzcdBISgw_00.mp4,LsXzcdBISgw,accident_time,7.458,104,10.481340543427466,29.958,314,22.5,3,sideswipe,unique,train,test,Fine,night,highway,Alabama,academic-noncommercial; see paper vs kaggle,True,7d22afe0b2d2f0ebcd5b0559a95e4794
roadside,ACCIDENT_real,udz8ku0RP6Q_00,real_videos/udz8ku0RP6Q_00.mp4,udz8ku0RP6Q,accident_time,6.6,98,14.966666666666667,30.0,449,23.4,4,single,unique,test,test,Very_Poor,day,highway,Virginia,academic-noncommercial; see paper vs kaggle,True,4fd001d5da5648a2a1f9d155de680ae2
roadside,ACCIDENT_real,QUvymz7GOQc_00,real_videos/QUvymz7GOQc_00.mp4,QUvymz7GOQc,accident_time,4.125,33,7.988768927365712,29.917,239,25.792,3,sideswipe,unique,test,test,Good,day,highway,Arkansas,academic-noncommercial; see paper vs kaggle,True,e17614e5d060c769a7823edd611990f9
roadside,ACCIDENT_real,bEwsn-J8API_00,real_videos/bEwsn-J8API_00.mp4,bEwsn-J8API,accident_time,4.542,36,8.022194738777284,29.917,240,25.375,1,rear-end,unique,test,test,Fine,day,highway,Arkansas,academic-noncommercial; see paper vs kaggle,True,6125b352f58110dd4e7b7402a2c4052d
roadside,ACCIDENT_real,TDlmnB9JOHk_00,real_videos/TDlmnB9JOHk_00.mp4,TDlmnB9JOHk,accident_time,8.917,53,5.983220242671391,29.917,179,21.0,3,sideswipe,unique,test,test,Fine,day,highway,Arkansas,academic-noncommercial; see paper vs kaggle,True,c7decaed332203f1024b4f0acc416d1d
roadside,ACCIDENT_real,Tk2ebvISDlk_00,real_videos/Tk2ebvISDlk_00.mp4,Tk2ebvISDlk,accident_time,1.625,13,8.0,22.875,183,21.25,1,rear-end,unique,test,test,Poor,day,highway,Arkansas,academic-noncommercial; see paper vs kaggle,True,a12536e833965dffa772f2674d879c7d
roadside,ACCIDENT_real,oqzyCtlqYUw_00,real_videos/oqzyCtlqYUw_00.mp4,oqzyCtlqYUw,accident_time,6.708,54,8.122472173012,29.917,243,23.209000000000003,1,rear-end,unique,test,test,Fine,day,highway,Arkansas,academic-noncommercial; see paper vs kaggle,True,dc6a6c2bdfb449546c45ec4eaaac2e4f
roadside,ACCIDENT_real,VbJ0P0Ranrw_00,real_videos/VbJ0P0Ranrw_00.mp4,VbJ0P0Ranrw,accident_time,0.625,5,8.024511234315728,13.707999999999998,110,13.082999999999998,3,sideswipe,unique,test,test,Poor,day,highway,Arkansas,academic-noncommercial; see paper vs kaggle,True,510b498920a8ebed611172106a5cac5c
roadside,ACCIDENT_real,yzNEliTlFGk_00,real_videos/yzNEliTlFGk_00.mp4,yzNEliTlFGk,accident_time,6.375,51,8.0,29.875,239,23.5,1,rear-end,unique,test,test,Very_Poor,night,highway,Arkansas,academic-noncommercial; see paper vs kaggle,True,cea12295bd5ba12b985512ddc2ce0aaf
roadside,ACCIDENT_real,x9KDw9QoeKs_00,real_videos/x9KDw9QoeKs_00.mp4,x9KDw9QoeKs,accident_time,6.042,48,7.968127490039841,10.542,84,4.5,4,single,unique,test,test,Very_Poor,night,highway,Arkansas,academic-noncommercial; see paper vs kaggle,True,fa39ecec643f2baafbcba7abaa0f6479
roadside,ACCIDENT_real,F810q1TVR94_00,real_videos/F810q1TVR94_00.mp4,F810q1TVR94,accident_time,16.583333,135,8.111265736982094,29.958333,243,13.375,4,single,unique,test,test,Fine,day,highway,Arkansas,academic-noncommercial; see paper vs kaggle,True,c46497ac2dc1450703eb3858f1e187a0
roadside,ACCIDENT_real,CfyyqTRMA6A_00,real_videos/CfyyqTRMA6A_00.mp4,CfyyqTRMA6A,accident_time,4.708333,37,7.951367974501349,13.708333,109,9.0,4,single,unique,test,test,Fine,day,highway,Arkansas,academic-noncommercial; see paper vs kaggle,True,2540ef47e9bf63746d0561d1b3c17511
roadside,ACCIDENT_real,nzxBMPZE-Ow_00,real_videos/nzxBMPZE-Ow_00.mp4,nzxBMPZE-Ow,accident_time,5.833,48,8.413501826836054,29.833,251,24.0,4,single,unique,test,test,Good,day,highway,Arkansas,academic-noncommercial; see paper vs kaggle,True,ad5379fb410e4289e24fbd5b0061f906
roadside,ACCIDENT_real,Z0GQkjeJ28s_00,real_videos/Z0GQkjeJ28s_00.mp4,Z0GQkjeJ28s,accident_time,4.333333,34,7.977746959418603,29.958333,239,25.625,2,t-bone,unique,test,test,Good,day,signalized_intersection,Arkansas,academic-noncommercial; see paper vs kaggle,True,1954a01a87e70710dddf43940d7f1134
roadside,ACCIDENT_real,Xu_5PuNK6Mc_00,real_videos/Xu_5PuNK6Mc_00.mp4,Xu_5PuNK6Mc,accident_time,2.75,22,8.0,29.875,239,27.125,4,single,unique,test,test,Fine,day,highway,Arkansas,academic-noncommercial; see paper vs kaggle,True,2d1a87d627b4dd608252b1eb2ca9014a
roadside,ACCIDENT_real,Aq_-v8khHjQ_00,real_videos/Aq_-v8khHjQ_00.mp4,Aq_-v8khHjQ,accident_time,9.083333,54,5.981981981981982,27.75,166,18.666667,1,rear-end,unique,test,test,Good,day,highway,Arkansas,academic-noncommercial; see paper vs kaggle,True,9ab519377edef18daa581405fdfbacdd
roadside,ACCIDENT_real,jCoAyWsIyv8_00,real_videos/jCoAyWsIyv8_00.mp4,jCoAyWsIyv8,accident_time,6.875,55,8.0,29.875,239,23.0,4,single,unique,test,test,Fine,day,highway,Arkansas,academic-noncommercial; see paper vs kaggle,True,ca930bcd50f1b934ce923dd7d91c0e0b
roadside,ACCIDENT_real,BdL1TIuXeuY_00,real_videos/BdL1TIuXeuY_00.mp4,BdL1TIuXeuY,accident_time,6.375,51,8.0,29.875,239,23.5,3,sideswipe,unique,test,test,Poor,day,highway,Arkansas,academic-noncommercial; see paper vs kaggle,True,060e71f4f8fcf0535f0638397543566f
roadside,ACCIDENT_real,P1CKuvV6ma4_00,real_videos/P1CKuvV6ma4_00.mp4,P1CKuvV6ma4,accident_time,4.082999999999998,61,15.1,10.0,151,5.917000000000002,3,sideswipe,unique,test,test,Poor,night,highway,Virginia,academic-noncommercial; see paper vs kaggle,True,8529a274e9b1d2af595be69ef30884b0
roadside,ACCIDENT_real,MLNUAH0Nc5w_00,real_videos/MLNUAH0Nc5w_00.mp4,MLNUAH0Nc5w,accident_time,5.542,56,9.947259496628615,29.958,298,24.415999999999997,2,t-bone,unique,test,test,Poor,night,signalized_intersection,Virginia,academic-noncommercial; see paper vs kaggle,True,a814e56073c19232c6ef042cf99f0107
roadside,ACCIDENT_real,7DnAOa6rGgg_00,real_videos/7DnAOa6rGgg_00.mp4,7DnAOa6rGgg,accident_time,5.041666,38,7.520891532498976,29.916666,225,24.875,1,rear-end,unique,test,test,Very_Poor,night,highway,Virginia,academic-noncommercial; see paper vs kaggle,True,f4c551fe0ef53e7109a2b7af4d549cd2
roadside,ACCIDENT_real,ZGDoRBiCxEA_00,real_videos/ZGDoRBiCxEA_00.mp4,ZGDoRBiCxEA,accident_time,10.542,157,14.969435954431786,28.792,431,18.25,1,rear-end,unique,train,test,Fine,day,highway,Virginia,academic-noncommercial; see paper vs kaggle,True,13cd229c8b96992440b0eb2dad3dd02f
roadside,ACCIDENT_real,TWCg8QXjraw_00,real_videos/TWCg8QXjraw_00.mp4,TWCg8QXjraw,accident_time,4.708,47,9.994317612060032,29.917,299,25.209000000000003,1,rear-end,unique,test,test,Poor,day,highway,Virginia,academic-noncommercial; see paper vs kaggle,True,6aaf1e2e8a4152a2eeffe10acd86e6a5
roadside,ACCIDENT_real,h9aw9Upkwx4_00,real_videos/h9aw9Upkwx4_00.mp4,h9aw9Upkwx4,accident_time,3.467,34,9.91895488085158,8.267,82,4.799999999999999,1,rear-end,unique,test,test,Poor,night,highway,Virginia,academic-noncommercial; see paper vs kaggle,True,cba828ec289e72612634ecf48f2c239e
roadside,ACCIDENT_real,h5WtldZ9-68_00,real_videos/h5WtldZ9-68_00.mp4,h5WtldZ9-68,accident_time,2.333,34,14.96103896103896,19.25,288,16.917,1,rear-end,unique,test,test,Very_Poor,night,highway,Virginia,academic-noncommercial; see paper vs kaggle,True,97d26bcc7ccf4854b5785d08ba2ee8f5
roadside,ACCIDENT_real,OPrn1pj3g5M_00,real_videos/OPrn1pj3g5M_00.mp4,OPrn1pj3g5M,accident_time,10.333,309,29.766666666666666,30.0,893,19.667,1,rear-end,unique,test,train,Good,night,highway,World,academic-noncommercial; see paper vs kaggle,True,92cacf856ab02aca8b1c4639ae8b367c
roadside,ACCIDENT_real,H6A3xLciOZk_00,real_videos/H6A3xLciOZk_00.mp4,H6A3xLciOZk,accident_time,5.333,80,14.933333333333334,30.0,448,24.667,1,rear-end,unique,test,test,Poor,day,highway,Virginia,academic-noncommercial; see paper vs kaggle,True,27712db700919fc028145adb562454ef
roadside,ACCIDENT_real,ZoffyoNXhOo_00,real_videos/ZoffyoNXhOo_00.mp4,ZoffyoNXhOo,accident_time,11.468,170,14.922349763673193,29.62,442,18.152,1,rear-end,unique,test,test,Very_Poor,day,highway,Virginia,academic-noncommercial; see paper vs kaggle,True,30f217af52079d1e70d27d984bc11c7d
roadside,ACCIDENT_real,EzI5Rn3z4ew_00,real_videos/EzI5Rn3z4ew_00.mp4,EzI5Rn3z4ew,accident_time,5.1,76,14.983148129609237,29.967,449,24.866999999999997,1,rear-end,unique,dev,test,Fine,day,highway,Virginia,academic-noncommercial; see paper vs kaggle,True,0414a04e092c597deaaa81a256dc66e6
roadside,ACCIDENT_real,9w-8u8wKF5k_00,real_videos/9w-8u8wKF5k_00.mp4,9w-8u8wKF5k,accident_time,3.916666,27,6.990291533603555,8.583333,60,4.6666669999999995,2,t-bone,unique,train,test,Good,day,highway,Arkansas,academic-noncommercial; see paper vs kaggle,True,426ab05946a66505e1ba9448b4c8b701
roadside,ACCIDENT_real,Tfc5ixuHl3E_00,real_videos/Tfc5ixuHl3E_00.mp4,Tfc5ixuHl3E,accident_time,6.9,201,29.79944605732973,29.967,893,23.067,1,rear-end,unique,test,test,Good,day,highway,Florida,academic-noncommercial; see paper vs kaggle,True,e4f6d2ee41c116107f9e8ed2924e1311
roadside,ACCIDENT_real,ur7JERJrVQs_00,real_videos/ur7JERJrVQs_00.mp4,ur7JERJrVQs,accident_time,2.792,42,14.995589532490445,27.208,408,24.415999999999997,2,t-bone,unique,test,test,Poor,day,highway,Florida,academic-noncommercial; see paper vs kaggle,True,4df61b600e5117301a5dec1ca442b070
roadside,ACCIDENT_real,022uvRkRJ8E_00,real_videos/022uvRkRJ8E_00.mp4,022uvRkRJ8E,accident_time,3.733999999999999,112,24.3513137431448,24.433999999999997,595,20.7,4,single,unique,test,test,Fine,day,highway,Florida,academic-noncommercial; see paper vs kaggle,True,188dc40361896a739f6982a6e126baf2
roadside,ACCIDENT_real,GD6usZ7O7UU_00,real_videos/GD6usZ7O7UU_00.mp4,GD6usZ7O7UU,accident_time,3.44,69,19.993324432576767,29.96,599,26.52,0,head-on,unique,test,test,Fine,day,signalized_intersection,Florida,academic-noncommercial; see paper vs kaggle,True,1075988823f3258a54afd8fb4a3b58cf
roadside,ACCIDENT_real,aERiIg9Dts4_00,real_videos/aERiIg9Dts4_00.mp4,aERiIg9Dts4,accident_time,5.25,78,14.954269310367849,29.958,448,24.708,4,single,unique,test,test,Fine,day,highway,Florida,academic-noncommercial; see paper vs kaggle,True,ded8dd6afc83ec183e142ee79223b5a6
roadside,ACCIDENT_real,WiX5bXnWtXg_00,real_videos/WiX5bXnWtXg_00.mp4,WiX5bXnWtXg,accident_time,1.433,42,29.966296259218474,29.967,898,28.534,3,sideswipe,unique,test,test,Poor,night,highway,Florida,academic-noncommercial; see paper vs kaggle,True,cb68556a3aa3603e8644dde7fe4a5aac
roadside,ACCIDENT_real,bcuWtCE-SnE_00,real_videos/bcuWtCE-SnE_00.mp4,bcuWtCE-SnE,accident_time,6.467,194,29.999053657613324,10.567,317,4.1000000000000005,3,sideswipe,unique,test,test,Fine,day,highway,Florida,academic-noncommercial; see paper vs kaggle,True,fb8c4b465e55d59b600a1658d9ee4f44
roadside,ACCIDENT_real,MTxBv0i8B8w_00,real_videos/MTxBv0i8B8w_00.mp4,MTxBv0i8B8w,accident_time,7.583333,115,14.386648282466185,29.958333,431,22.375,2,t-bone,unique,test,test,Excellent,day,signalized_intersection,Georgia,academic-noncommercial; see paper vs kaggle,True,5c9a900c44da71d944aa95524e30fd5e
roadside,ACCIDENT_real,X9mDWoU5gq0_00,real_videos/X9mDWoU5gq0_00.mp4,X9mDWoU5gq0,accident_time,3.5,52,11.382602309900529,29.958,341,26.458,4,single,unique,test,test,Very_Poor,night,highway,Georgia,academic-noncommercial; see paper vs kaggle,True,b8bb698118cf7fc13f4e62bfe3f819de
roadside,ACCIDENT_real,mhuM8U4OZw4_00,real_videos/mhuM8U4OZw4_00.mp4,mhuM8U4OZw4,accident_time,4.791666,71,12.768802512953817,29.916666,382,25.125,2,t-bone,unique,test,test,Good,day,signalized_intersection,Georgia,academic-noncommercial; see paper vs kaggle,True,ec2118f3dfb2573d963937be0f3981dc
roadside,ACCIDENT_real,1fe57nFDL_s_00,real_videos/1fe57nFDL_s_00.mp4,1fe57nFDL_s,accident_time,21.625,324,14.987482781501894,29.958333,449,8.333333,1,rear-end,unique,test,test,Poor,night,highway,Georgia,academic-noncommercial; see paper vs kaggle,True,8a5835b7037d56e938d5588761f74976
roadside,ACCIDENT_real,C0faYXs1tA4_00,real_videos/C0faYXs1tA4_00.mp4,C0faYXs1tA4,accident_time,8.562,127,14.913779711045517,25.748,384,17.186,0,head-on,unique,test,test,Very_Poor,night,highway,Georgia,academic-noncommercial; see paper vs kaggle,True,83e7252b1ab075e116d825887569919f
roadside,ACCIDENT_real,whARwNPnlf0_00,real_videos/whARwNPnlf0_00.mp4,whARwNPnlf0,accident_time,7.4,110,14.913793103448276,11.6,173,4.199999999999999,1,rear-end,unique,test,test,Poor,day,highway,Virginia,academic-noncommercial; see paper vs kaggle,True,3bb29885c8cf009b6bcffee76a00e8b9
roadside,ACCIDENT_real,qOKeWK8IZHs_00,real_videos/qOKeWK8IZHs_00.mp4,qOKeWK8IZHs,accident_time,5.25,79,15.008189323795834,29.917,449,24.667,1,rear-end,unique,test,test,Very_Poor,night,highway,Georgia,academic-noncommercial; see paper vs kaggle,True,d68184c2d341f97925e3e2b4b7d1ec6e
roadside,ACCIDENT_real,nH1Xj9-rVwc_00,real_videos/nH1Xj9-rVwc_00.mp4,nH1Xj9-rVwc,accident_time,13.833,384,20.633333333333333,30.0,619,16.167,1,rear-end,unique,test,test,Very_Poor,night,highway,Georgia,academic-noncommercial; see paper vs kaggle,True,d84e56241750c2a0630e263240fb3c9e
roadside,ACCIDENT_real,ga0JEJ0fnGY_00,real_videos/ga0JEJ0fnGY_00.mp4,ga0JEJ0fnGY,accident_time,3.5,52,14.933333333333334,9.375,140,5.875,4,single,unique,test,test,Poor,night,highway,Georgia,academic-noncommercial; see paper vs kaggle,True,c6a8a97590f2d0074dfe3ada4f18add8
roadside,ACCIDENT_real,zl0-TZHfZg0_00,real_videos/zl0-TZHfZg0_00.mp4,zl0-TZHfZg0,accident_time,6.667,100,14.992972044354206,19.209000000000003,288,12.542000000000003,3,sideswipe,unique,test,test,Poor,night,highway,Georgia,academic-noncommercial; see paper vs kaggle,True,166302867aa46cc7b73810feb8dca03f
roadside,ACCIDENT_real,xR3X3G9hsZ0_00,real_videos/xR3X3G9hsZ0_00.mp4,xR3X3G9hsZ0,accident_time,6.4,96,15.0,30.0,450,23.6,1,rear-end,unique,test,test,Poor,night,highway,Georgia,academic-noncommercial; see paper vs kaggle,True,3a290d94c4597757201be2e2296be61f
roadside,ACCIDENT_real,QE7qzpppF2c_00,real_videos/QE7qzpppF2c_00.mp4,QE7qzpppF2c,accident_time,1.958,35,18.492556245410242,29.958,554,28.0,4,single,unique,test,test,Very_Poor,night,highway,Georgia,academic-noncommercial; see paper vs kaggle,True,f763f1c5977f62dc5d95b7e0d3ae1710
roadside,ACCIDENT_real,yQyB-0PLYAU_00,real_videos/yQyB-0PLYAU_00.mp4,yQyB-0PLYAU,accident_time,3.167,94,29.733333333333334,30.0,892,26.833,2,t-bone,unique,train,test,Good,day,highway,Georgia,academic-noncommercial; see paper vs kaggle,True,a0a83ac6e787d5e3586a653d992bc689
roadside,ACCIDENT_real,62-L7OtC4tg_00,real_videos/62-L7OtC4tg_00.mp4,62-L7OtC4tg,accident_time,9.208,138,15.008189323795834,29.917,449,20.709000000000003,1,rear-end,unique,test,test,Poor,night,highway,Georgia,academic-noncommercial; see paper vs kaggle,True,3f5721b7b3bf5e916df8c0581bd60ce0
roadside,ACCIDENT_real,H644DZi-cWQ_00,real_videos/H644DZi-cWQ_00.mp4,H644DZi-cWQ,accident_time,2.875,19,11.484663704016068,6.791666,78,3.916666,2,t-bone,unique,test,test,Excellent,day,signalized_intersection,Georgia,academic-noncommercial; see paper vs kaggle,True,3e0167f0240e99aad506443ace99ec0e
roadside,ACCIDENT_real,lvIwOAjE7Ts_00,real_videos/lvIwOAjE7Ts_00.mp4,lvIwOAjE7Ts,accident_time,12.111111,327,22.39431394018008,29.962963000000002,671,17.851852,2,t-bone,unique,test,test,Fine,day,signalized_intersection,Georgia,academic-noncommercial; see paper vs kaggle,True,2fa242ccdeba9768c752e8ba7e0cbbae
roadside,ACCIDENT_real,9jbzA3-ub9c_00,real_videos/9jbzA3-ub9c_00.mp4,9jbzA3-ub9c,accident_time,3.542,52,14.813425839114943,5.333,79,1.7910000000000004,3,sideswipe,unique,test,test,Poor,day,highway,Georgia,academic-noncommercial; see paper vs kaggle,True,c078552a94972913894d1b125d86e0f5
roadside,ACCIDENT_real,md2cHgL1TV0_00,real_videos/md2cHgL1TV0_00.mp4,md2cHgL1TV0,accident_time,4.25,63,14.974763512384262,29.917,448,25.667,3,sideswipe,unique,test,test,Poor,day,highway,Virginia,academic-noncommercial; see paper vs kaggle,True,bb55ca3864dd7a532c4e71ef4ec2addd
roadside,ACCIDENT_real,9AO9fQexSIo_00,real_videos/9AO9fQexSIo_00.mp4,9AO9fQexSIo,accident_time,9.1,135,14.930858639224514,21.767,325,12.667,1,rear-end,unique,test,test,Fine,day,highway,Iowa,academic-noncommercial; see paper vs kaggle,True,17ededaaeab1fb3bc93d8d4301b24abc
roadside,ACCIDENT_real,2OnAsVRtNQM_00,real_videos/2OnAsVRtNQM_00.mp4,2OnAsVRtNQM,accident_time,8.100000000000001,230,27.647058823529413,17.0,470,8.899999999999999,1,rear-end,unique,test,test,Poor,day,highway,Iowa,academic-noncommercial; see paper vs kaggle,True,df2b30a85cbf724b7e372fe82fc63cba
roadside,ACCIDENT_real,pA_dEaPv-yk_00,real_videos/pA_dEaPv-yk_00.mp4,pA_dEaPv-yk,accident_time,3.7,109,29.857142857142858,14.0,418,10.3,3,sideswipe,unique,test,test,Fine,day,highway,Iowa,academic-noncommercial; see paper vs kaggle,True,0f59dc547284bf3194ac0fa15c0181ae
roadside,ACCIDENT_real,-FQxK6HdxNU_00,real_videos/-FQxK6HdxNU_00.mp4,-FQxK6HdxNU,accident_time,3.233,48,14.902264370040642,5.167,77,1.9339999999999997,3,sideswipe,unique,test,test,Fine,day,highway,Iowa,academic-noncommercial; see paper vs kaggle,True,9813f8625bfeadc7a2719ed14f3c9833
roadside,ACCIDENT_real,fNoqwaXAqeA_00,real_videos/fNoqwaXAqeA_00.mp4,fNoqwaXAqeA,accident_time,8.708,130,14.987649375792778,29.958,449,21.25,2,t-bone,unique,test,test,Fine,day,highway,Iowa,academic-noncommercial; see paper vs kaggle,True,99221a6659a3ec84e4546c11a0c8b1bb
roadside,ACCIDENT_real,AGn3mKAiKQY_00,real_videos/AGn3mKAiKQY_00.mp4,AGn3mKAiKQY,accident_time,11.567,245,26.59592218106584,29.967,797,18.4,4,single,unique,test,test,Excellent,day,highway,Iowa,academic-noncommercial; see paper vs kaggle,True,41b546298976d5cc1dd7bb8bcf8edf28
roadside,ACCIDENT_real,O1AHOHWpTv8_00,real_videos/O1AHOHWpTv8_00.mp4,O1AHOHWpTv8,accident_time,6.48,96,17.657342657342657,11.44,202,4.959999999999999,3,sideswipe,unique,train,test,Fine,night,highway,Iowa,academic-noncommercial; see paper vs kaggle,True,0ac1e8af3b67064927159e86b1adb7a0
roadside,ACCIDENT_real,swAfXA86Sk8_00,real_videos/swAfXA86Sk8_00.mp4,swAfXA86Sk8,accident_time,13.583,181,13.345782073813709,18.208,243,4.624999999999998,3,sideswipe,unique,test,test,Very_Poor,night,highway,Iowa,academic-noncommercial; see paper vs kaggle,True,1df80aa354551d91d64e1a7eee1e9eef
roadside,ACCIDENT_real,qx2zGl2mYt0_00,real_videos/qx2zGl2mYt0_00.mp4,qx2zGl2mYt0,accident_time,4.875,70,14.216773183774619,7.667,109,2.792,3,sideswipe,unique,test,test,Fine,day,highway,Kansas,academic-noncommercial; see paper vs kaggle,True,965894ad290674a6e3a53fef177dd110
roadside,ACCIDENT_real,BBFzGfSLEZE_00,real_videos/BBFzGfSLEZE_00.mp4,BBFzGfSLEZE,accident_time,3.267,49,15.0,30.0,450,26.733,4,single,unique,test,test,Fine,day,grade_separated_intersection,Kansas,academic-noncommercial; see paper vs kaggle,True,921282eac656a5575c4ec3816c311f25
roadside,ACCIDENT_real,lqkfsE2tmbo_00,real_videos/lqkfsE2tmbo_00.mp4,lqkfsE2tmbo,accident_time,6.667,75,11.182321917350958,29.958,335,23.290999999999997,4,single,unique,test,test,Poor,day,highway,Louisiana,academic-noncommercial; see paper vs kaggle,True,24f7e5a9447952a455b1d84d7fc8a673
roadside,ACCIDENT_real,pUUmNU7jrXI_00,real_videos/pUUmNU7jrXI_00.mp4,pUUmNU7jrXI,accident_time,1.375,21,14.98608982981255,26.958333,404,25.583333,3,sideswipe,unique,test,test,Fine,day,highway,Louisiana,academic-noncommercial; see paper vs kaggle,True,0748cb3eec3bb176f43c7f9574be20d2
roadside,ACCIDENT_real,gDCiYQjLeEE_00,real_videos/gDCiYQjLeEE_00.mp4,gDCiYQjLeEE,accident_time,4.208333,63,15.008356880409067,29.916666,449,25.708333,4,single,unique,test,test,Poor,day,grade_separated_intersection,Louisiana,academic-noncommercial; see paper vs kaggle,True,61f8a43502d265819046b01073a5a953
roadside,ACCIDENT_real,JC52fZUaMio_00,real_videos/JC52fZUaMio_00.mp4,JC52fZUaMio,accident_time,3.5,52,14.9415045112313,29.916666,447,26.416666,1,rear-end,unique,test,test,Poor,night,highway,Louisiana,academic-noncommercial; see paper vs kaggle,True,a4946118c668c33220d9c16cfb4225c9
roadside,ACCIDENT_real,NQXpqL8dL8s_00,real_videos/NQXpqL8dL8s_00.mp4,NQXpqL8dL8s,accident_time,3.083333,45,15.21951273506032,18.791666,286,15.708333,1,rear-end,unique,test,test,Poor,day,highway,Maryland,academic-noncommercial; see paper vs kaggle,True,7d4184a791535244e21c21898bbc7587
roadside,ACCIDENT_real,4XE22RAmqnM_00,real_videos/4XE22RAmqnM_00.mp4,4XE22RAmqnM,accident_time,2.6,68,28.59812460373077,29.967,857,27.366999999999997,0,head-on,unique,test,test,Fine,day,signalized_intersection,Minnesota,academic-noncommercial; see paper vs kaggle,True,1eadc6dc1fbb8880f6d1e5e7627076ca
roadside,ACCIDENT_real,Mzuyrdg3hxY_00,real_videos/Mzuyrdg3hxY_00.mp4,Mzuyrdg3hxY,accident_time,19.467,582,29.932926218840727,29.967,897,10.5,1,rear-end,unique,test,test,Very_Poor,night,highway,Minnesota,academic-noncommercial; see paper vs kaggle,True,cf0c1996c3ee6a14b8d49c826fe8a146
roadside,ACCIDENT_real,hN69Cb16naw_00,real_videos/hN69Cb16naw_00.mp4,hN69Cb16naw,accident_time,1.5670000000000002,47,30.00052540324699,19.033,571,17.466,1,rear-end,unique,test,test,Fine,day,grade_separated_intersection,Minnesota,academic-noncommercial; see paper vs kaggle,True,0d6694052593404ef31c65a39c3fc267
roadside,ACCIDENT_real,Sp7P1vH_ThU_00,real_videos/Sp7P1vH_ThU_00.mp4,Sp7P1vH_ThU,accident_time,13.466666,380,29.199110771949073,29.966666,875,16.5,1,rear-end,unique,test,test,Fine,day,grade_separated_intersection,Minnesota,academic-noncommercial; see paper vs kaggle,True,7d59e327cd1fa4213f565c586f08e796
roadside,ACCIDENT_real,7O6n0GkXt_g_00,real_videos/7O6n0GkXt_g_00.mp4,7O6n0GkXt_g,accident_time,9.9,297,28.78048780487805,20.5,590,10.6,1,rear-end,unique,test,test,Poor,day,grade_separated_intersection,Minnesota,academic-noncommercial; see paper vs kaggle,True,1737ff1473fa646d8f5c2a6a3d26708a
roadside,ACCIDENT_real,6Oro7le8ZLQ_00,real_videos/6Oro7le8ZLQ_00.mp4,6Oro7le8ZLQ,accident_time,4.533,136,29.967036260113872,30.033,900,25.5,2,t-bone,unique,test,test,Fine,day,signalized_intersection,Minnesota,academic-noncommercial; see paper vs kaggle,True,d91a159a6d1c414fbc6c6fe058f3f8bd
roadside,ACCIDENT_real,S_HTEVMQK5g_00,real_videos/S_HTEVMQK5g_00.mp4,S_HTEVMQK5g,accident_time,5.433,161,29.821428571428573,11.2,334,5.7669999999999995,4,single,unique,test,test,Poor,day,highway,Minnesota,academic-noncommercial; see paper vs kaggle,True,956a7a3312477f9ebf404319d32438c4
roadside,ACCIDENT_real,1_iNUkyy46E_00,real_videos/1_iNUkyy46E_00.mp4,1_iNUkyy46E,accident_time,5.266666000000001,157,28.225447058603727,29.866666000000002,843,24.6,4,single,unique,test,test,Poor,night,highway,Minnesota,academic-noncommercial; see paper vs kaggle,True,fc007eb79c2ccaea436f2edba5b33406
roadside,ACCIDENT_real,Kw_Xo2iUEZQ_00,real_videos/Kw_Xo2iUEZQ_00.mp4,Kw_Xo2iUEZQ,accident_time,2.233333,67,30.000000000000004,4.3999999999999995,132,2.1666669999999995,3,sideswipe,unique,test,test,Poor,night,highway,Minnesota,academic-noncommercial; see paper vs kaggle,True,fae02c1582d09946a77339198198efcf
roadside,ACCIDENT_real,Kw_Xo2iUEZQ_01,real_videos/Kw_Xo2iUEZQ_01.mp4,Kw_Xo2iUEZQ,accident_time,1.1999999999999993,36,29.66507177033493,20.9,620,19.7,4,single,unique,test,test,Poor,night,highway,Minnesota,academic-noncommercial; see paper vs kaggle,True,e554753c0d8cf38ead41a60a5560f92a
roadside,ACCIDENT_real,V3oNEkBwP7M_00,real_videos/V3oNEkBwP7M_00.mp4,V3oNEkBwP7M,accident_time,7.033,211,29.7609561752988,25.1,747,18.067,4,single,unique,train,test,Fine,day,highway,Minnesota,academic-noncommercial; see paper vs kaggle,True,5bf36f5ebc3a7cefe15eb6fbfd40b3b4
roadside,ACCIDENT_real,6Ac5Ad5jcJ0_00,real_videos/6Ac5Ad5jcJ0_00.mp4,6Ac5Ad5jcJ0,accident_time,11.666,297,20.229033806487006,29.166,590,17.5,4,single,unique,test,test,Poor,night,grade_separated_intersection,Minnesota,academic-noncommercial; see paper vs kaggle,True,c434799b0fcab31b5989f76607219d8b
roadside,ACCIDENT_real,Z3VF85Ibvc8_00,real_videos/Z3VF85Ibvc8_00.mp4,Z3VF85Ibvc8,accident_time,4.733,124,22.92763047631817,29.833,684,25.099999999999998,2,t-bone,unique,test,test,Fine,day,signalized_intersection,Minnesota,academic-noncommercial; see paper vs kaggle,True,34664189fe19860a445636b8d5f0bdac
roadside,ACCIDENT_real,miJaH5hcX5U_00,real_videos/miJaH5hcX5U_00.mp4,miJaH5hcX5U,accident_time,2.9,86,29.165415290152502,29.967,874,27.067,2,t-bone,unique,test,test,Good,day,signalized_intersection,Minnesota,academic-noncommercial; see paper vs kaggle,True,6fd1c2e98d819f0daefca6de45de2827
roadside,ACCIDENT_real,DQ0vvyzJd3A_00,real_videos/DQ0vvyzJd3A_00.mp4,DQ0vvyzJd3A,accident_time,4.208,62,14.353428132719142,29.958,430,25.75,1,rear-end,unique,test,test,Poor,night,highway,New_York,academic-noncommercial; see paper vs kaggle,True,771c081a94fbd82f112ed3b7ec2cb7ef
roadside,ACCIDENT_real,Tb4q9PqHXRc_00,real_videos/Tb4q9PqHXRc_00.mp4,Tb4q9PqHXRc,accident_time,12.333,184,14.974763512384262,29.917,448,17.584000000000003,1,rear-end,unique,test,test,Poor,day,grade_separated_intersection,New_York,academic-noncommercial; see paper vs kaggle,True,c28aed8394cb8bfd8d745a6ff8c0548e
roadside,ACCIDENT_real,cZqLDOqM9TM_00,real_videos/cZqLDOqM9TM_00.mp4,cZqLDOqM9TM,accident_time,2.958,44,14.053007543894786,29.958,421,27.0,0,head-on,unique,test,test,Fine,day,grade_separated_intersection,New_York,academic-noncommercial; see paper vs kaggle,True,118e69934d19fa97588c2e5782058a8e
roadside,ACCIDENT_real,IjrWDrC23GY_00,real_videos/IjrWDrC23GY_00.mp4,IjrWDrC23GY,accident_time,14.310345,353,24.317707985032825,26.482759,644,12.172414000000002,1,rear-end,unique,test,train,Good,day,highway,World,academic-noncommercial; see paper vs kaggle,True,b29759264b33db8c6af8f8cb4d177a24
roadside,ACCIDENT_real,KZ8uvPQdYdk_00,real_videos/KZ8uvPQdYdk_00.mp4,KZ8uvPQdYdk,accident_time,22.433,672,29.899556178462976,29.967,896,7.533999999999999,0,head-on,unique,test,train,Good,night,highway,World,academic-noncommercial; see paper vs kaggle,True,ce0bfa57dfca6c62d1e54a95b6d4f4e2
roadside,ACCIDENT_real,OrX9GrUmLy0_00,real_videos/OrX9GrUmLy0_00.mp4,OrX9GrUmLy0,accident_time,6.875,102,14.974763512384262,29.917,448,23.042,2,t-bone,unique,test,test,Very_Poor,day,highway,Virginia,academic-noncommercial; see paper vs kaggle,True,419ea3ba82b4dbb0c4f1bbb1734c35e4
roadside,ACCIDENT_real,FIBPRI-_xPo_00,real_videos/FIBPRI-_xPo_00.mp4,FIBPRI-_xPo,accident_time,7.25,108,14.620468656118566,29.958,438,22.708,2,t-bone,unique,test,test,Very_Poor,day,highway,Virginia,academic-noncommercial; see paper vs kaggle,True,5bb8aa2b83eb37bd5ad9bd7d04febe87
roadside,ACCIDENT_real,8a1onzDf0Eg_00,real_videos/8a1onzDf0Eg_00.mp4,8a1onzDf0Eg,accident_time,3.958,59,14.96561952271808,7.417,111,3.4589999999999996,2,t-bone,unique,test,test,Fine,day,signalized_intersection,Virginia,academic-noncommercial; see paper vs kaggle,True,c1e422341fe49d7afc2005258c0606b4
roadside,ACCIDENT_real,LxNrteV6pVs_00,real_videos/LxNrteV6pVs_00.mp4,LxNrteV6pVs,accident_time,3.3739999999999997,51,14.852872489490892,10.705,159,7.331,4,single,unique,test,test,Poor,day,highway,Virginia,academic-noncommercial; see paper vs kaggle,True,a8dd12673adacd55c49654b661fc09b0
roadside,ACCIDENT_real,LxNrteV6pVs_01,real_videos/LxNrteV6pVs_01.mp4,LxNrteV6pVs,accident_time,5.190999999999999,78,14.921171171171173,14.207999999999998,212,9.017,4,single,unique,test,test,Poor,day,highway,Virginia,academic-noncommercial; see paper vs kaggle,True,f83f5ec672cf1d19d4d2d589e2d1f1ea
roadside,ACCIDENT_real,ju6wnVi72qI_00,real_videos/ju6wnVi72qI_00.mp4,ju6wnVi72qI,accident_time,7.767,205,28.75822402449621,24.167,695,16.400000000000002,4,single,unique,test,test,Fine,night,simple_intersection,Seattle,academic-noncommercial; see paper vs kaggle,True,d4e0d475def076fd0fcb084e25856f17
roadside,ACCIDENT_real,WDKy_7gwkwI_00,real_videos/WDKy_7gwkwI_00.mp4,WDKy_7gwkwI,accident_time,2.8,84,29.999666299596225,29.967,899,27.166999999999998,4,single,unique,test,test,Good,day,city_street,Seattle,academic-noncommercial; see paper vs kaggle,True,345e9ebc349e2c48a078c41e791f17aa
roadside,ACCIDENT_real,ZvegJ-6a3ow_00,real_videos/ZvegJ-6a3ow_00.mp4,ZvegJ-6a3ow,accident_time,8.964,250,26.50980392156863,12.75,338,3.7859999999999996,2,t-bone,unique,test,test,Good,day,signalized_intersection,Seattle,academic-noncommercial; see paper vs kaggle,True,b611bd56d27fd32ba3734ca3c245a5f4
roadside,ACCIDENT_real,iXbPXFRanm4_00,real_videos/iXbPXFRanm4_00.mp4,iXbPXFRanm4,accident_time,4.25,59,13.804860112979242,29.917,413,25.667,2,t-bone,unique,test,test,Poor,day,signalized_intersection,Seattle,academic-noncommercial; see paper vs kaggle,True,a3aa161442bbad758ba0ec3ddfc55226
roadside,ACCIDENT_real,lKAtoCazPaE_00,real_videos/lKAtoCazPaE_00.mp4,lKAtoCazPaE,accident_time,3.138,85,26.026527680331426,29.931,779,26.793,1,rear-end,unique,train,test,Good,night,signalized_intersection,Seattle,academic-noncommercial; see paper vs kaggle,True,f139922c8f06329b03da6aa8c56ac6a6
roadside,ACCIDENT_real,mr_it2B6muI_00,real_videos/mr_it2B6muI_00.mp4,mr_it2B6muI,accident_time,6.617,99,14.810256410256411,24.375,361,17.758,4,single,unique,dev,test,Fine,day,highway,Virginia,academic-noncommercial; see paper vs kaggle,True,a87cf5710d4487eafde5bf2123b40db8
roadside,ACCIDENT_real,JKYjZ-tLgrw_00,real_videos/JKYjZ-tLgrw_00.mp4,JKYjZ-tLgrw,accident_time,5.833,87,14.983148129609237,29.967,449,24.134,1,rear-end,unique,test,test,Poor,day,highway,Tennessee,academic-noncommercial; see paper vs kaggle,True,81378d7397ccedb97ecc473ead7c6bd3
roadside,ACCIDENT_real,VObOhcls5kI_00,real_videos/VObOhcls5kI_00.mp4,VObOhcls5kI,accident_time,2.375,35,14.974763512384262,29.917,448,27.542,2,t-bone,unique,test,test,Poor,day,highway,Tennessee,academic-noncommercial; see paper vs kaggle,True,3da1ac3fca98992aa374d9625756623f
roadside,ACCIDENT_real,4GW-rpR12Rs_00,real_videos/4GW-rpR12Rs_00.mp4,4GW-rpR12Rs,accident_time,6.167,92,14.968566011376108,20.042,300,13.875000000000002,4,single,unique,test,test,Poor,day,highway,Tennessee,academic-noncommercial; see paper vs kaggle,True,57d9773b3e11c4000738ffb78d9001da
roadside,ACCIDENT_real,OJvzrl3xheI_00,real_videos/OJvzrl3xheI_00.mp4,OJvzrl3xheI,accident_time,4.708,70,14.987649375792778,29.958,449,25.25,1,rear-end,unique,test,test,Poor,day,grade_separated_intersection,Tennessee,academic-noncommercial; see paper vs kaggle,True,e188a6b767fc37a01c6a3674ee4055fc
roadside,ACCIDENT_real,ahyVT91vv8c_00,real_videos/ahyVT91vv8c_00.mp4,ahyVT91vv8c,accident_time,2.25,33,14.987649375792778,29.958,449,27.708,4,single,unique,test,test,Poor,day,grade_separated_intersection,Tennessee,academic-noncommercial; see paper vs kaggle,True,624f6e01f82cac751fedf72623df4464
roadside,ACCIDENT_real,8G_gWFWoV3U_00,real_videos/8G_gWFWoV3U_00.mp4,8G_gWFWoV3U,accident_time,9.1,136,14.983148129609237,29.967,449,20.866999999999997,2,t-bone,unique,test,test,Poor,day,grade_separated_intersection,Tennessee,academic-noncommercial; see paper vs kaggle,True,796dfdb8decb6011facddca375107181
roadside,ACCIDENT_real,4Q4q7Y1GGHk_00,real_videos/4Q4q7Y1GGHk_00.mp4,4Q4q7Y1GGHk,accident_time,4.042,59,10.74838106682689,29.958,322,25.915999999999997,4,single,unique,test,test,Poor,day,highway,Tennessee,academic-noncommercial; see paper vs kaggle,True,f1d8d707044327fbf70cac7dd1fd2c0e
roadside,ACCIDENT_real,fvnovsPGazc_00,real_videos/fvnovsPGazc_00.mp4,fvnovsPGazc,accident_time,4.3,64,14.91640804885374,29.967,447,25.666999999999998,3,sideswipe,unique,test,test,Poor,day,grade_separated_intersection,Tennessee,academic-noncommercial; see paper vs kaggle,True,ac25ec6f7c5fd005e023b34a26163085
roadside,ACCIDENT_real,fy1ZkNZQhWA_00,real_videos/fy1ZkNZQhWA_00.mp4,fy1ZkNZQhWA,accident_time,2.292,34,14.999117698958885,5.667,85,3.375,4,single,unique,test,test,Poor,day,highway,Tennessee,academic-noncommercial; see paper vs kaggle,True,bea884473a17b284f18df02fd89e281e
roadside,ACCIDENT_real,fy1ZkNZQhWA_01,real_videos/fy1ZkNZQhWA_01.mp4,fy1ZkNZQhWA,accident_time,2.4579999999999984,37,14.976958525345626,5.207999999999998,78,2.75,4,single,unique,test,test,Poor,day,highway,Tennessee,academic-noncommercial; see paper vs kaggle,True,d3454886ca44e3762befa666c456b7b1
roadside,ACCIDENT_real,fy1ZkNZQhWA_02,real_videos/fy1ZkNZQhWA_02.mp4,fy1ZkNZQhWA,accident_time,2.0839999999999996,31,14.987956106699974,11.209,168,9.125,4,single,unique,test,test,Poor,day,highway,Tennessee,academic-noncommercial; see paper vs kaggle,True,2f75fde18658926e34d51a1b46e101e4
roadside,ACCIDENT_real,fy1ZkNZQhWA_03,real_videos/fy1ZkNZQhWA_03.mp4,fy1ZkNZQhWA,accident_time,1.6670000000000016,24,14.770366951303952,4.332999999999998,64,2.665999999999997,1,rear-end,unique,test,test,Poor,day,highway,Tennessee,academic-noncommercial; see paper vs kaggle,True,7168653ab1712f7bfc8a542172a747a3
roadside,ACCIDENT_real,Ib9wzyr5GqE_00,real_videos/Ib9wzyr5GqE_00.mp4,Ib9wzyr5GqE,accident_time,7.125,106,14.707357021091687,29.917,440,22.792,4,single,unique,test,test,Very_Poor,night,highway,Tennessee,academic-noncommercial; see paper vs kaggle,True,c9de9e6168580b1b0d7fed467e2f2daa
roadside,ACCIDENT_real,zOgTWOFJpKg_00,real_videos/zOgTWOFJpKg_00.mp4,zOgTWOFJpKg,accident_time,10.875,163,14.99099099099099,13.875,208,3.0,4,single,unique,test,test,Very_Poor,night,highway,Virginia,academic-noncommercial; see paper vs kaggle,True,0821a1bf2a8c4de4b7a02dc2d049a679
roadside,ACCIDENT_real,zOgTWOFJpKg_01,real_videos/zOgTWOFJpKg_01.mp4,zOgTWOFJpKg,accident_time,10.709000000000001,161,15.000000000000002,15.999999999999998,240,5.290999999999997,2,t-bone,unique,test,test,Very_Poor,night,highway,Virginia,academic-noncommercial; see paper vs kaggle,True,c1ddee34be25c5e7af53dbbd9b124bbf
roadside,ACCIDENT_real,K0RZlWi2qhA_00,real_videos/K0RZlWi2qhA_00.mp4,K0RZlWi2qhA,accident_time,1.708,25,14.987649375792778,29.958,449,28.25,1,rear-end,unique,test,test,Poor,day,highway,Tennessee,academic-noncommercial; see paper vs kaggle,True,cc81150bed950581df778d1c8aa9e7d6
roadside,ACCIDENT_real,Y4QHUzvOwwQ_00,real_videos/Y4QHUzvOwwQ_00.mp4,Y4QHUzvOwwQ,accident_time,11.917,178,14.987649375792778,29.958,449,18.040999999999997,1,rear-end,unique,test,test,Fine,day,highway,Tennessee,academic-noncommercial; see paper vs kaggle,True,67c0729fb6252e536d7b41b1bce5f6fe
roadside,ACCIDENT_real,CU0w8gexxew_00,real_videos/CU0w8gexxew_00.mp4,CU0w8gexxew,accident_time,5.167,77,14.987649375792778,29.958,449,24.790999999999997,3,sideswipe,unique,test,test,Poor,day,highway,Tennessee,academic-noncommercial; see paper vs kaggle,True,69af773a8fae672dff86b11e68cddd01
roadside,ACCIDENT_real,nbhL6NycXqc_00,real_videos/nbhL6NycXqc_00.mp4,nbhL6NycXqc,accident_time,8.333,125,14.987649375792778,29.958,449,21.625,4,single,unique,train,test,Fine,day,highway,Tennessee,academic-noncommercial; see paper vs kaggle,True,aac635152f44db0e7f76385f60cec2e2
roadside,ACCIDENT_real,pK1JUx-kk5U_00,real_videos/pK1JUx-kk5U_00.mp4,pK1JUx-kk5U,accident_time,6.667,99,14.77420864391483,29.917,442,23.25,4,single,unique,test,test,Very_Poor,night,highway,Virginia,academic-noncommercial; see paper vs kaggle,True,deb579348065e66d63107e617f7f2855
roadside,ACCIDENT_real,ZFYfE3_Nz5o_00,real_videos/ZFYfE3_Nz5o_00.mp4,ZFYfE3_Nz5o,accident_time,4.792,71,14.974763512384262,29.917,448,25.125,4,single,unique,test,test,Very_Poor,day,highway,Virginia,academic-noncommercial; see paper vs kaggle,True,6d3c79727919c8ca7ab7b8f39c79bc9c
roadside,ACCIDENT_real,XPqOWbSVgbk_00,real_videos/XPqOWbSVgbk_00.mp4,XPqOWbSVgbk,accident_time,4.417,77,15.354830095466989,29.958,460,25.540999999999997,4,single,unique,test,test,Very_Poor,night,highway,Virginia,academic-noncommercial; see paper vs kaggle,True,8de9d1471eb3ff81892dc3f491e685a8
roadside,ACCIDENT_real,3rBm5RyfhOw_00,real_videos/3rBm5RyfhOw_00.mp4,3rBm5RyfhOw,accident_time,3.916666,58,14.964706586574428,14.166666,212,10.25,2,t-bone,unique,test,test,Good,night,signalized_intersection,Virginia,academic-noncommercial; see paper vs kaggle,True,e1a00bffc5b0a9cd31e42efbdc60d3db
roadside,ACCIDENT_real,8eSV1Aza1uE_00,real_videos/8eSV1Aza1uE_00.mp4,8eSV1Aza1uE,accident_time,4.733,70,14.949778089231488,29.967,448,25.233999999999998,1,rear-end,unique,test,test,Fine,day,highway,Wisconsin,academic-noncommercial; see paper vs kaggle,True,f920cb1c34570d0f7d2a8b1d4edb4685
roadside,ACCIDENT_real,vfx-a0mKrFo_00,real_videos/vfx-a0mKrFo_00.mp4,vfx-a0mKrFo,accident_time,3.458,51,14.954269310367849,29.958,448,26.5,4,single,unique,test,test,Poor,day,highway,Wisconsin,academic-noncommercial; see paper vs kaggle,True,c1cf15f0c4becb5bdae1cd594a594706
roadside,ACCIDENT_real,niL3O_tNdFY_00,real_videos/niL3O_tNdFY_00.mp4,niL3O_tNdFY,accident_time,3.6,54,15.000218026424802,22.933,344,19.333,1,rear-end,unique,test,test,Very_Poor,day,highway,Wisconsin,academic-noncommercial; see paper vs kaggle,True,e6f12b6f673b8b5be3a68e0b348dcfab
roadside,ACCIDENT_real,OlyJb8yf1dI_00,real_videos/OlyJb8yf1dI_00.mp4,OlyJb8yf1dI,accident_time,8.4,125,14.966666666666667,30.0,449,21.6,3,sideswipe,unique,train,test,Fine,day,highway,Tennessee,academic-noncommercial; see paper vs kaggle,True,ee2ed4b12b0126598bb9e0658a620dfe
roadside,ACCIDENT_real,pb5K0aVve9o_00,real_videos/pb5K0aVve9o_00.mp4,pb5K0aVve9o,accident_time,3.533,105,29.922706053417006,13.067,391,9.534,3,sideswipe,unique,train,test,Good,day,highway,Minnesota,academic-noncommercial; see paper vs kaggle,True,91123d0d7fbcefae24f90f9f6afd5010
roadside,ACCIDENT_real,r_s-IxnbXkw_00,real_videos/r_s-IxnbXkw_00.mp4,r_s-IxnbXkw,accident_time,4.582999999999998,69,14.36144578313253,10.375,149,5.792000000000002,0,head-on,unique,test,test,Fine,night,signalized_intersection,Alabama,academic-noncommercial; see paper vs kaggle,True,5aeadfbc2cfc1a7c8d13c788e5bc1e80
roadside,ACCIDENT_real,HSDqCUHuz8Q_0_00,real_videos/HSDqCUHuz8Q_0_00.mp4,HSDqCUHuz8Q,accident_time,2.666667,67,25.09090909090909,5.5,138,2.833333,1,rear-end,unique,train,train,Fine,day,city_street,World,academic-noncommercial; see paper vs kaggle,True,e5625b17f3bba5430040e2f4b40c46ea
roadside,ACCIDENT_real,HSDqCUHuz8Q_3_00,real_videos/HSDqCUHuz8Q_3_00.mp4,HSDqCUHuz8Q,accident_time,3.833333,39,14.347826326886727,19.933333,286,16.1,1,rear-end,unique,train,train,Good,day,parking_lot,World,academic-noncommercial; see paper vs kaggle,True,b73f603b2beb0d8cc32de285116666bc
roadside,ACCIDENT_real,HSDqCUHuz8Q_5_00,real_videos/HSDqCUHuz8Q_5_00.mp4,HSDqCUHuz8Q,accident_time,5.333333,109,20.357142196196683,10.266667,209,4.933334,4,single,unique,train,train,Fine,day,signalized_intersection,World,academic-noncommercial; see paper vs kaggle,True,b3a77ea3e76b1169217a2d43a6e0eb6c
roadside,ACCIDENT_real,IAhGJNVqs1M_10_00,real_videos/IAhGJNVqs1M_10_00.mp4,IAhGJNVqs1M,accident_time,0.8399999999999999,21,18.951612903225808,7.4399999999999995,141,6.6,2,t-bone,unique,train,train,Poor,day,simple_intersection,World,academic-noncommercial; see paper vs kaggle,True,b8b9ba6417df99ff042a3ee2dcce8f0e
roadside,ACCIDENT_real,IAhGJNVqs1M_14_00,real_videos/IAhGJNVqs1M_14_00.mp4,IAhGJNVqs1M,accident_time,9.36,230,22.908834586466163,42.56,975,33.2,2,t-bone,unique,train,train,Poor,day,signalized_intersection,World,academic-noncommercial; see paper vs kaggle,True,a1ef1f8feb74025c768df317a5d67d4a
roadside,ACCIDENT_real,IAhGJNVqs1M_9_00,real_videos/IAhGJNVqs1M_9_00.mp4,IAhGJNVqs1M,accident_time,3.44,85,24.625935162094763,16.04,395,12.6,2,t-bone,unique,train,train,Very_Poor,day,signalized_intersection,World,academic-noncommercial; see paper vs kaggle,True,c60ef9d377eaa2ebb32b536b7f55010c
roadside,ACCIDENT_real,L334aqEJxys_0_00,real_videos/L334aqEJxys_0_00.mp4,L334aqEJxys,accident_time,4.771433,120,24.99904002245447,13.880533,347,9.1091,2,t-bone,unique,train,train,Excellent,day,simple_intersection,World,academic-noncommercial; see paper vs kaggle,True,b167244b017e1bb180a9013521f8fb5e
roadside,ACCIDENT_real,L334aqEJxys_1_00,real_videos/L334aqEJxys_1_00.mp4,L334aqEJxys,accident_time,5.572233,139,24.99129453636609,10.243567,256,4.671334000000001,4,single,unique,train,train,Good,day,city_street,World,academic-noncommercial; see paper vs kaggle,True,0bda0ce0894ed5dfb6276a82a7d2d6a3
roadside,ACCIDENT_real,ML52jXyFltw_0_00,real_videos/ML52jXyFltw_0_00.mp4,ML52jXyFltw,accident_time,0.866667,11,8.823528114187042,2.266667,20,1.4,2,t-bone,unique,train,train,Poor,night,city_street,World,academic-noncommercial; see paper vs kaggle,True,771ada627122d94e16d3c38530a71d71
roadside,ACCIDENT_real,MxiC2UdOzE8_0_00,real_videos/MxiC2UdOzE8_0_00.mp4,MxiC2UdOzE8,accident_time,24.791433,634,27.185091123710052,39.1391,1064,14.347666999999998,2,t-bone,unique,dev,train,Poor,day,signalized_intersection,World,academic-noncommercial; see paper vs kaggle,True,2f04ad7a808b74e2b7ad4fb134f9c5b3
roadside,ACCIDENT_real,N6zJ2inqJn0_0_00,real_videos/N6zJ2inqJn0_0_00.mp4,N6zJ2inqJn0,accident_time,6.740067,168,24.96111200668724,11.978633,299,5.2385660000000005,2,t-bone,unique,train,train,Excellent,day,simple_intersection,World,academic-noncommercial; see paper vs kaggle,True,fc23cb7ffd6e9fe2ddb76dddba15e2b6
roadside,ACCIDENT_real,N6zJ2inqJn0_1_00,real_videos/N6zJ2inqJn0_1_00.mp4,N6zJ2inqJn0,accident_time,1.9019,46,24.03636551246185,9.943267,239,8.041367000000001,0,head-on,unique,train,train,Good,night,signalized_intersection,World,academic-noncommercial; see paper vs kaggle,True,e4f1a1e37556d29c15f508fed12f4b1e
roadside,ACCIDENT_real,N6zJ2inqJn0_2_00,real_videos/N6zJ2inqJn0_2_00.mp4,N6zJ2inqJn0,accident_time,2.669333,52,19.690454473063166,6.9069,136,4.237567,2,t-bone,unique,train,train,Good,night,signalized_intersection,World,academic-noncommercial; see paper vs kaggle,True,e49fd1965d40d64566318ac6036bf139
roadside,ACCIDENT_real,N6zJ2inqJn0_3_00,real_videos/N6zJ2inqJn0_3_00.mp4,N6zJ2inqJn0,accident_time,2.969633,75,25.04344970098395,7.3073,183,4.337667,2,t-bone,unique,train,train,Excellent,day,simple_intersection,World,academic-noncommercial; see paper vs kaggle,True,02ff7f135c62dfea91c1a28e37fc3a3c
roadside,ACCIDENT_real,PF5pVn8N9wA_11_00,real_videos/PF5pVn8N9wA_11_00.mp4,PF5pVn8N9wA,accident_time,2.408027,59,24.657116835541963,7.705686,190,5.2976589999999995,0,head-on,unique,train,train,Very_Poor,day,city_street,World,academic-noncommercial; see paper vs kaggle,True,6a5512e7665d3c63030c1e4920530db4
roadside,ACCIDENT_real,eqwBLPxQ0z0_00,real_videos/eqwBLPxQ0z0_00.mp4,eqwBLPxQ0z0,accident_time,5.333,79,14.95200887474075,20.733,310,15.4,1,rear-end,unique,test,test,Poor,night,highway,Tennessee,academic-noncommercial; see paper vs kaggle,True,598591d4c507c8ff3baec3e187c7b63a
roadside,ACCIDENT_real,acmBtouCwIU_00,real_videos/acmBtouCwIU_00.mp4,acmBtouCwIU,accident_time,6.625,99,14.854129114093064,29.958,445,23.333,1,rear-end,unique,train,test,Fine,day,highway,Alabama,academic-noncommercial; see paper vs kaggle,True,770ccb572728cd2ec19f305bb47e348c
roadside,ACCIDENT_real,xoq6jahieRg_00,real_videos/xoq6jahieRg_00.mp4,xoq6jahieRg,accident_time,5.9,176,29.950738916256157,20.3,608,14.4,1,rear-end,unique,train,test,Poor,day,highway,Alabama,academic-noncommercial; see paper vs kaggle,True,442cfc5eac9288bf4c8bdc178eb48917
roadside,ACCIDENT_real,fhZ9Mb-Ps3M_00,real_videos/fhZ9Mb-Ps3M_00.mp4,fhZ9Mb-Ps3M,accident_time,8.2,245,29.966666666666665,30.0,899,21.8,1,rear-end,unique,test,test,Poor,day,signalized_intersection,Alabama,academic-noncommercial; see paper vs kaggle,True,c821c7335eb0db502b3beda991b46793
roadside,ACCIDENT_real,kuwhQxdw6TU_00,real_videos/kuwhQxdw6TU_00.mp4,kuwhQxdw6TU,accident_time,5.375,79,14.720608852393351,29.958,441,24.583,2,t-bone,unique,test,test,Fine,day,signalized_intersection,Alabama,academic-noncommercial; see paper vs kaggle,True,38e248a787b46ce06460b224e9723060
roadside,ACCIDENT_real,IKBt_1zB87o_00,real_videos/IKBt_1zB87o_00.mp4,IKBt_1zB87o,accident_time,6.5,45,6.976433673810001,29.958,209,23.458,2,t-bone,unique,test,test,Good,day,simple_intersection,Arkansas,academic-noncommercial; see paper vs kaggle,True,326fd73350a8ad522a686c0cfa5635a3
roadside,ACCIDENT_real,fVIMQD0Bo2M_00,real_videos/fVIMQD0Bo2M_00.mp4,fVIMQD0Bo2M,accident_time,8.551,126,14.84105706625814,10.443999999999999,155,1.892999999999999,3,sideswipe,unique,test,test,Poor,day,highway,Virginia,academic-noncommercial; see paper vs kaggle,True,91e744282a7b3349554fe7f01a638a79
roadside,ACCIDENT_real,YObeSti3p2M_00,real_videos/YObeSti3p2M_00.mp4,YObeSti3p2M,accident_time,7.066667,106,14.983351997595472,30.033333,450,22.966666,4,single,unique,train,test,Poor,day,highway,Virginia,academic-noncommercial; see paper vs kaggle,True,b8c0bbf1531d46d81b9252ba6828f395
roadside,ACCIDENT_real,KWBc4BKAUso_00,real_videos/KWBc4BKAUso_00.mp4,KWBc4BKAUso,accident_time,9.12,91,10.008021696779862,26.179000000000002,262,17.059000000000005,3,sideswipe,unique,test,test,Poor,day,highway,Virginia,academic-noncommercial; see paper vs kaggle,True,48622c40bee383be5dfda50ef4559f8d
roadside,ACCIDENT_real,gwHMR2FEVKA_00,real_videos/gwHMR2FEVKA_00.mp4,gwHMR2FEVKA,accident_time,5.833,174,29.966296259218474,29.967,898,24.134,4,single,unique,test,test,Poor,night,highway,Florida,academic-noncommercial; see paper vs kaggle,True,d707b9f72bc75213f0cd794ec7d7794a
roadside,ACCIDENT_real,Cu647jk6n_s_00,real_videos/Cu647jk6n_s_00.mp4,Cu647jk6n_s,accident_time,2.8999999999999986,43,14.96541013694762,14.166,212,11.266000000000002,1,rear-end,unique,test,test,Very_Poor,night,highway,Georgia,academic-noncommercial; see paper vs kaggle,True,01eecc5335e9cfeafe8da7fcf9831ca6
roadside,ACCIDENT_real,Okrusfvcpt8_00,real_videos/Okrusfvcpt8_00.mp4,Okrusfvcpt8,accident_time,4.875,70,14.716049382716049,20.25,298,15.375,1,rear-end,unique,test,test,Poor,day,highway,Iowa,academic-noncommercial; see paper vs kaggle,True,5eb4572225bdfa0752012ae149db5375
roadside,ACCIDENT_real,dn0Au-EvKJI_00,real_videos/dn0Au-EvKJI_00.mp4,dn0Au-EvKJI,accident_time,3.6,87,27.870680044593087,9.867,275,6.267000000000001,2,t-bone,unique,test,test,Fine,day,signalized_intersection,Minnesota,academic-noncommercial; see paper vs kaggle,True,cefbac875834edb5dee60019107f4f29
roadside,ACCIDENT_real,IhxIuzCn1dM_00,real_videos/IhxIuzCn1dM_00.mp4,IhxIuzCn1dM,accident_time,3.2,95,29.818573738099513,5.567,166,2.367,2,t-bone,unique,test,test,Poor,night,signalized_intersection,Minnesota,academic-noncommercial; see paper vs kaggle,True,3b4c394e60ceb435ea29dae48e712db6
roadside,ACCIDENT_real,95Tx-2p0O_E_00,real_videos/95Tx-2p0O_E_00.mp4,95Tx-2p0O_E,accident_time,13.292,194,14.720608852393351,29.958,441,16.665999999999997,1,rear-end,unique,test,test,Good,day,signalized_intersection,Seattle,academic-noncommercial; see paper vs kaggle,True,a43b7d17fd3d133bb5f7ca8330bf5e7d
roadside,ACCIDENT_real,SVcqRcsvGak_00,real_videos/SVcqRcsvGak_00.mp4,SVcqRcsvGak,accident_time,6.042,90,14.987649375792778,29.958,449,23.915999999999997,3,sideswipe,unique,train,test,Fine,day,highway,Virginia,academic-noncommercial; see paper vs kaggle,True,4a128b535d256f66cba2d9eef9746c5b
roadside,ACCIDENT_real,1TfCsqNoWQw_00,real_videos/1TfCsqNoWQw_00.mp4,1TfCsqNoWQw,accident_time,4.504,68,14.965387539514225,24.991,374,20.487000000000002,4,single,unique,test,test,Poor,day,highway,Tennessee,academic-noncommercial; see paper vs kaggle,True,095b8e99f0348fbea04fe16f138db6fe
roadside,ACCIDENT_real,vUnflRkNPsI_00,real_videos/vUnflRkNPsI_00.mp4,vUnflRkNPsI,accident_time,3.75,56,14.987649375792778,29.958,449,26.208,3,sideswipe,unique,train,test,Fine,day,highway,Tennessee,academic-noncommercial; see paper vs kaggle,True,f12c3cf303479091bf3d5a72e1b25688
roadside,ACCIDENT_real,EV73dR7U00I_00,real_videos/EV73dR7U00I_00.mp4,EV73dR7U00I,accident_time,3.567,53,14.965802126362837,14.767,221,11.2,4,single,unique,test,test,Poor,day,highway,Tennessee,academic-noncommercial; see paper vs kaggle,True,206e8ac10b0f5e7ab9ce960f16830879
roadside,ACCIDENT_real,QGey_zj5Cms_00,real_videos/QGey_zj5Cms_00.mp4,QGey_zj5Cms,accident_time,2.5,19,7.948914091861509,30.067,239,27.567,4,single,unique,test,test,Fine,day,grade_separated_intersection,Arkansas,academic-noncommercial; see paper vs kaggle,True,de71fb3333f132c6043035b51a90fcfe
roadside,ACCIDENT_real,VxcFvNWTn6M_00,real_videos/VxcFvNWTn6M_00.mp4,VxcFvNWTn6M,accident_time,7.792,116,14.974763512384262,29.917,448,22.125,4,single,unique,test,test,Very_Poor,night,highway,Wisconsin,academic-noncommercial; see paper vs kaggle,True,27866e6cd165ff5c535afc6b4afe5b66
roadside,ACCIDENT_real,SrbylylFcsg_2_00,real_videos/SrbylylFcsg_2_00.mp4,SrbylylFcsg,accident_time,0.68,16,24.59016393442623,2.44,60,1.7599999999999998,2,t-bone,unique,dev,train,Poor,night,signalized_intersection,World,academic-noncommercial; see paper vs kaggle,True,7e70a80c405448edd4f0cb1f82633bea
roadside,ACCIDENT_real,T1WbCBVGCHg_0_00,real_videos/T1WbCBVGCHg_0_00.mp4,T1WbCBVGCHg,accident_time,6.44,160,23.4375,12.16,285,5.72,2,t-bone,unique,train,train,Poor,day,highway,World,academic-noncommercial; see paper vs kaggle,True,e8c18e37719fa36339356ac54048aafe
roadside,ACCIDENT_real,T1WbCBVGCHg_12_00,real_videos/T1WbCBVGCHg_12_00.mp4,T1WbCBVGCHg,accident_time,7.16,159,23.04785894206549,15.88,366,8.72,4,single,unique,train,train,Very_Poor,day,highway,World,academic-noncommercial; see paper vs kaggle,True,7f09c0fc7f6689a4b7db7a69c614f594
roadside,ACCIDENT_real,T1WbCBVGCHg_4_00,real_videos/T1WbCBVGCHg_4_00.mp4,T1WbCBVGCHg,accident_time,7.56,177,21.655518394648826,11.96,259,4.400000000000001,2,t-bone,unique,train,train,Very_Poor,day,highway,World,academic-noncommercial; see paper vs kaggle,True,eaf55d9209ce9362044448818b0e51f7
roadside,ACCIDENT_real,T1WbCBVGCHg_8_00,real_videos/T1WbCBVGCHg_8_00.mp4,T1WbCBVGCHg,accident_time,7.36,157,17.9029304029304,21.84,391,14.48,2,t-bone,unique,train,train,Very_Poor,day,highway,World,academic-noncommercial; see paper vs kaggle,True,b54945ceb067488d071ffc93274ed722
roadside,ACCIDENT_real,T_MwU0oQIBs_0_00,real_videos/T_MwU0oQIBs_0_00.mp4,T_MwU0oQIBs,accident_time,1.6016,24,15.092823017676281,4.6379660000000005,70,3.0363660000000006,2,t-bone,unique,train,train,Good,day,simple_intersection,World,academic-noncommercial; see paper vs kaggle,True,8f78b32c581f9e3bf92a24349ddc2149
roadside,ACCIDENT_real,TqwcLiIQq3A_3_00,real_videos/TqwcLiIQq3A_3_00.mp4,TqwcLiIQq3A,accident_time,91.024267,895,9.625263174958915,98.6986,950,7.674333000000004,2,t-bone,unique,train,train,Poor,day,signalized_intersection,World,academic-noncommercial; see paper vs kaggle,True,da33b0435a437bb05d8b13617640749d
roadside,ACCIDENT_real,TvPX5q1VvE0_0_00,real_videos/TvPX5q1VvE0_0_00.mp4,TvPX5q1VvE0,accident_time,6.172833,140,22.063826420935705,10.877533,240,4.7047,1,rear-end,unique,train,train,Good,day,simple_intersection,World,academic-noncommercial; see paper vs kaggle,True,04ee67a3dabe8fda7b73da3282af037a
roadside,ACCIDENT_real,UEXRGvWNta8_0_00,real_videos/UEXRGvWNta8_0_00.mp4,UEXRGvWNta8,accident_time,4.933333,59,11.96531722743831,5.766667,69,0.8333339999999998,2,t-bone,unique,train,train,Fine,day,signalized_intersection,World,academic-noncommercial; see paper vs kaggle,True,25e8aa34b187a933fc70d761f70c388b
roadside,ACCIDENT_real,UcJKeuDYOzc_12_00,real_videos/UcJKeuDYOzc_12_00.mp4,UcJKeuDYOzc,accident_time,1.52,38,22.625698324022345,7.16,162,5.640000000000001,4,single,unique,train,train,Very_Poor,night,signalized_intersection,World,academic-noncommercial; see paper vs kaggle,True,0e287571095db4aba9e838002ba33649
roadside,ACCIDENT_real,UcJKeuDYOzc_15_00,real_videos/UcJKeuDYOzc_15_00.mp4,UcJKeuDYOzc,accident_time,5.48,137,20.88477366255144,9.72,203,4.24,2,t-bone,unique,train,train,Poor,day,roundabout,World,academic-noncommercial; see paper vs kaggle,True,ad05bc76ef442fb0ed9a7787824f859c
roadside,ACCIDENT_real,UcJKeuDYOzc_16_00,real_videos/UcJKeuDYOzc_16_00.mp4,UcJKeuDYOzc,accident_time,6.04,151,25.0,9.84,246,3.8,2,t-bone,unique,train,train,Fine,day,signalized_intersection,World,academic-noncommercial; see paper vs kaggle,True,0704bd92087ba96653546348d61c58f5
roadside,ACCIDENT_real,UcJKeuDYOzc_19_00,real_videos/UcJKeuDYOzc_19_00.mp4,UcJKeuDYOzc,accident_time,3.84,96,24.596774193548388,9.92,244,6.08,3,sideswipe,unique,train,train,Fine,day,city_street,World,academic-noncommercial; see paper vs kaggle,True,f77ba8d8f32d155eee83fe39b638a649
roadside,ACCIDENT_real,UcJKeuDYOzc_3_00,real_videos/UcJKeuDYOzc_3_00.mp4,UcJKeuDYOzc,accident_time,7.84,196,25.0,14.04,351,6.199999999999999,2,t-bone,unique,train,train,Poor,night,simple_intersection,World,academic-noncommercial; see paper vs kaggle,True,763254284f473ffb9f35f76038dc2381
roadside,ACCIDENT_real,UcJKeuDYOzc_4_00,real_videos/UcJKeuDYOzc_4_00.mp4,UcJKeuDYOzc,accident_time,3.08,77,25.0,7.32,183,4.24,2,t-bone,unique,train,train,Poor,day,signalized_intersection,World,academic-noncommercial; see paper vs kaggle,True,a2dcddb0006388995b5776931118e9ec
roadside,ACCIDENT_real,UcJKeuDYOzc_6_00,real_videos/UcJKeuDYOzc_6_00.mp4,UcJKeuDYOzc,accident_time,9.0,161,15.027322404371585,14.64,220,5.640000000000001,2,t-bone,unique,train,train,Poor,day,signalized_intersection,World,academic-noncommercial; see paper vs kaggle,True,da81c8cb5eb8f36c12bca986b751b764
roadside,ACCIDENT_real,UcJKeuDYOzc_8_00,real_videos/UcJKeuDYOzc_8_00.mp4,UcJKeuDYOzc,accident_time,3.68,92,23.743016759776538,7.16,170,3.48,2,t-bone,unique,train,train,Very_Poor,night,signalized_intersection,World,academic-noncommercial; see paper vs kaggle,True,2347417ea917bd91e583bfbe4df0ebb1
roadside,ACCIDENT_real,UcJKeuDYOzc_9_00,real_videos/UcJKeuDYOzc_9_00.mp4,UcJKeuDYOzc,accident_time,5.88,127,22.959183673469386,9.8,225,3.920000000000001,4,single,unique,train,train,Poor,night,signalized_intersection,World,academic-noncommercial; see paper vs kaggle,True,05f8f4f20e718babac02bea0610463ae
roadside,ACCIDENT_real,V0iWmOFca7w_4_00,real_videos/V0iWmOFca7w_4_00.mp4,V0iWmOFca7w,accident_time,18.601917,348,18.746503311793614,22.564208,423,3.9622910000000005,2,t-bone,unique,train,train,Good,day,signalized_intersection,World,academic-noncommercial; see paper vs kaggle,True,5e63c7217a0e6061a84facb056185f44
roadside,ACCIDENT_real,zs895pofwv4_00,real_videos/zs895pofwv4_00.mp4,zs895pofwv4,accident_time,6.583,98,14.955537590945836,19.792,296,13.209000000000001,4,single,unique,test,test,Fine,day,highway,Arkansas,academic-noncommercial; see paper vs kaggle,True,b2a30438891652ac05d0e42c9db2f508
roadside,ACCIDENT_real,DEmCJ-_E3tY_00,real_videos/DEmCJ-_E3tY_00.mp4,DEmCJ-_E3tY,accident_time,3.7,56,15.025041736227045,19.767,297,16.067,4,single,unique,train,test,Poor,day,highway,Virginia,academic-noncommercial; see paper vs kaggle,True,7e02b26cbcd01928114fc60798fc4ed8
roadside,ACCIDENT_real,zefBTt5RXko_00,real_videos/zefBTt5RXko_00.mp4,zefBTt5RXko,accident_time,5.833333,87,14.920723392720149,29.958333,447,24.125,4,single,unique,test,test,Fine,day,tunnel,Virginia,academic-noncommercial; see paper vs kaggle,True,32052efa45e43c837d5dc41753d6b662
roadside,ACCIDENT_real,K0YHy4UKGE4_00,real_videos/K0YHy4UKGE4_00.mp4,K0YHy4UKGE4,accident_time,3.625,54,14.966293480116267,7.416666,111,3.791666,1,rear-end,unique,test,test,Fine,day,highway,Louisiana,academic-noncommercial; see paper vs kaggle,True,b9315bdf0e7a8fdb2e83c725d49e16da
roadside,ACCIDENT_real,SMqZ9jI9TOE_00,real_videos/SMqZ9jI9TOE_00.mp4,SMqZ9jI9TOE,accident_time,5.2,156,29.665965895818736,29.967,889,24.767,2,t-bone,unique,test,test,Poor,night,signalized_intersection,Minnesota,academic-noncommercial; see paper vs kaggle,True,1b0ce2f30ebdc35c88d0382e4472f7ad
roadside,ACCIDENT_real,-yuVlpyayOI_00,real_videos/-yuVlpyayOI_00.mp4,-yuVlpyayOI,accident_time,10.333,219,18.831000996935348,27.083,510,16.75,4,single,unique,train,test,Poor,day,highway,Virginia,academic-noncommercial; see paper vs kaggle,True,9dbc13808a5743efb401d1e4764942ed
roadside,ACCIDENT_real,JEv4-TJDQlQ_00,real_videos/JEv4-TJDQlQ_00.mp4,JEv4-TJDQlQ,accident_time,9.65,144,15.009601442175805,25.517,383,15.866999999999999,1,rear-end,unique,test,test,Excellent,day,signalized_intersection,Seattle,academic-noncommercial; see paper vs kaggle,True,5753157889499c0ee3c72ea83f2db952
roadside,ACCIDENT_real,SZA0u7rLVL4_00,real_videos/SZA0u7rLVL4_00.mp4,SZA0u7rLVL4,accident_time,9.799999999999999,294,29.916828733396784,24.166999999999998,723,14.366999999999999,3,sideswipe,unique,test,test,Good,day,city_street,Seattle,academic-noncommercial; see paper vs kaggle,True,46f633abb150a9afcec015ddb254b453
roadside,ACCIDENT_real,i62_ZJJeR-Y_00,real_videos/i62_ZJJeR-Y_00.mp4,i62_ZJJeR-Y,accident_time,2.633,77,25.12764040444489,29.967,753,27.334,4,single,unique,test,test,Fine,night,signalized_intersection,Seattle,academic-noncommercial; see paper vs kaggle,True,da3e5048d61ca84272799cb3ce0db7f8
roadside,ACCIDENT_real,efXT6-Z1BGg_00,real_videos/efXT6-Z1BGg_00.mp4,efXT6-Z1BGg,accident_time,1.4000000000000004,35,20.01288556011919,24.834,497,23.433999999999997,2,t-bone,unique,test,test,Poor,day,signalized_intersection,Seattle,academic-noncommercial; see paper vs kaggle,True,80bce2461c52f8138e09f25cb7129be9
roadside,ACCIDENT_real,jndtah0zyZ4_00,real_videos/jndtah0zyZ4_00.mp4,jndtah0zyZ4,accident_time,24.333333,612,25.464771291143666,29.962963000000002,763,5.629630000000002,3,sideswipe,unique,test,test,Excellent,day,signalized_intersection,Seattle,academic-noncommercial; see paper vs kaggle,True,f062dac2e3449a10c8e4f6b5f954717a
roadside,ACCIDENT_real,z6AXuWSU63M_00,real_videos/z6AXuWSU63M_00.mp4,z6AXuWSU63M,accident_time,13.533,202,14.9498997995992,24.95,373,11.417,3,sideswipe,unique,test,test,Very_Poor,day,highway,Wisconsin,academic-noncommercial; see paper vs kaggle,True,180fc701ba2319de8635729e722cedfa
roadside,ACCIDENT_real,Xe9CoVqpv9c_2_00,real_videos/Xe9CoVqpv9c_2_00.mp4,Xe9CoVqpv9c,accident_time,5.933333,149,25.0,7.0,175,1.0666669999999998,1,rear-end,unique,train,train,Good,night,simple_intersection,World,academic-noncommercial; see paper vs kaggle,True,60803a3d0ee808fa7dd53fc1743d1a75
roadside,ACCIDENT_real,Xu1KsH1j2iQ_1_00,real_videos/Xu1KsH1j2iQ_1_00.mp4,Xu1KsH1j2iQ,accident_time,4.9049,113,24.791385996040212,9.075733,225,4.170833,2,t-bone,unique,train,train,Fine,day,signalized_intersection,World,academic-noncommercial; see paper vs kaggle,True,2820ad9de4f449a322beaed05aaac70a
roadside,ACCIDENT_real,Xu1KsH1j2iQ_11_00,real_videos/Xu1KsH1j2iQ_11_00.mp4,Xu1KsH1j2iQ,accident_time,6.5065,130,20.05555842917841,17.650967,354,11.144467000000002,4,single,unique,train,train,Excellent,day,city_street,World,academic-noncommercial; see paper vs kaggle,True,72e9ecb8bf7e9b9f5fb85d8c6c8eb473
roadside,ACCIDENT_real,YTOvt3Ac1z4_0_00,real_videos/YTOvt3Ac1z4_0_00.mp4,YTOvt3Ac1z4,accident_time,24.8248,635,27.189831676322246,39.205833,1066,14.381032999999999,2,t-bone,unique,train,train,Poor,day,signalized_intersection,World,academic-noncommercial; see paper vs kaggle,True,d11488f8aa634718dba206ce4273883e
roadside,ACCIDENT_real,YtKuNIcpvlY_0_00,real_videos/YtKuNIcpvlY_0_00.mp4,YtKuNIcpvlY,accident_time,8.294118,125,14.997382355993533,44.941176,674,36.647058,2,t-bone,unique,train,train,Good,day,signalized_intersection,World,academic-noncommercial; see paper vs kaggle,True,16d9c6a06385713ed4236a5cdc7d50b4
roadside,ACCIDENT_real,Z52L6jGdSkY_0_00,real_videos/Z52L6jGdSkY_0_00.mp4,Z52L6jGdSkY,accident_time,0.734067,22,29.970031829662997,5.372033,161,4.6379660000000005,2,t-bone,unique,train,train,Poor,day,signalized_intersection,World,academic-noncommercial; see paper vs kaggle,True,733e9ea07a3561317745abd76f79cc5e
roadside,ACCIDENT_real,Z52L6jGdSkY_10_00,real_videos/Z52L6jGdSkY_10_00.mp4,Z52L6jGdSkY,accident_time,2.7027,81,29.97002997002997,6.6066,198,3.9039,2,t-bone,unique,train,train,Poor,day,signalized_intersection,World,academic-noncommercial; see paper vs kaggle,True,a04bcb1d2fb01102875ea4e6332b86ca
roadside,ACCIDENT_real,Z52L6jGdSkY_11_00,real_videos/Z52L6jGdSkY_11_00.mp4,Z52L6jGdSkY,accident_time,0.967633,29,29.970034576198355,2.168833,65,1.2011999999999998,2,t-bone,unique,train,train,Fine,day,signalized_intersection,World,academic-noncommercial; see paper vs kaggle,True,1a8a4691c74c64fa4808dda3e5c09be6
roadside,ACCIDENT_real,Z52L6jGdSkY_12_00,real_videos/Z52L6jGdSkY_12_00.mp4,Z52L6jGdSkY,accident_time,2.168833,65,29.970026976021284,3.336667,100,1.167834,2,t-bone,unique,train,train,Very_Poor,day,signalized_intersection,World,academic-noncommercial; see paper vs kaggle,True,e14566d04a06bd19076d1210a01b9fba
roadside,ACCIDENT_real,Z52L6jGdSkY_14_00,real_videos/Z52L6jGdSkY_14_00.mp4,Z52L6jGdSkY,accident_time,1.468133,44,29.97003269185657,3.670333,110,2.2022,3,sideswipe,unique,train,train,Poor,day,signalized_intersection,World,academic-noncommercial; see paper vs kaggle,True,076abbe4287d6434a9873bf8eb57f78b
roadside,ACCIDENT_real,Z52L6jGdSkY_15_00,real_videos/Z52L6jGdSkY_15_00.mp4,Z52L6jGdSkY,accident_time,1.868533,56,29.970031829662997,5.372033,161,3.5035,2,t-bone,unique,train,train,Poor,night,signalized_intersection,World,academic-noncommercial; see paper vs kaggle,True,2057579e6f03acf490315ab83e518a39
roadside,ACCIDENT_real,Z52L6jGdSkY_3_00,real_videos/Z52L6jGdSkY_3_00.mp4,Z52L6jGdSkY,accident_time,1.3013,38,29.692529692529693,3.6036,107,2.3023000000000002,2,t-bone,unique,train,train,Poor,day,signalized_intersection,World,academic-noncommercial; see paper vs kaggle,True,fb0b16fd07672f630ea6ba484b2bf39a
roadside,ACCIDENT_real,Z52L6jGdSkY_6_00,real_videos/Z52L6jGdSkY_6_00.mp4,Z52L6jGdSkY,accident_time,1.034367,26,25.018457627723787,3.837167,96,2.8028,2,t-bone,unique,train,train,Fine,day,signalized_intersection,World,academic-noncommercial; see paper vs kaggle,True,5688791d2d5b765b593ea286aadc6699
roadside,ACCIDENT_real,Z52L6jGdSkY_7_00,real_videos/Z52L6jGdSkY_7_00.mp4,Z52L6jGdSkY,accident_time,1.868533,46,24.935066927877475,4.170833,104,2.3023,2,t-bone,unique,train,train,Fine,day,signalized_intersection,World,academic-noncommercial; see paper vs kaggle,True,6b71e73d9f80c8500b8d7c761f4fd45f
roadside,ACCIDENT_real,Z52L6jGdSkY_8_00,real_videos/Z52L6jGdSkY_8_00.mp4,Z52L6jGdSkY,accident_time,1.534867,37,24.818933005973165,4.270933,106,2.736066,2,t-bone,unique,train,train,Fine,day,signalized_intersection,World,academic-noncommercial; see paper vs kaggle,True,1aa64e1ab3b42a0a8ea6866f4ed5c379
roadside,ACCIDENT_real,Z52L6jGdSkY_9_00,real_videos/Z52L6jGdSkY_9_00.mp4,Z52L6jGdSkY,accident_time,1.5015,45,29.970027296807896,3.737067,112,2.235567,2,t-bone,unique,train,train,Poor,day,signalized_intersection,World,academic-noncommercial; see paper vs kaggle,True,691a9cc418c3424faae4027a8a792e20
roadside,ACCIDENT_real,_FjROQyb1C8_1_00,real_videos/_FjROQyb1C8_1_00.mp4,_FjROQyb1C8,accident_time,2.9029,72,21.844821844821844,7.5075,164,4.6046000000000005,3,sideswipe,unique,train,train,Poor,day,city_street,World,academic-noncommercial; see paper vs kaggle,True,f3ce1e222ea48adb0fd9f372fe8c2efd
roadside,ACCIDENT_real,bSZkOI7eF8k_1_00,real_videos/bSZkOI7eF8k_1_00.mp4,bSZkOI7eF8k,accident_time,3.433333,103,29.99999858490573,7.066667,212,3.6333339999999996,2,t-bone,unique,train,train,Good,day,simple_intersection,World,academic-noncommercial; see paper vs kaggle,True,dbddfa7131f268438944de5695b33184
roadside,ACCIDENT_real,bSZkOI7eF8k_2_00,real_videos/bSZkOI7eF8k_2_00.mp4,bSZkOI7eF8k,accident_time,11.2,322,28.88888888888889,12.6,364,1.4000000000000004,2,t-bone,unique,train,train,Fine,night,signalized_intersection,World,academic-noncommercial; see paper vs kaggle,True,21542579442bfeb31dd14efc6628c2d1
roadside,ACCIDENT_real,bSZkOI7eF8k_3_00,real_videos/bSZkOI7eF8k_3_00.mp4,bSZkOI7eF8k,accident_time,5.966667,179,28.463413939916734,13.666667,389,7.7,2,t-bone,unique,train,train,Fine,night,signalized_intersection,World,academic-noncommercial; see paper vs kaggle,True,bb85bbd3cd78a40f1f36f509b0715104
roadside,ACCIDENT_real,bSZkOI7eF8k_4_00,real_videos/bSZkOI7eF8k_4_00.mp4,bSZkOI7eF8k,accident_time,1.2,36,28.079470198675498,15.1,424,13.9,2,t-bone,unique,train,train,Good,night,signalized_intersection,World,academic-noncommercial; see paper vs kaggle,True,495e1b459e6f2010d5115b163edc3b3d
roadside,ACCIDENT_real,bSZkOI7eF8k_7_00,real_videos/bSZkOI7eF8k_7_00.mp4,bSZkOI7eF8k,accident_time,2.266667,68,30.000002542373096,3.933333,118,1.6666660000000002,3,sideswipe,unique,train,train,Good,day,simple_intersection,World,academic-noncommercial; see paper vs kaggle,True,ba0a32017e51e5e1e324cec62d82597e
roadside,ACCIDENT_real,bXaAw1730zE_0_00,real_videos/bXaAw1730zE_0_00.mp4,bXaAw1730zE,accident_time,3.066667,45,14.36170136373929,6.266667,90,3.2,2,t-bone,unique,train,train,Excellent,day,simple_intersection,World,academic-noncommercial; see paper vs kaggle,True,23ea1543f824722d0981ecbb7d28a0e0
roadside,ACCIDENT_real,bwW_wL4TwZg_1_00,real_videos/bwW_wL4TwZg_1_00.mp4,bwW_wL4TwZg,accident_time,1.28,32,24.404761904761905,3.36,82,2.08,4,single,unique,train,train,Poor,day,tunnel,World,academic-noncommercial; see paper vs kaggle,True,58fe0a03cb0de440c219244811c9ae76
roadside,ACCIDENT_real,bwW_wL4TwZg_2_00,real_videos/bwW_wL4TwZg_2_00.mp4,bwW_wL4TwZg,accident_time,6.4,158,24.819494584837546,11.08,275,4.68,4,single,unique,train,train,Very_Poor,day,tunnel,World,academic-noncommercial; see paper vs kaggle,True,958f5b2ab639fba83a13315ec7802419
roadside,ACCIDENT_real,dmwcqNAuZcM_1_00,real_videos/dmwcqNAuZcM_1_00.mp4,dmwcqNAuZcM,accident_time,25.658967,325,13.86041805443061,52.018633,721,26.359666,2,t-bone,unique,train,train,Good,day,signalized_intersection,World,academic-noncommercial; see paper vs kaggle,True,2dd89de61372d6f7de14653be4429e5b
roadside,ACCIDENT_real,h50TQ3i9k5I_0_00,real_videos/h50TQ3i9k5I_0_00.mp4,h50TQ3i9k5I,accident_time,3.3,41,12.527932785922726,23.866667,299,20.566667,2,t-bone,unique,train,train,Poor,night,signalized_intersection,World,academic-noncommercial; see paper vs kaggle,True,3e55f14477b7b4c6d4b5870faffef1ff
roadside,ACCIDENT_real,h50TQ3i9k5I_2_00,real_videos/h50TQ3i9k5I_2_00.mp4,h50TQ3i9k5I,accident_time,6.033333,121,20.05617921190508,11.866667,238,5.833334,2,t-bone,unique,train,train,Good,day,signalized_intersection,World,academic-noncommercial; see paper vs kaggle,True,c49c1fec1897fb57e363db9853acdf2f
roadside,ACCIDENT_real,hSt-aJwZqsY_2_00,real_videos/hSt-aJwZqsY_2_00.mp4,hSt-aJwZqsY,accident_time,2.7,81,30.000001401869223,7.133333,214,4.433333,0,head-on,unique,train,train,Good,day,simple_intersection,World,academic-noncommercial; see paper vs kaggle,True,124954daf3856696a09141e454f80931
roadside,ACCIDENT_real,hSt-aJwZqsY_3_00,real_videos/hSt-aJwZqsY_3_00.mp4,hSt-aJwZqsY,accident_time,4.2,126,30.0,6.8,204,2.5999999999999996,2,t-bone,unique,train,train,Good,day,simple_intersection,World,academic-noncommercial; see paper vs kaggle,True,ed3d99ed8141d4087b472c3799ddb0bd
roadside,ACCIDENT_real,ieFXAiS97A0_1_00,real_videos/ieFXAiS97A0_1_00.mp4,ieFXAiS97A0,accident_time,4.938267,74,14.261600959785076,9.676333,138,4.738066,3,sideswipe,unique,dev,train,Very_Poor,day,signalized_intersection,World,academic-noncommercial; see paper vs kaggle,True,42ed737cb834dfc7b719737881973234
roadside,ACCIDENT_real,ieFXAiS97A0_5_00,real_videos/ieFXAiS97A0_5_00.mp4,ieFXAiS97A0,accident_time,4.7047,94,19.8839621916545,10.4104,207,5.705699999999999,2,t-bone,unique,dev,train,Very_Poor,day,signalized_intersection,World,academic-noncommercial; see paper vs kaggle,True,b7acb6dd39fdc1b945aaf08ce3b8b8a8
roadside,ACCIDENT_real,k932VZGqE6c_0_00,real_videos/k932VZGqE6c_0_00.mp4,k932VZGqE6c,accident_time,7.866667,216,28.488665705004173,13.233333,377,5.366666,2,t-bone,unique,train,train,Poor,night,signalized_intersection,World,academic-noncommercial; see paper vs kaggle,True,e5c03aa18d916a976ea38cbe409d5df1
roadside,ACCIDENT_real,k932VZGqE6c_1_00,real_videos/k932VZGqE6c_1_00.mp4,k932VZGqE6c,accident_time,4.033333,121,29.999998678414155,7.566667,227,3.533334,2,t-bone,unique,train,train,Poor,day,signalized_intersection,World,academic-noncommercial; see paper vs kaggle,True,a6b06acef96a348993c0efad0e04d67b
roadside,ACCIDENT_real,k932VZGqE6c_2_00,real_videos/k932VZGqE6c_2_00.mp4,k932VZGqE6c,accident_time,5.633333,157,28.548385945629597,8.266667,236,2.6333339999999996,1,rear-end,unique,train,train,Poor,day,signalized_intersection,World,academic-noncommercial; see paper vs kaggle,True,3a1ce99b5692a3151e580faedc3eb34c
roadside,ACCIDENT_real,k932VZGqE6c_3_00,real_videos/k932VZGqE6c_3_00.mp4,k932VZGqE6c,accident_time,4.533333,98,22.9470191077146,10.066667,231,5.533334000000001,1,rear-end,unique,train,train,Very_Poor,day,signalized_intersection,World,academic-noncommercial; see paper vs kaggle,True,343953706c9c05447fd8a80583457562
roadside,ACCIDENT_real,kv-u4ZiEGJA_4_00,real_videos/kv-u4ZiEGJA_4_00.mp4,kv-u4ZiEGJA,accident_time,0.766667,15,22.857142857142858,3.5,80,2.733333,0,head-on,unique,train,train,Poor,day,signalized_intersection,World,academic-noncommercial; see paper vs kaggle,True,653cb19010e0ac872fd27d530e1cf50e
roadside,ACCIDENT_real,lJvJnAxuX5U_0_00,real_videos/lJvJnAxuX5U_0_00.mp4,lJvJnAxuX5U,accident_time,6.76,161,22.57085020242915,9.88,223,3.120000000000001,2,t-bone,unique,train,train,Good,day,signalized_intersection,World,academic-noncommercial; see paper vs kaggle,True,6e2f62487c76b28970ddfe24a2834554
roadside,ACCIDENT_real,mOwuW8t6-GQ_2_00,real_videos/mOwuW8t6-GQ_2_00.mp4,mOwuW8t6-GQ,accident_time,5.76,144,24.942922374429223,17.52,437,11.76,0,head-on,unique,dev,train,Fine,day,simple_intersection,World,academic-noncommercial; see paper vs kaggle,True,15b2866b24e35063e282917d05fcf857
roadside,ACCIDENT_real,mOwuW8t6-GQ_4_00,real_videos/mOwuW8t6-GQ_4_00.mp4,mOwuW8t6-GQ,accident_time,25.64,507,20.210368144252442,53.24,1076,27.6,2,t-bone,unique,dev,train,Good,day,signalized_intersection,World,academic-noncommercial; see paper vs kaggle,True,e21b850fb6412f2b6bea1b28ead60e1a
roadside,ACCIDENT_real,mOwuW8t6-GQ_5_00,real_videos/mOwuW8t6-GQ_5_00.mp4,mOwuW8t6-GQ,accident_time,4.76,84,19.05286343612335,9.08,173,4.32,2,t-bone,unique,dev,train,Poor,day,signalized_intersection,World,academic-noncommercial; see paper vs kaggle,True,81e2684a107f94698b3fe20006b6e1d2
roadside,ACCIDENT_real,mOwuW8t6-GQ_6_00,real_videos/mOwuW8t6-GQ_6_00.mp4,mOwuW8t6-GQ,accident_time,8.64,173,17.974806201550386,20.64,371,12.0,2,t-bone,unique,dev,train,Fine,day,signalized_intersection,World,academic-noncommercial; see paper vs kaggle,True,aca1f783ef67c34fcf406e94b1886c74
roadside,ACCIDENT_real,mg6PLF8sHWw_0_00,real_videos/mg6PLF8sHWw_0_00.mp4,mg6PLF8sHWw,accident_time,5.481894,96,17.973885675816312,16.746518,301,11.264623999999998,2,t-bone,unique,train,train,Poor,day,simple_intersection,World,academic-noncommercial; see paper vs kaggle,True,138e6b44e32fa019665acf7c0014df00
roadside,ACCIDENT_real,mhQIf0yVU3g_1_00,real_videos/mhQIf0yVU3g_1_00.mp4,mhQIf0yVU3g,accident_time,2.933333,44,15.076141366693331,6.566667,99,3.6333339999999996,2,t-bone,unique,train,train,Fine,day,signalized_intersection,World,academic-noncommercial; see paper vs kaggle,True,2fb3396bf97d24aaa00e8f52ba26995e
roadside,ACCIDENT_real,mhQIf0yVU3g_3_00,real_videos/mhQIf0yVU3g_3_00.mp4,mhQIf0yVU3g,accident_time,3.266667,59,18.064516129032256,6.2,112,2.933333,0,head-on,unique,train,train,Good,day,signalized_intersection,World,academic-noncommercial; see paper vs kaggle,True,80be6075ef1f6eddfce093e86b3b6f03
roadside,ACCIDENT_real,nFpT2-RpAS8_0_00,real_videos/nFpT2-RpAS8_0_00.mp4,nFpT2-RpAS8,accident_time,2.64,66,25.0,6.84,171,4.199999999999999,2,t-bone,unique,train,train,Poor,day,signalized_intersection,World,academic-noncommercial; see paper vs kaggle,True,b504f4be47c4ae519c24a915b8b9dc27
roadside,ACCIDENT_real,nFpT2-RpAS8_1_00,real_videos/nFpT2-RpAS8_1_00.mp4,nFpT2-RpAS8,accident_time,2.28,57,24.764150943396224,25.44,630,23.16,3,sideswipe,unique,train,train,Poor,day,city_street,World,academic-noncommercial; see paper vs kaggle,True,28fad79ddbde8c5a0d99474347027ac1
roadside,ACCIDENT_real,nFpT2-RpAS8_2_00,real_videos/nFpT2-RpAS8_2_00.mp4,nFpT2-RpAS8,accident_time,4.92,119,24.324324324324323,14.8,360,9.88,4,single,unique,train,train,Poor,night,city_street,World,academic-noncommercial; see paper vs kaggle,True,4de88afd419f92b2915a0349c43aa555
roadside,ACCIDENT_real,nFpT2-RpAS8_3_00,real_videos/nFpT2-RpAS8_3_00.mp4,nFpT2-RpAS8,accident_time,0.76,19,23.97119341563786,9.72,233,8.96,4,single,unique,train,train,Poor,day,city_street,World,academic-noncommercial; see paper vs kaggle,True,f02f2aa336c242f5ec3674b06c9379e8
roadside,ACCIDENT_real,nSK7cehJiCE_6_00,real_videos/nSK7cehJiCE_6_00.mp4,nSK7cehJiCE,accident_time,2.64,66,25.0,5.0,125,2.36,2,t-bone,unique,train,train,Very_Poor,night,grade_separated_intersection,World,academic-noncommercial; see paper vs kaggle,True,74160cb87edacc49752da3bc90a11ed8
roadside,ACCIDENT_real,nSK7cehJiCE_8_00,real_videos/nSK7cehJiCE_8_00.mp4,nSK7cehJiCE,accident_time,1.68,38,22.758620689655174,5.8,132,4.12,2,t-bone,unique,train,train,Fine,day,signalized_intersection,World,academic-noncommercial; see paper vs kaggle,True,d34a1b2fffdf93ed90efbb48af346a81
roadside,ACCIDENT_real,nSK7cehJiCE_9_00,real_videos/nSK7cehJiCE_9_00.mp4,nSK7cehJiCE,accident_time,1.88,46,24.818840579710148,5.52,137,3.6399999999999997,2,t-bone,unique,train,train,Fine,night,simple_intersection,World,academic-noncommercial; see paper vs kaggle,True,9ab2406bebc2a2a235c2b2c37e2e6ee5
roadside,ACCIDENT_real,nsHYg3ENgk4_1_00,real_videos/nsHYg3ENgk4_1_00.mp4,nsHYg3ENgk4,accident_time,5.438767,162,29.84567176202753,8.041367,240,2.602599999999999,2,t-bone,unique,train,train,Poor,night,signalized_intersection,World,academic-noncommercial; see paper vs kaggle,True,e66b521a9e7dad6ace5889cb5f2f910c
roadside,ACCIDENT_real,nsHYg3ENgk4_2_00,real_videos/nsHYg3ENgk4_2_00.mp4,nsHYg3ENgk4,accident_time,6.139467,154,25.096010387674248,9.642967,242,3.5035000000000007,2,t-bone,unique,train,train,Very_Poor,night,signalized_intersection,World,academic-noncommercial; see paper vs kaggle,True,f80ea98db81dd45c885336d26b757558
roadside,ACCIDENT_real,nsHYg3ENgk4_5_00,real_videos/nsHYg3ENgk4_5_00.mp4,nsHYg3ENgk4,accident_time,5.739067,171,29.867744196681958,9.776433,292,4.0373660000000005,3,sideswipe,unique,train,train,Very_Poor,day,signalized_intersection,World,academic-noncommercial; see paper vs kaggle,True,405d421d9bef2d9d47f7bbe26f6de0b1
roadside,ACCIDENT_real,nsHYg3ENgk4_6_00,real_videos/nsHYg3ENgk4_6_00.mp4,nsHYg3ENgk4,accident_time,6.773433,202,29.852500440735735,8.5085,254,1.735067,2,t-bone,unique,train,train,Very_Poor,day,signalized_intersection,World,academic-noncommercial; see paper vs kaggle,True,d54f09e53377fbec1ed1aaa7da404f93
roadside,ACCIDENT_real,nsHYg3ENgk4_7_00,real_videos/nsHYg3ENgk4_7_00.mp4,nsHYg3ENgk4,accident_time,5.972633,178,29.8482005799079,8.2082,245,2.2355669999999996,2,t-bone,unique,train,train,Poor,day,signalized_intersection,World,academic-noncommercial; see paper vs kaggle,True,c9e94cec16e94f192d2e8ef3c7e03f9f
roadside,ACCIDENT_real,nsHYg3ENgk4_9_00,real_videos/nsHYg3ENgk4_9_00.mp4,nsHYg3ENgk4,accident_time,5.638967,169,29.97002997002997,7.9079,237,2.2689329999999996,2,t-bone,unique,train,train,Very_Poor,day,signalized_intersection,World,academic-noncommercial; see paper vs kaggle,True,7d39aa81bc7acbe5e95dccd2c32d911e
roadside,ACCIDENT_real,pA6q7Q2EQrw_20_00,real_videos/pA6q7Q2EQrw_20_00.mp4,pA6q7Q2EQrw,accident_time,1.066667,21,20.045455456611613,7.333333,147,6.266666,2,t-bone,unique,train,train,Poor,day,city_street,World,academic-noncommercial; see paper vs kaggle,True,828eba8557abae7033a6744fc5ae7f21
roadside,ACCIDENT_real,pA6q7Q2EQrw_21_00,real_videos/pA6q7Q2EQrw_21_00.mp4,pA6q7Q2EQrw,accident_time,1.3,33,25.04132438358053,4.033333,101,2.733333,2,t-bone,unique,train,train,Fine,night,signalized_intersection,World,academic-noncommercial; see paper vs kaggle,True,e6be6e5beb7d1fc99fcbaa4c92f913a8
roadside,ACCIDENT_real,pA6q7Q2EQrw_22_00,real_videos/pA6q7Q2EQrw_22_00.mp4,pA6q7Q2EQrw,accident_time,1.633333,20,12.572943963582388,12.566667,158,10.933334,1,rear-end,unique,train,train,Fine,day,city_street,World,academic-noncommercial; see paper vs kaggle,True,31693a20ad3f686d4bd533b8260c4c30
roadside,ACCIDENT_real,pA6q7Q2EQrw_25_00,real_videos/pA6q7Q2EQrw_25_00.mp4,pA6q7Q2EQrw,accident_time,1.166667,17,14.93087626409568,7.233333,108,6.066666,2,t-bone,unique,train,train,Fine,day,signalized_intersection,World,academic-noncommercial; see paper vs kaggle,True,d9b52c1f778f53bb2684453d81e5daf1
roadside,ACCIDENT_real,pA6q7Q2EQrw_3_00,real_videos/pA6q7Q2EQrw_3_00.mp4,pA6q7Q2EQrw,accident_time,3.333333,83,24.96000099840004,8.333333,208,5.0,2,t-bone,unique,train,train,Fine,day,simple_intersection,World,academic-noncommercial; see paper vs kaggle,True,fdae4cba45582811b40f5c5f449c9c61
roadside,ACCIDENT_real,pA6q7Q2EQrw_32_00,real_videos/pA6q7Q2EQrw_32_00.mp4,pA6q7Q2EQrw,accident_time,1.866667,46,24.60000098400004,8.333333,205,6.466666,4,single,unique,train,train,Poor,night,city_street,World,academic-noncommercial; see paper vs kaggle,True,4d65938261ad8d841ac24b86f47a0371
roadside,ACCIDENT_real,pA6q7Q2EQrw_8_00,real_videos/pA6q7Q2EQrw_8_00.mp4,pA6q7Q2EQrw,accident_time,2.4,60,24.82394278788934,9.466667,235,7.066666999999999,3,sideswipe,unique,train,train,Very_Poor,night,signalized_intersection,World,academic-noncommercial; see paper vs kaggle,True,277b9b0dfcdd3f31047af0f0fb9bc4dd
roadside,ACCIDENT_real,rQy2l6gxB8c_0_00,real_videos/rQy2l6gxB8c_0_00.mp4,rQy2l6gxB8c,accident_time,5.8058,173,29.892588032122916,12.9129,386,7.107100000000001,2,t-bone,unique,train,train,Poor,day,signalized_intersection,World,academic-noncommercial; see paper vs kaggle,True,39bafd920797ca09d0fea32bf6fdc593
roadside,ACCIDENT_real,rQy2l6gxB8c_1_00,real_videos/rQy2l6gxB8c_1_00.mp4,rQy2l6gxB8c,accident_time,2.6026,78,29.870460772766744,10.043367,300,7.440767,0,head-on,unique,train,train,Fine,night,signalized_intersection,World,academic-noncommercial; see paper vs kaggle,True,e0eab34bd6d982067e87c60c059cdad0
roadside,ACCIDENT_real,rQy2l6gxB8c_3_00,real_videos/rQy2l6gxB8c_3_00.mp4,rQy2l6gxB8c,accident_time,6.339667,167,25.88790475235274,19.352667,501,13.013,1,rear-end,unique,train,train,Fine,day,city_street,World,academic-noncommercial; see paper vs kaggle,True,abff388422e62c5d789e46056f3c9273
roadside,ACCIDENT_real,tDN-mwNSJc8_2_00,real_videos/tDN-mwNSJc8_2_00.mp4,tDN-mwNSJc8,accident_time,4.315068,80,18.57017645669827,6.246575,116,1.9315069999999999,0,head-on,unique,train,train,Very_Poor,night,signalized_intersection,World,academic-noncommercial; see paper vs kaggle,True,672b4f0f660168dd523e3c32f3461fef
roadside,ACCIDENT_real,tDN-mwNSJc8_3_00,real_videos/tDN-mwNSJc8_3_00.mp4,tDN-mwNSJc8,accident_time,3.123288,60,18.204938945861937,5.547945,101,2.4246570000000003,3,sideswipe,unique,train,train,Very_Poor,night,signalized_intersection,World,academic-noncommercial; see paper vs kaggle,True,7f60c88b392e716e3edd65b34301c546
roadside,ACCIDENT_real,tDN-mwNSJc8_4_00,real_videos/tDN-mwNSJc8_4_00.mp4,tDN-mwNSJc8,accident_time,2.876712,58,19.690790553223167,6.246575,123,3.369863,2,t-bone,unique,train,train,Poor,day,signalized_intersection,World,academic-noncommercial; see paper vs kaggle,True,af77406110ed28f561c20086e229a45b
roadside,ACCIDENT_real,tDN-mwNSJc8_5_00,real_videos/tDN-mwNSJc8_5_00.mp4,tDN-mwNSJc8,accident_time,1.890411,34,18.15640941842213,5.342466,97,3.4520549999999997,3,sideswipe,unique,train,train,Very_Poor,day,signalized_intersection,World,academic-noncommercial; see paper vs kaggle,True,df5359c2eb438b8bce8523402fbc6088
roadside,ACCIDENT_real,tDN-mwNSJc8_8_00,real_videos/tDN-mwNSJc8_8_00.mp4,tDN-mwNSJc8,accident_time,2.506849,44,19.277056652583354,6.328767,122,3.821918,3,sideswipe,unique,train,train,Very_Poor,day,signalized_intersection,World,academic-noncommercial; see paper vs kaggle,True,d602793c4be511669a2a201f4cdbbb40
roadside,ACCIDENT_real,tDN-mwNSJc8_9_00,real_videos/tDN-mwNSJc8_9_00.mp4,tDN-mwNSJc8,accident_time,4.643836,92,19.01780030671814,8.465753,161,3.821916999999999,2,t-bone,unique,train,train,Poor,night,signalized_intersection,World,academic-noncommercial; see paper vs kaggle,True,032389ad2463eeca6d680a0ce824efd8
roadside,ACCIDENT_real,upawiSphDM8_2_00,real_videos/upawiSphDM8_2_00.mp4,upawiSphDM8,accident_time,1.133333,33,28.039215686274513,5.1,143,3.9666669999999997,2,t-bone,unique,dev,train,Poor,day,signalized_intersection,World,academic-noncommercial; see paper vs kaggle,True,d6b872f49af7c4d38868ef32d32379de
roadside,ACCIDENT_real,wScVipt0pWk_10_00,real_videos/wScVipt0pWk_10_00.mp4,wScVipt0pWk,accident_time,1.2799999999999998,26,20.180722891566266,3.32,67,2.04,2,t-bone,unique,train,train,Good,day,signalized_intersection,World,academic-noncommercial; see paper vs kaggle,True,51329d5e68126c70fc369c3e9cb65955
roadside,ACCIDENT_real,wScVipt0pWk_12_00,real_videos/wScVipt0pWk_12_00.mp4,wScVipt0pWk,accident_time,2.64,52,19.867549668874172,6.04,120,3.4,1,rear-end,unique,train,train,Poor,day,city_street,World,academic-noncommercial; see paper vs kaggle,True,70fde0c72a39e513740437da597fe7a7
roadside,ACCIDENT_real,wScVipt0pWk_13_00,real_videos/wScVipt0pWk_13_00.mp4,wScVipt0pWk,accident_time,2.92,37,12.5,5.68,71,2.76,1,rear-end,unique,train,train,Good,day,signalized_intersection,World,academic-noncommercial; see paper vs kaggle,True,f9a09795cf470c6a54812c35074d74f4
roadside,ACCIDENT_real,wScVipt0pWk_15_00,real_videos/wScVipt0pWk_15_00.mp4,wScVipt0pWk,accident_time,1.08,22,16.176470588235293,2.72,44,1.6400000000000001,2,t-bone,unique,train,train,Good,day,roundabout,World,academic-noncommercial; see paper vs kaggle,True,24633eddf87230c3e25f818e0e8bfa98
roadside,ACCIDENT_real,wScVipt0pWk_17_00,real_videos/wScVipt0pWk_17_00.mp4,wScVipt0pWk,accident_time,2.44,48,19.934640522875817,6.12,122,3.68,2,t-bone,unique,train,train,Good,day,simple_intersection,World,academic-noncommercial; see paper vs kaggle,True,9146f96db844b6f934da00a9682fd3e5
roadside,ACCIDENT_real,wScVipt0pWk_3_00,real_videos/wScVipt0pWk_3_00.mp4,wScVipt0pWk,accident_time,1.04,13,12.61061946902655,4.52,57,3.4799999999999995,2,t-bone,unique,train,train,Good,day,city_street,World,academic-noncommercial; see paper vs kaggle,True,beeeabc52859f8a1e0409472982d8ec7
roadside,ACCIDENT_real,wScVipt0pWk_7_00,real_videos/wScVipt0pWk_7_00.mp4,wScVipt0pWk,accident_time,1.64,20,12.301587301587302,5.04,62,3.4000000000000004,3,sideswipe,unique,train,train,Fine,day,signalized_intersection,World,academic-noncommercial; see paper vs kaggle,True,6dd1c33c8937fa757dcaa62f62ac8aa3
roadside,ACCIDENT_real,xKT7khciy-c_10_00,real_videos/xKT7khciy-c_10_00.mp4,xKT7khciy-c,accident_time,2.1021,59,19.90546915066047,4.471133,89,2.369033,4,single,unique,dev,train,Very_Poor,night,city_street,World,academic-noncommercial; see paper vs kaggle,True,87c509c1cf96bfce7361936ac86b985a
roadside,ACCIDENT_real,xKT7khciy-c_14_00,real_videos/xKT7khciy-c_14_00.mp4,xKT7khciy-c,accident_time,2.769433,47,17.482517482517483,3.6036,63,0.8341670000000003,2,t-bone,unique,dev,train,Very_Poor,day,signalized_intersection,World,academic-noncommercial; see paper vs kaggle,True,3689bd81364ce62f022ccc1b5a5b4b95
roadside,ACCIDENT_real,xKT7khciy-c_16_00,real_videos/xKT7khciy-c_16_00.mp4,xKT7khciy-c,accident_time,2.769434,63,19.612738760303024,9.075733999999999,178,6.3062999999999985,2,t-bone,unique,dev,train,Very_Poor,day,signalized_intersection,World,academic-noncommercial; see paper vs kaggle,True,a12d06d7b4bbd4eb6a7079c49df14835
roadside,ACCIDENT_real,xKT7khciy-c_18_00,real_videos/xKT7khciy-c_18_00.mp4,xKT7khciy-c,accident_time,1.4014,16,10.217055207653473,7.340667,75,5.939267,4,single,unique,dev,train,Very_Poor,night,roundabout,World,academic-noncommercial; see paper vs kaggle,True,f35ee64d47ca79f0129082116cbdc600
roadside,ACCIDENT_real,xKT7khciy-c_2_00,real_videos/xKT7khciy-c_2_00.mp4,xKT7khciy-c,accident_time,0.6006,10,16.783216783216787,2.5024999999999995,42,1.9018999999999995,2,t-bone,unique,dev,train,Very_Poor,day,signalized_intersection,World,academic-noncommercial; see paper vs kaggle,True,47e2cb8bd7dd5042d9ecfe9484f340a1
roadside,ACCIDENT_real,xKT7khciy-c_20_00,real_videos/xKT7khciy-c_20_00.mp4,xKT7khciy-c,accident_time,1.5015,20,12.976714675876426,6.473133,84,4.971633,4,single,unique,dev,train,Very_Poor,day,city_street,World,academic-noncommercial; see paper vs kaggle,True,b279396288943ae505207cea174c7c66
roadside,ACCIDENT_real,xKT7khciy-c_22_00,real_videos/xKT7khciy-c_22_00.mp4,xKT7khciy-c,accident_time,2.4691330000000002,29,18.988644218810034,8.742067,166,6.272934,2,t-bone,unique,dev,train,Poor,day,signalized_intersection,World,academic-noncommercial; see paper vs kaggle,True,d5e2e22d37eb817027e896fcd054f30e
roadside,ACCIDENT_real,xKT7khciy-c_5_00,real_videos/xKT7khciy-c_5_00.mp4,xKT7khciy-c,accident_time,4.571233,80,19.783587754481132,11.878533,235,7.307299999999999,3,sideswipe,unique,dev,train,Poor,day,signalized_intersection,World,academic-noncommercial; see paper vs kaggle,True,7787e3575577f58778101651ec972c49
roadside,ACCIDENT_real,xKT7khciy-c_8_00,real_videos/xKT7khciy-c_8_00.mp4,xKT7khciy-c,accident_time,2.7027,44,16.10330088592757,4.471133,72,1.768433,2,t-bone,unique,dev,train,Fine,day,simple_intersection,World,academic-noncommercial; see paper vs kaggle,True,6bca9a2d485777934149e6790e06c750
roadside,ACCIDENT_real,y4Evv5By6sg_1_00,real_videos/y4Evv5By6sg_1_00.mp4,y4Evv5By6sg,accident_time,4.5045,112,24.907525748154743,9.876533,246,5.372033,2,t-bone,unique,train,train,Excellent,day,city_street,World,academic-noncommercial; see paper vs kaggle,True,087adc10b3f38af1b7d55df249e97875
roadside,ACCIDENT_real,y4Evv5By6sg_3_00,real_videos/y4Evv5By6sg_3_00.mp4,y4Evv5By6sg,accident_time,3.2032,79,24.929614706674474,7.340667,183,4.137467,0,head-on,unique,train,train,Good,day,simple_intersection,World,academic-noncommercial; see paper vs kaggle,True,8733d8a7a5357e7954b22bcdba80d3df
roadside,ACCIDENT_real,y4Evv5By6sg_4_00,real_videos/y4Evv5By6sg_4_00.mp4,y4Evv5By6sg,accident_time,2.969633,73,24.802784644064538,6.773433,168,3.8038,0,head-on,unique,train,train,Good,day,simple_intersection,World,academic-noncommercial; see paper vs kaggle,True,56c96da6cc891505a78fe5289a9a9b29
roadside,ACCIDENT_real,5m8QzQubYOI_00,real_videos/5m8QzQubYOI_00.mp4,5m8QzQubYOI,accident_time,3.68,19,5.727091633466136,20.08,115,16.4,4,single,unique,test,train,Fine,day,tunnel,World,academic-noncommercial; see paper vs kaggle,True,e257f38ecb2c0278893658319e993834
roadside,ACCIDENT_real,kaggle-fahaddalwai-cctvfootagevideo_1_00,real_videos/kaggle-fahaddalwai-cctvfootagevideo_1_00.mp4,kaggle-fahaddalwai-cctvfootagevideo,accident_time,1.933333,51,25.289255153336562,8.066667,204,6.1333340000000005,2,t-bone,unique,test,train,Good,day,signalized_intersection,World,academic-noncommercial; see paper vs kaggle,True,e6665b13feb9c9bd39b432779cee9920
roadside,ACCIDENT_real,kaggle-fahaddalwai-cctvfootagevideo_3_00,real_videos/kaggle-fahaddalwai-cctvfootagevideo_3_00.mp4,kaggle-fahaddalwai-cctvfootagevideo,accident_time,4.266667,126,29.235667858736694,10.466667,306,6.199999999999999,2,t-bone,unique,test,train,Fine,day,simple_intersection,World,academic-noncommercial; see paper vs kaggle,True,e1f60a5a31c1247ba6568ab15ba81cd9
roadside,ACCIDENT_real,kaggle-fahaddalwai-cctvfootagevideo_4_00,real_videos/kaggle-fahaddalwai-cctvfootagevideo_4_00.mp4,kaggle-fahaddalwai-cctvfootagevideo,accident_time,5.066666000000001,111,22.342658123869164,19.066666,426,14.0,2,t-bone,unique,test,train,Fine,night,highway,World,academic-noncommercial; see paper vs kaggle,True,31b7dbc005c322e96d57d90e3581cdac
roadside,ACCIDENT_real,kaggle-fahaddalwai-cctvfootagevideo_5_00,real_videos/kaggle-fahaddalwai-cctvfootagevideo_5_00.mp4,kaggle-fahaddalwai-cctvfootagevideo,accident_time,3.833333,96,25.142857142857142,7.0,176,3.166667,2,t-bone,unique,test,train,Good,day,simple_intersection,World,academic-noncommercial; see paper vs kaggle,True,b1e9216773edf5b5b6a43054ac9b9235
roadside,ACCIDENT_real,kaggle-fahaddalwai-cctvfootagevideo_6_00,real_videos/kaggle-fahaddalwai-cctvfootagevideo_6_00.mp4,kaggle-fahaddalwai-cctvfootagevideo,accident_time,3.833333,96,25.169493658431666,7.866666,198,4.033333000000001,2,t-bone,unique,test,train,Good,day,simple_intersection,World,academic-noncommercial; see paper vs kaggle,True,68647b7b495f55729cb8f98ddb99c429
roadside,ACCIDENT_real,KUBbn-T3XYI_00,real_videos/KUBbn-T3XYI_00.mp4,KUBbn-T3XYI,accident_time,12.08,156,13.632246376811596,22.08,301,9.999999999999998,0,head-on,unique,test,train,Poor,day,parking_lot,World,academic-noncommercial; see paper vs kaggle,True,cb5ee0148e1d0e0d6b02c57e47615e53
roadside,ACCIDENT_real,russia1_00,real_videos/russia1_00.mp4,russia1,accident_time,5.300000000000001,154,29.080291121743326,11.416667,332,6.116667,0,head-on,unique,test,train,Fine,day,signalized_intersection,World,academic-noncommercial; see paper vs kaggle,True,7028d338eec363aeca8a0a87891600e4
roadside,ACCIDENT_real,russia11_00,real_videos/russia11_00.mp4,russia11,accident_time,5.633333,198,32.15094339622642,13.25,426,7.616667,4,single,unique,test,train,Good,day,signalized_intersection,World,academic-noncommercial; see paper vs kaggle,True,50af2bde59b113d1367870137cb1714c
roadside,ACCIDENT_real,russia12_00,real_videos/russia12_00.mp4,russia12,accident_time,3.5,106,29.485715970612343,5.833333,172,2.3333329999999997,4,single,unique,test,train,Fine,day,highway,World,academic-noncommercial; see paper vs kaggle,True,3b1d6bb38f8d814171434336d6159d18
roadside,ACCIDENT_real,russia13_00,real_videos/russia13_00.mp4,russia13,accident_time,1.85,65,33.97260273972603,3.65,124,1.7999999999999998,2,t-bone,unique,test,train,Fine,day,simple_intersection,World,academic-noncommercial; see paper vs kaggle,True,e00c12028fc4daa7f08a11098f1e4cbf
roadside,ACCIDENT_real,russia14_00,real_videos/russia14_00.mp4,russia14,accident_time,2.116667,52,23.48993288590604,7.45,175,5.333333,2,t-bone,unique,test,train,Good,day,simple_intersection,World,academic-noncommercial; see paper vs kaggle,True,2873b928c2d6881f1faa17845de0da7d
roadside,ACCIDENT_real,russia15_00,real_videos/russia15_00.mp4,russia15,accident_time,3.116667,82,26.935865703759347,7.016667,189,3.9,2,t-bone,unique,test,train,Excellent,day,signalized_intersection,World,academic-noncommercial; see paper vs kaggle,True,8ea47ebb67328c27b259aba73af15976
roadside,ACCIDENT_real,russia16_00,real_videos/russia16_00.mp4,russia16,accident_time,4.233333,105,25.438281737449667,9.316667,237,5.083334000000001,2,t-bone,unique,test,train,Excellent,day,simple_intersection,World,academic-noncommercial; see paper vs kaggle,True,e27e1774bf2f987c34d5d8dbefd994ed
roadside,ACCIDENT_real,russia17_00,real_videos/russia17_00.mp4,russia17,accident_time,3.25,86,27.174347608242577,8.316667,226,5.066667000000001,3,sideswipe,unique,test,train,Good,day,signalized_intersection,World,academic-noncommercial; see paper vs kaggle,True,beb792c54c705b7aca8155bfdcb755f2
roadside,ACCIDENT_real,russia18_00,real_videos/russia18_00.mp4,russia18,accident_time,5.233333999999999,99,20.134905893092352,9.883334,199,4.65,1,rear-end,unique,test,train,Good,day,signalized_intersection,World,academic-noncommercial; see paper vs kaggle,True,2f4f48f929b75f956a750f39f1911ac5
roadside,ACCIDENT_real,russia19_00,real_videos/russia19_00.mp4,russia19,accident_time,4.183333,115,27.593582887700535,9.35,258,5.1666669999999995,2,t-bone,unique,test,train,Good,day,signalized_intersection,World,academic-noncommercial; see paper vs kaggle,True,b10be6e14761d23b47ed2d7c66d8c098
roadside,ACCIDENT_real,russia2_00,real_videos/russia2_00.mp4,russia2,accident_time,2.083333,62,30.17208297621098,8.716667,263,6.633334,2,t-bone,unique,test,train,Good,day,signalized_intersection,World,academic-noncommercial; see paper vs kaggle,True,61b5995157971953f4366fcbd95fa5b5
roadside,ACCIDENT_real,russia20_00,real_videos/russia20_00.mp4,russia20,accident_time,1.516667,40,27.302450828204318,6.116667,167,4.6,1,rear-end,unique,test,train,Excellent,day,signalized_intersection,World,academic-noncommercial; see paper vs kaggle,True,52c3bbde7219341221f0aa21e02b950b
roadside,ACCIDENT_real,russia21_00,real_videos/russia21_00.mp4,russia21,accident_time,5.516667,82,20.859950347421368,13.566667,283,8.05,0,head-on,unique,test,train,Poor,night,simple_intersection,World,academic-noncommercial; see paper vs kaggle,True,8e0155a8147cac1de3e9030e090c716b
roadside,ACCIDENT_real,russia22_00,real_videos/russia22_00.mp4,russia22,accident_time,1.766667,44,25.0,4.2,105,2.433333,3,sideswipe,unique,test,train,Fine,day,signalized_intersection,World,academic-noncommercial; see paper vs kaggle,True,56ac5a5ea5da52ee8dbf56adfc22e024
roadside,ACCIDENT_real,russia23_00,real_videos/russia23_00.mp4,russia23,accident_time,3.166667,95,29.999997761194194,4.466667,134,1.3000000000000003,2,t-bone,unique,test,train,Good,day,signalized_intersection,World,academic-noncommercial; see paper vs kaggle,True,9720e065077cb16c24cb37c6f451a0a6
roadside,ACCIDENT_real,russia3_00,real_videos/russia3_00.mp4,russia3,accident_time,4.116667,141,30.134931630136983,11.116667,335,7.0,2,t-bone,unique,test,train,Good,night,signalized_intersection,World,academic-noncommercial; see paper vs kaggle,True,1d7756d22b0134ae96adb561c56531f6
roadside,ACCIDENT_real,russia4_00,real_videos/russia4_00.mp4,russia4,accident_time,4.933333,144,25.872093023255815,17.2,445,12.266666999999998,2,t-bone,unique,test,train,Fine,night,highway,World,academic-noncommercial; see paper vs kaggle,True,1280f0a0c12537873900d038ae8700e1
roadside,ACCIDENT_real,russia6_00,real_videos/russia6_00.mp4,russia6,accident_time,3.866667,102,26.225165562913908,7.55,198,3.6833329999999997,0,head-on,unique,test,train,Good,night,signalized_intersection,World,academic-noncommercial; see paper vs kaggle,True,c79962fcfb358cad10078097aab1ccd2
roadside,ACCIDENT_real,russia7_00,real_videos/russia7_00.mp4,russia7,accident_time,4.833333,102,22.607735306248294,15.083333,341,10.25,2,t-bone,unique,test,train,Good,day,simple_intersection,World,academic-noncommercial; see paper vs kaggle,True,dec0ad44fa5449769e39bf2eafbdec30
roadside,ACCIDENT_real,russia8_00,real_videos/russia8_00.mp4,russia8,accident_time,2.933333,93,30.175438596491226,8.55,258,5.6166670000000005,3,sideswipe,unique,test,train,Excellent,day,simple_intersection,World,academic-noncommercial; see paper vs kaggle,True,18b2f2934bf738c51348eeda0e7faa8a
roadside,ACCIDENT_real,video13_00,real_videos/video13_00.mp4,video13,accident_time,8.033333,205,25.631067463474416,17.166667,440,9.133334,3,sideswipe,unique,train,train,Fine,day,highway,World,academic-noncommercial; see paper vs kaggle,True,0779ee1de07822b21b61581926cce594
roadside,ACCIDENT_real,video130_00,real_videos/video130_00.mp4,video130,accident_time,4.6,118,25.294117647058822,6.8,172,2.2,2,t-bone,unique,train,train,Fine,day,signalized_intersection,World,academic-noncommercial; see paper vs kaggle,True,3087735772607433170d0cb70acb205d
roadside,ACCIDENT_real,video136_00,real_videos/video136_00.mp4,video136,accident_time,4.583333,57,20.069478509787025,16.791667,337,12.208334,4,single,unique,train,train,Fine,day,city_street,World,academic-noncommercial; see paper vs kaggle,True,10e528ade74e62b75e62d056b3c2b3ed
roadside,ACCIDENT_real,video187_00,real_videos/video187_00.mp4,video187,accident_time,5.52,135,23.931623931623932,9.36,224,3.84,3,sideswipe,unique,train,train,Fine,day,highway,World,academic-noncommercial; see paper vs kaggle,True,ae960d0935884994567f2b222b137b4e
roadside,ACCIDENT_real,video193_00,real_videos/video193_00.mp4,video193,accident_time,8.666667,206,23.201210006641936,27.541667,639,18.875,2,t-bone,unique,train,train,Poor,day,simple_intersection,World,academic-noncommercial; see paper vs kaggle,True,29cdc541928ecaf4a7867ad8f377324b
roadside,ACCIDENT_real,video24_00,real_videos/video24_00.mp4,video24,accident_time,3.76,89,24.0234375,5.12,123,1.3600000000000003,3,sideswipe,unique,train,train,Poor,day,simple_intersection,World,academic-noncommercial; see paper vs kaggle,True,13ebdc638b0df143f025b297daa3ba49
roadside,ACCIDENT_real,video26_00,real_videos/video26_00.mp4,video26,accident_time,10.68,257,23.854041013269,33.16,791,22.479999999999997,1,rear-end,unique,dev,train,Poor,day,highway,World,academic-noncommercial; see paper vs kaggle,True,bb83685648ae6bd3887882a82a350e26
roadside,ACCIDENT_real,video33_00,real_videos/video33_00.mp4,video33,accident_time,2.65,53,20.0,5.25,105,2.6,1,rear-end,unique,dev,train,Poor,day,highway,World,academic-noncommercial; see paper vs kaggle,True,1f77892e79760e1da9cd6e9b5bad9091
roadside,ACCIDENT_real,video38_00,real_videos/video38_00.mp4,video38,accident_time,2.9,58,17.68421052631579,4.75,84,1.85,4,single,unique,dev,train,Poor,day,city_street,World,academic-noncommercial; see paper vs kaggle,True,600bb132a31eaca2edf3e222ef091e0e
roadside,ACCIDENT_real,video52_00,real_videos/video52_00.mp4,video52,accident_time,4.066667,80,19.568528415444884,13.133333,257,9.066666000000001,2,t-bone,unique,train,train,Fine,night,signalized_intersection,World,academic-noncommercial; see paper vs kaggle,True,2dafb148a33c3886b50e0edba58a55f1
roadside,ACCIDENT_real,video56_00,real_videos/video56_00.mp4,video56,accident_time,1.125,27,23.99999937459285,12.791667,307,11.666667,2,t-bone,unique,train,train,Poor,night,signalized_intersection,World,academic-noncommercial; see paper vs kaggle,True,a9b0d39daf5198c6990c59c312d8b62a
roadside,ACCIDENT_real,video57_00,real_videos/video57_00.mp4,video57,accident_time,2.7,70,25.942028985507246,6.9,179,4.2,2,t-bone,unique,train,train,Fine,night,signalized_intersection,World,academic-noncommercial; see paper vs kaggle,True,445399baf73c6b489b8b4e48ae4585b8
roadside,ACCIDENT_real,video60_00,real_videos/video60_00.mp4,video60,accident_time,6.3,165,25.367646685769902,22.666667,575,16.366667,0,head-on,unique,train,train,Good,day,simple_intersection,World,academic-noncommercial; see paper vs kaggle,True,55c8bacf0aee26aa039790c819fbfc2c
roadside,ACCIDENT_real,video72_00,real_videos/video72_00.mp4,video72,accident_time,1.633333,41,17.404580816968732,8.733333,152,7.1,3,sideswipe,unique,train,train,Poor,day,city_street,World,academic-noncommercial; see paper vs kaggle,True,bbe9c3326630227b17d39224a1ec5df5
roadside,ACCIDENT_real,hFaYR4zsGzA_00,real_videos/hFaYR4zsGzA_00.mp4,hFaYR4zsGzA,accident_time,19.08,433,22.663551401869157,29.96,679,10.880000000000003,0,head-on,unique,test,train,Good,day,signalized_intersection,World,academic-noncommercial; see paper vs kaggle,True,87fcbba75f9ae19fc460339c71f7e3f3
roadside,ACCIDENT_real,4qfPNqggweo_00,real_videos/4qfPNqggweo_00.mp4,4qfPNqggweo,accident_time,6.233333,143,17.148362235067438,51.9,890,45.666667,2,t-bone,unique,test,train,Fine,night,signalized_intersection,World,academic-noncommercial; see paper vs kaggle,True,ffcb52f237b7d259967f2f8e4762c5d9
roadside,ACCIDENT_real,6wze8ucfW1g_00,real_videos/6wze8ucfW1g_00.mp4,6wze8ucfW1g,accident_time,5.005,62,12.280119482243611,30.13,370,25.125,4,single,unique,test,train,Good,night,signalized_intersection,World,academic-noncommercial; see paper vs kaggle,True,be85f1ee0bda03cf4b0e8d7e2e8f0cf0
roadside,ACCIDENT_real,v_i8N0-kt2w_00,real_videos/v_i8N0-kt2w_00.mp4,v_i8N0-kt2w,accident_time,11.04,264,24.49238578680203,23.64,579,12.600000000000001,2,t-bone,unique,test,train,Good,night,signalized_intersection,World,academic-noncommercial; see paper vs kaggle,True,875b4dfa04ca7d079f134bfc515c5e68
roadside,ACCIDENT_real,PVYTq0m-OR0_00,real_videos/PVYTq0m-OR0_00.mp4,PVYTq0m-OR0,accident_time,8.113207000000001,192,23.665117875089344,8.113207000000001,192,0.0,1,rear-end,unique,test,train,Fine,night,signalized_intersection,World,academic-noncommercial; see paper vs kaggle,True,2e9d1a67cf3906953a199a33249eceb9
roadside,ACCIDENT_real,KPyyCBJKS98_00,real_videos/KPyyCBJKS98_00.mp4,KPyyCBJKS98,accident_time,18.552,184,9.900227281482337,25.959,257,7.407,2,t-bone,unique,test,train,Excellent,day,city_street,World,academic-noncommercial; see paper vs kaggle,True,65dc42986d6f43a5cb14cc51161283ab
roadside,ACCIDENT_real,Hg0kgEuDppk_00,real_videos/Hg0kgEuDppk_00.mp4,Hg0kgEuDppk,accident_time,1.017,25,16.638381418255634,30.051,500,29.034,3,sideswipe,unique,test,train,Good,night,city_street,World,academic-noncommercial; see paper vs kaggle,True,d89e85bfcbb2e520d6920990fca17bae
roadside,ACCIDENT_real,OehnhIPFm4Q_00,real_videos/OehnhIPFm4Q_00.mp4,OehnhIPFm4Q,accident_time,3.2399999999999998,59,20.416666666666664,4.800000000000001,98,1.560000000000001,4,single,unique,train,train,Good,night,highway,UAE,academic-noncommercial; see paper vs kaggle,True,5aa54f6556283e77ca58dae04e8ba5aa
roadside,ACCIDENT_real,OehnhIPFm4Q_01,real_videos/OehnhIPFm4Q_01.mp4,OehnhIPFm4Q,accident_time,2.68,67,25.0,5.88,147,3.1999999999999997,1,rear-end,unique,test,train,Excellent,day,highway,UAE,academic-noncommercial; see paper vs kaggle,True,b3a160ff68bd0fdf0e4b4ea6d481f91b
roadside,ACCIDENT_real,OehnhIPFm4Q_02,real_videos/OehnhIPFm4Q_02.mp4,OehnhIPFm4Q,accident_time,3.84,96,25.0,5.8,145,1.96,4,single,unique,test,train,Excellent,day,highway,UAE,academic-noncommercial; see paper vs kaggle,True,b6c8c21b48e4be0ad547412a2827cbd9
roadside,ACCIDENT_real,OehnhIPFm4Q_03,real_videos/OehnhIPFm4Q_03.mp4,OehnhIPFm4Q,accident_time,4.12,103,25.0,5.96,149,1.8399999999999999,4,single,unique,train,train,Good,night,highway,UAE,academic-noncommercial; see paper vs kaggle,True,d102177aebdf72ab0c50588ab6d8096f
roadside,ACCIDENT_real,OehnhIPFm4Q_04,real_videos/OehnhIPFm4Q_04.mp4,OehnhIPFm4Q,accident_time,5.92,148,25.000000000000004,8.12,203,2.1999999999999993,2,t-bone,unique,test,train,Excellent,day,highway,UAE,academic-noncommercial; see paper vs kaggle,True,86181d449915c25e96c85908acafadb1
roadside,ACCIDENT_real,kd7QwQqeJZQ_00,real_videos/kd7QwQqeJZQ_00.mp4,kd7QwQqeJZQ,accident_time,2.7199999999999998,67,24.798387096774192,4.96,123,2.24,1,rear-end,unique,test,train,Excellent,day,highway,UAE,academic-noncommercial; see paper vs kaggle,True,6425e8325ebede170208ef256b2808e6
roadside,ACCIDENT_real,kd7QwQqeJZQ_01,real_videos/kd7QwQqeJZQ_01.mp4,kd7QwQqeJZQ,accident_time,4.48,102,23.68951612903226,9.92,235,5.4399999999999995,4,single,unique,train,train,Excellent,night,highway,UAE,academic-noncommercial; see paper vs kaggle,True,26318599e63dd73ee8cb0cb7f4ba6508
roadside,ACCIDENT_real,kd7QwQqeJZQ_02,real_videos/kd7QwQqeJZQ_02.mp4,kd7QwQqeJZQ,accident_time,4.08,102,25.000000000000004,5.4399999999999995,136,1.3599999999999994,1,rear-end,unique,train,train,Excellent,night,highway,UAE,academic-noncommercial; see paper vs kaggle,True,1f8d79df2c83cfa13f197d083246afbe
roadside,ACCIDENT_real,Nlb0EeukIEQ_00,real_videos/Nlb0EeukIEQ_00.mp4,Nlb0EeukIEQ,accident_time,1.1600000000000001,29,25.000000000000004,5.4799999999999995,137,4.319999999999999,1,rear-end,unique,test,train,Excellent,day,highway,UAE,academic-noncommercial; see paper vs kaggle,True,d05a6ed2aa3b66513d925138166d9128
roadside,ACCIDENT_real,KZl-FNCuiGs_00,real_videos/KZl-FNCuiGs_00.mp4,KZl-FNCuiGs,accident_time,6.32,142,22.8494623655914,7.4399999999999995,170,1.1199999999999992,1,rear-end,unique,test,train,Excellent,day,highway,UAE,academic-noncommercial; see paper vs kaggle,True,846671098bdbff7f8b4d18ef36d7791f
roadside,ACCIDENT_real,PoPhUbkrq9g_00,real_videos/PoPhUbkrq9g_00.mp4,PoPhUbkrq9g,accident_time,0.16000000000000014,4,23.21428571428571,2.24,52,2.08,2,t-bone,unique,test,train,Good,day,signalized_intersection,UAE,academic-noncommercial; see paper vs kaggle,True,927d89eae3107bb12ff5868a70b9bd00
roadside,ACCIDENT_real,zYgBOSbkY3A_00,real_videos/zYgBOSbkY3A_00.mp4,zYgBOSbkY3A,accident_time,0.92,17,22.289156626506024,3.32,74,2.4,2,t-bone,unique,test,train,Excellent,day,signalized_intersection,UAE,academic-noncommercial; see paper vs kaggle,True,5ce1a3c0bb1057732945b8b2798d7e3f
roadside,ACCIDENT_real,zYgBOSbkY3A_01,real_videos/zYgBOSbkY3A_01.mp4,zYgBOSbkY3A,accident_time,3.84,96,24.999999999999996,8.96,224,5.120000000000001,2,t-bone,unique,test,train,Good,day,signalized_intersection,UAE,academic-noncommercial; see paper vs kaggle,True,e7c843f4a29a3e9d4a134759ac0f13c9
roadside,ACCIDENT_real,T636miXHz3U_00,real_videos/T636miXHz3U_00.mp4,T636miXHz3U,accident_time,5.28,132,25.0,5.96,149,0.6799999999999997,4,single,unique,test,train,Excellent,day,highway,UAE,academic-noncommercial; see paper vs kaggle,True,8f8a400da235293c867e564e5a15bb14
roadside,ACCIDENT_real,2unYN0QzOFk_00,real_videos/2unYN0QzOFk_00.mp4,2unYN0QzOFk,accident_time,0.6799999999999999,17,25.000000000000004,3.4799999999999995,87,2.8,1,rear-end,unique,test,train,Fine,night,highway,UAE,academic-noncommercial; see paper vs kaggle,True,8a939c6522c83b568fa898b91ef0f4a2
roadside,ACCIDENT_real,1_F0r7KVJ1k_00,real_videos/1_F0r7KVJ1k_00.mp4,1_F0r7KVJ1k,accident_time,6.4,160,24.653979238754324,11.56,285,5.16,1,rear-end,unique,train,train,Good,night,highway,UAE,academic-noncommercial; see paper vs kaggle,True,19fa6994a160d79f982ee95f28128b33
roadside,ACCIDENT_real,e17Wq4Hpqlk_00,real_videos/e17Wq4Hpqlk_00.mp4,e17Wq4Hpqlk,accident_time,1.3199999999999998,33,25.0,4.84,121,3.52,0,head-on,unique,test,train,Good,day,signalized_intersection,UAE,academic-noncommercial; see paper vs kaggle,True,ad624c865b592b5277f387a198261942
roadside,ACCIDENT_real,e17Wq4Hpqlk_01,real_videos/e17Wq4Hpqlk_01.mp4,e17Wq4Hpqlk,accident_time,1.2,30,25.0,3.92,98,2.7199999999999998,0,head-on,unique,test,train,Good,day,signalized_intersection,UAE,academic-noncommercial; see paper vs kaggle,True,7e6af66ea83e1bfd02aa871d87c175de
roadside,ACCIDENT_real,e17Wq4Hpqlk_02,real_videos/e17Wq4Hpqlk_02.mp4,e17Wq4Hpqlk,accident_time,0.72,18,25.0,5.92,148,5.2,0,head-on,unique,test,train,Excellent,day,signalized_intersection,UAE,academic-noncommercial; see paper vs kaggle,True,c536d06b57e7a5fd98e82d5a6e786633
roadside,ACCIDENT_real,OY5bWBGoSwc_00,real_videos/OY5bWBGoSwc_00.mp4,OY5bWBGoSwc,accident_time,2.766666,69,24.96644630422098,4.966666,124,2.2,1,rear-end,unique,test,train,Excellent,day,highway,UAE,academic-noncommercial; see paper vs kaggle,True,ecc6712fd492b8ecbd4836d4e04ece3a
roadside,ACCIDENT_real,hdyWKrR5uCk_00,real_videos/hdyWKrR5uCk_00.mp4,hdyWKrR5uCk,accident_time,1.52,38,25.0,5.72,143,4.199999999999999,1,rear-end,unique,test,train,Excellent,day,city_street,UAE,academic-noncommercial; see paper vs kaggle,True,150f0fcb7f31cc8660c26d3966567788
roadside,ACCIDENT_real,hdyWKrR5uCk_01,real_videos/hdyWKrR5uCk_01.mp4,hdyWKrR5uCk,accident_time,1.44,36,25.0,5.96,149,4.52,2,t-bone,unique,test,train,Good,day,signalized_intersection,UAE,academic-noncommercial; see paper vs kaggle,True,767255cf690720f0f2d45c59766de893
roadside,ACCIDENT_real,NF5q7ye97l0_00,real_videos/NF5q7ye97l0_00.mp4,NF5q7ye97l0,accident_time,4.52,113,25.000000000000004,6.359999999999999,159,1.8399999999999999,1,rear-end,unique,test,train,Good,day,highway,UAE,academic-noncommercial; see paper vs kaggle,True,78f0036f7d646f13965f7af958694ff4
roadside,ACCIDENT_real,LeRsK6lfpK8_00,real_videos/LeRsK6lfpK8_00.mp4,LeRsK6lfpK8,accident_time,1.64,41,25.0,4.96,124,3.3200000000000003,2,t-bone,unique,test,train,Good,day,signalized_intersection,UAE,academic-noncommercial; see paper vs kaggle,True,1ccd7c8bd6f13239cf8abb347b6fb718
roadside,ACCIDENT_real,LeRsK6lfpK8_01,real_videos/LeRsK6lfpK8_01.mp4,LeRsK6lfpK8,accident_time,1.68,42,25.0,3.88,97,2.2,2,t-bone,unique,test,train,Good,day,signalized_intersection,UAE,academic-noncommercial; see paper vs kaggle,True,2b658b17a9dfcc21c727f3341f2622cc
roadside,ACCIDENT_real,LeRsK6lfpK8_02,real_videos/LeRsK6lfpK8_02.mp4,LeRsK6lfpK8,accident_time,5.52,138,25.0,6.32,158,0.8000000000000007,2,t-bone,unique,test,train,Excellent,day,signalized_intersection,UAE,academic-noncommercial; see paper vs kaggle,True,86dd835d2cd5fd87d490671e93044fb0
roadside,ACCIDENT_real,nEszisiy2ho_00,real_videos/nEszisiy2ho_00.mp4,nEszisiy2ho,accident_time,3.72,93,25.0,7.96,199,4.24,1,rear-end,unique,test,train,Good,day,highway,UAE,academic-noncommercial; see paper vs kaggle,True,e5587383c0f86c4906dfe511451a12df
roadside,ACCIDENT_real,jYai-crKZx8_00,real_videos/jYai-crKZx8_00.mp4,jYai-crKZx8,accident_time,0.6,13,21.969696969696972,1.3199999999999998,29,0.7199999999999999,2,t-bone,unique,test,train,Excellent,day,signalized_intersection,UAE,academic-noncommercial; see paper vs kaggle,True,155f908eda46b1a414bdf59f61b8a7b4
roadside,ACCIDENT_real,Y5oIfasCYJM_00,real_videos/Y5oIfasCYJM_00.mp4,Y5oIfasCYJM,accident_time,1.0,25,24.999999999999996,3.4400000000000004,86,2.4400000000000004,1,rear-end,unique,test,train,Excellent,night,highway,UAE,academic-noncommercial; see paper vs kaggle,True,216f6bb37a35465aaacb0f0723fb9fd1
roadside,ACCIDENT_real,ACcnz_yNp6Q_00,real_videos/ACcnz_yNp6Q_00.mp4,ACcnz_yNp6Q,accident_time,1.64,41,25.0,5.76,144,4.12,1,rear-end,unique,test,train,Excellent,day,highway,UAE,academic-noncommercial; see paper vs kaggle,True,8df1dfbb3dfd2daba9ffd8f66e91a988
roadside,ACCIDENT_real,65p17BwHTaw_00,real_videos/65p17BwHTaw_00.mp4,65p17BwHTaw,accident_time,1.2,30,25.0,5.96,149,4.76,4,single,unique,test,train,Good,day,highway,UAE,academic-noncommercial; see paper vs kaggle,True,3230358dc45d3cc3c2594f2a39880160
roadside,ACCIDENT_real,65p17BwHTaw_01,real_videos/65p17BwHTaw_01.mp4,65p17BwHTaw,accident_time,2.48,62,25.0,3.12,78,0.6400000000000001,4,single,unique,test,train,Good,day,highway,UAE,academic-noncommercial; see paper vs kaggle,True,50bae444aab3b24109797f0cfbab46da
roadside,ACCIDENT_real,q7UutMH5DTM_00,real_videos/q7UutMH5DTM_00.mp4,q7UutMH5DTM,accident_time,0.6000000000000001,15,24.999999999999996,7.600000000000001,190,7.000000000000002,1,rear-end,unique,test,train,Excellent,day,highway,UAE,academic-noncommercial; see paper vs kaggle,True,500a2daded9b567ccd1f7c5426dc0aa1
roadside,ACCIDENT_real,YueG1zLkV8o_00,real_videos/YueG1zLkV8o_00.mp4,YueG1zLkV8o,accident_time,2.16,54,24.999999999999996,2.4400000000000004,61,0.28000000000000025,1,rear-end,unique,train,train,Good,night,highway,UAE,academic-noncommercial; see paper vs kaggle,True,668db5ac442b8fc756b745818d31f82f
roadside,ACCIDENT_real,YueG1zLkV8o_01,real_videos/YueG1zLkV8o_01.mp4,YueG1zLkV8o,accident_time,4.8,120,25.0,6.16,154,1.3600000000000003,3,sideswipe,unique,test,train,Excellent,day,highway,UAE,academic-noncommercial; see paper vs kaggle,True,1b8cbc038a9eda09212ca959f47a6545
roadside,ACCIDENT_real,YueG1zLkV8o_02,real_videos/YueG1zLkV8o_02.mp4,YueG1zLkV8o,accident_time,5.24,131,24.999999999999996,7.840000000000001,196,2.6000000000000005,4,single,unique,test,train,Good,day,highway,UAE,academic-noncommercial; see paper vs kaggle,True,61873df9da496bb117238e4d5bea0ffe
roadside,ACCIDENT_real,U53oza5hHEM_00,real_videos/U53oza5hHEM_00.mp4,U53oza5hHEM,accident_time,1.44,36,25.0,5.56,139,4.119999999999999,1,rear-end,unique,test,train,Good,day,highway,UAE,academic-noncommercial; see paper vs kaggle,True,9add2bd659930b50d8c2f222dd2c9504
roadside,ACCIDENT_real,X5RwksTFZW8_00,real_videos/X5RwksTFZW8_00.mp4,X5RwksTFZW8,accident_time,4.64,25,7.352941176470588,21.76,160,17.12,2,t-bone,unique,test,train,Good,day,parking_lot,World,academic-noncommercial; see paper vs kaggle,True,03ab156f17624d4135aa6fdeefdb7a98
roadside,ACCIDENT_real,987C4_UdnJE_00,real_videos/987C4_UdnJE_00.mp4,987C4_UdnJE,accident_time,0.8,16,20.833333333333332,3.12,65,2.3200000000000003,2,t-bone,unique,test,train,Good,day,signalized_intersection,UAE,academic-noncommercial; see paper vs kaggle,True,998e5c5c6b0c8b312ca9edee21749419
roadside,ACCIDENT_real,987C4_UdnJE_01,real_videos/987C4_UdnJE_01.mp4,987C4_UdnJE,accident_time,1.92,39,20.121951219512194,4.92,99,3.0,2,t-bone,unique,test,train,Good,day,signalized_intersection,UAE,academic-noncommercial; see paper vs kaggle,True,4631452b8ebc4b577b945874f4ecdd8f
roadside,ACCIDENT_real,eQvvIoDMXzY_00,real_videos/eQvvIoDMXzY_00.mp4,eQvvIoDMXzY,accident_time,6.644433,148,23.046490714071023,12.453089,287,5.808656,4,single,unique,test,train,Fine,day,highway,World,academic-noncommercial; see paper vs kaggle,True,5e4e1c7807a0695b3cbffc2f351fd97b
roadside,ACCIDENT_real,eQvvIoDMXzY_01,real_videos/eQvvIoDMXzY_01.mp4,eQvvIoDMXzY,accident_time,5.390767,118,20.304078042349683,22.064533,448,16.673766,4,single,unique,test,train,Poor,day,highway,World,academic-noncommercial; see paper vs kaggle,True,3a5ce5794fd2065061bb5771ffa6862d
roadside,ACCIDENT_real,ZftLPdDo5K8_00,real_videos/ZftLPdDo5K8_00.mp4,ZftLPdDo5K8,accident_time,3.625,54,14.987649375792778,29.958,449,26.333,4,single,unique,dev,test,Poor,day,highway,Virginia,academic-noncommercial; see paper vs kaggle,True,145292b14e359a137743fb04be8c0db3
